codigo_item,codigo_produto,codigo_pedido,quantidade
1,17,782,1
2,28,7086,1
3,42,306,3
4,10,4540,1
5,46,1656,2
6,52,1716,3
7,31,2101,3
8,14,1747,1
9,59,5527,3
10,9,5132,1
11,53,1295,2
12,10,1342,1
13,4,3745,1
14,60,6997,1
15,26,6093,2
16,20,120,1
17,7,4489,1
18,27,3429,2
19,45,4112,1
20,32,1481,1
21,47,7556,1
22,58,1364,2
23,12,7161,1
24,32,3974,1
25,23,7877,1
26,28,1758,3
27,45,7,1
28,28,1153,2
29,32,620,2
30,42,2046,3
31,11,6998,1
32,35,2159,1
33,34,2193,1
34,46,7614,3
35,34,4525,3
36,54,7896,1
37,58,5529,2
38,30,6369,1
39,57,3609,2
40,53,5469,2
41,55,331,3
42,27,7575,1
43,56,1668,1
44,29,6564,1
45,11,425,1
46,45,5785,2
47,51,7361,3
48,55,94,4
49,12,3593,1
50,31,7284,3
51,5,7581,1
52,27,1368,1
53,46,5177,2
54,13,554,1
55,37,7346,1
56,25,173,1
57,55,3052,1
58,50,368,2
59,32,1182,2
60,9,3138,1
61,37,3142,3
62,24,6238,1
63,25,6466,1
64,42,1912,1
65,24,4881,1
66,20,6975,1
67,22,4189,1
68,26,2601,2
69,30,4349,1
70,19,6811,1
71,21,6277,1
72,41,7759,1
73,39,7525,1
74,26,2658,2
75,28,2015,2
76,30,2301,1
77,18,3617,1
78,40,3814,1
79,23,3681,1
80,56,7513,1
81,21,3746,1
82,5,4803,1
83,39,4197,1
84,11,7401,1
85,46,5853,1
86,9,3298,1
87,41,5570,1
88,44,942,2
89,57,7124,1
90,31,881,3
91,55,1989,3
92,20,5311,1
93,32,2952,3
94,56,4392,3
95,22,5063,1
96,23,1823,1
97,6,4257,1
98,1,3821,1
99,12,1369,1
100,20,5963,1
101,16,180,1
102,11,868,1
103,48,4798,1
104,22,7779,1
105,55,3699,2
106,55,912,1
107,24,367,1
108,35,6046,1
109,19,7144,1
110,57,6683,1
111,4,3004,1
112,34,5159,2
113,43,7791,3
114,9,4283,1
115,56,1299,1
116,22,4410,1
117,12,5780,1
118,25,2991,1
119,52,700,3
120,28,621,2
121,29,798,2
122,45,1026,1
123,28,6518,2
124,34,2802,1
125,39,3201,1
126,59,2825,2
127,4,6531,1
128,2,7387,1
129,10,7537,1
130,12,4521,1
131,29,3321,2
132,24,3854,1
133,37,7885,1
134,57,2110,2
135,28,6830,1
136,35,1696,1
137,44,3431,1
138,44,6474,1
139,18,161,1
140,50,6978,1
141,53,1399,2
142,50,6134,1
143,27,7602,1
144,59,3591,3
145,11,7250,1
146,57,3082,2
147,26,2725,2
148,54,1751,1
149,29,7587,1
150,27,296,2
151,49,2844,1
152,11,4973,1
153,51,3485,2
154,50,2248,2
155,50,5872,1
156,3,4870,1
157,52,83,3
158,35,2685,1
159,35,288,1
160,59,4606,1
161,19,4924,1
162,46,4683,2
163,50,985,1
164,57,2797,1
165,49,2985,1
166,43,270,2
167,56,5139,1
168,20,1827,1
169,32,4157,2
170,51,2910,2
171,45,6031,2
172,7,7772,1
173,55,114,4
174,32,6846,2
175,57,1542,2
176,35,5161,1
177,24,3859,1
178,48,1391,1
179,40,627,1
180,59,4970,3
181,21,701,1
182,44,2026,2
183,1,3219,1
184,58,2123,3
185,7,1374,1
186,52,2605,1
187,16,5281,1
188,42,6304,3
189,45,3624,1
190,53,7504,2
191,44,6202,1
192,60,6398,1
193,52,1928,1
194,38,1927,1
195,22,1657,1
196,59,4518,2
197,27,5880,1
198,51,6071,2
199,25,4586,1
200,29,1393,1
201,9,860,1
202,20,4829,1
203,37,6885,2
204,38,6976,1
205,52,5611,2
206,47,5548,1
207,3,332,1
208,15,4429,1
209,43,7319,3
210,23,2340,1
211,49,7216,1
212,5,38,1
213,3,3793,1
214,12,3666,1
215,59,1573,3
216,4,3391,1
217,39,3357,1
218,30,7048,1
219,58,6539,1
220,20,2334,1
221,54,6232,1
222,3,5852,1
223,31,6639,1
224,51,67,3
225,11,7015,1
226,26,6219,2
227,25,561,1
228,40,1479,1
229,23,1734,1
230,29,2127,2
231,57,348,3
232,42,6847,1
233,48,3557,1
234,26,1426,3
235,58,2995,1
236,43,7252,1
237,3,7653,1
238,1,5180,1
239,18,6732,1
240,36,3382,1
241,2,7621,1
242,11,2104,1
243,17,5262,1
244,31,2701,1
245,55,4399,3
246,15,5851,1
247,52,4978,3
248,3,1351,1
249,26,1004,2
250,22,1718,1
251,27,6599,1
252,10,6141,1
253,25,5581,1
254,23,3543,1
255,22,3008,1
256,11,6799,1
257,57,4184,1
258,17,4860,1
259,52,4262,1
260,33,6173,2
261,56,4865,1
262,19,2477,1
263,56,5239,1
264,22,5688,1
265,52,3770,2
266,35,2721,1
267,60,4565,1
268,12,1468,1
269,11,2720,1
270,29,3368,2
271,1,1510,1
272,40,175,1
273,6,4391,1
274,19,6600,1
275,4,2821,1
276,42,5593,2
277,26,692,3
278,59,2036,1
279,20,4911,1
280,37,4402,1
281,55,6797,3
282,7,1227,1
283,50,2480,4
284,46,7077,1
285,5,6305,1
286,12,1718,1
287,2,4237,1
288,38,5704,1
289,6,454,1
290,19,5507,1
291,14,2039,1
292,55,3644,2
293,49,2090,1
294,46,7809,1
295,50,1088,3
296,53,3345,1
297,60,7180,1
298,7,5933,1
299,32,68,1
300,26,839,1
301,5,2931,1
302,52,4279,2
303,3,1479,1
304,9,5798,1
305,51,5879,2
306,30,1647,1
307,21,6062,1
308,19,7454,1
309,24,5600,1
310,34,6106,3
311,56,3398,1
312,33,6774,3
313,50,3864,1
314,55,3538,2
315,1,1904,1
316,35,1856,1
317,15,5666,1
318,51,6570,1
319,39,6893,1
320,20,3313,1
321,11,1260,1
322,6,1711,1
323,25,6499,1
324,7,5473,1
325,7,734,1
326,4,6688,1
327,10,2495,1
328,13,657,1
329,25,3919,1
330,4,5175,1
331,16,3986,1
332,54,4009,4
333,14,5565,1
334,45,7100,2
335,15,2590,1
336,47,527,1
337,58,2621,1
338,32,7223,2
339,34,7143,2
340,31,5952,2
341,20,1658,1
342,41,4507,1
343,18,5230,1
344,53,1929,3
345,44,5950,3
346,56,4924,1
347,8,3024,1
348,4,7810,1
349,25,5870,1
350,53,3159,3
351,29,344,4
352,14,1445,1
353,32,1788,1
354,50,3501,2
355,1,5999,1
356,5,5328,1
357,20,6577,1
358,25,6851,1
359,6,3806,1
360,9,3795,1
361,32,3328,3
362,42,1029,4
363,19,1754,1
364,15,4809,1
365,11,7862,1
366,49,144,1
367,5,4432,1
368,20,7530,1
369,27,2493,1
370,47,7674,1
371,36,7037,1
372,24,6839,1
373,47,2363,3
374,5,2601,1
375,28,5845,2
376,50,7939,3
377,11,7873,1
378,20,3902,1
379,26,7022,1
380,25,7644,1
381,23,6226,1
382,49,7416,1
383,30,4148,1
384,50,7642,1
385,55,1287,1
386,59,4639,3
387,32,4716,1
388,32,1260,2
389,34,2669,1
390,57,7254,2
391,7,4396,1
392,22,6825,1
393,16,4351,1
394,21,5714,1
395,56,146,2
396,56,3097,2
397,59,7668,2
398,4,3683,1
399,15,6393,1
400,25,325,1
401,54,4888,1
402,1,7429,1
403,6,4353,1
404,24,4961,1
405,3,7224,1
406,31,2051,1
407,43,5274,1
408,14,3498,1
409,16,6246,1
410,12,7177,1
411,44,2206,2
412,48,3468,1
413,16,4946,1
414,4,532,1
415,10,6882,1
416,42,1520,2
417,47,52,3
418,55,2497,3
419,46,4392,2
420,13,4129,1
421,20,1193,1
422,27,7117,3
423,34,4288,2
424,42,82,3
425,28,3247,3
426,35,1981,1
427,39,1336,1
428,42,1223,3
429,38,2115,1
430,5,4396,1
431,36,2084,1
432,28,51,1
433,19,6649,1
434,2,2843,1
435,21,695,1
436,23,2379,1
437,8,5537,1
438,51,3050,2
439,44,2643,2
440,23,3888,1
441,50,5612,1
442,6,1319,1
443,25,3342,1
444,9,3438,1
445,24,5984,1
446,46,1817,1
447,31,7889,1
448,17,6421,1
449,43,2070,1
450,52,6421,2
451,26,3992,2
452,54,5096,2
453,29,1534,2
454,25,6972,1
455,24,4398,1
456,14,2227,1
457,32,1369,1
458,34,5978,2
459,2,3505,1
460,6,7790,1
461,46,6087,1
462,22,2951,1
463,53,5679,1
464,39,5933,1
465,9,5096,1
466,37,400,3
467,11,5883,1
468,53,5614,2
469,19,7233,1
470,5,5778,1
471,37,2671,1
472,23,1226,1
473,42,7751,3
474,6,1175,1
475,6,4358,1
476,48,724,1
477,58,1983,1
478,40,1671,1
479,2,514,1
480,7,6131,1
481,55,7142,1
482,10,2941,1
483,14,1588,1
484,24,6229,1
485,24,7644,1
486,9,3115,1
487,24,6405,1
488,19,4471,1
489,1,2871,1
490,18,3209,1
491,17,2624,1
492,58,2707,1
493,9,4317,1
494,30,7508,1
495,27,4484,3
496,40,1338,1
497,35,2,1
498,57,2795,2
499,17,1267,1
500,40,6934,1
501,27,4258,2
502,51,7933,3
503,27,2756,1
504,43,134,1
505,53,5807,1
506,33,4641,2
507,20,3518,1
508,26,3845,2
509,35,116,1
510,11,782,1
511,47,1326,2
512,33,7798,2
513,36,3146,1
514,14,3489,1
515,49,4424,1
516,10,6176,1
517,22,2893,1
518,20,6590,1
519,16,274,1
520,36,443,1
521,43,1370,1
522,49,5837,1
523,27,5642,2
524,54,4316,3
525,13,7361,1
526,2,400,1
527,38,2038,1
528,16,7817,1
529,12,7043,1
530,43,7842,2
531,32,988,3
532,52,3764,1
533,46,6520,1
534,6,5684,1
535,54,4290,3
536,41,4757,1
537,30,7535,1
538,30,4436,1
539,45,1279,1
540,45,4208,1
541,34,3078,3
542,35,7869,1
543,16,2939,1
544,44,378,1
545,54,947,2
546,24,2310,1
547,36,6263,1
548,35,6022,1
549,3,5082,1
550,51,6532,2
551,16,2710,1
552,56,5840,4
553,9,3960,1
554,13,1111,1
555,19,2494,1
556,49,7283,1
557,7,6537,1
558,55,425,3
559,3,5879,1
560,2,4958,1
561,50,5195,4
562,30,2140,1
563,22,5863,1
564,46,7918,1
565,59,1839,1
566,35,1458,1
567,7,6211,1
568,7,2310,1
569,42,3129,3
570,7,952,1
571,11,164,1
572,6,2595,1
573,3,4053,1
574,48,1242,1
575,42,3089,1
576,34,5260,1
577,47,6608,1
578,25,3600,1
579,13,1355,1
580,60,1222,1
581,38,6548,1
582,37,7282,1
583,57,5418,2
584,25,3127,1
585,2,2826,1
586,41,3790,1
587,38,5920,1
588,2,772,1
589,3,196,1
590,25,6518,1
591,30,1343,1
592,53,2300,2
593,6,7450,1
594,16,6982,1
595,17,5411,1
596,48,1615,1
597,23,1450,1
598,10,2930,1
599,19,1230,1
600,13,5440,1
601,37,4327,4
602,15,3773,1
603,4,2373,1
604,39,737,1
605,25,3301,1
606,37,4201,2
607,46,139,2
608,44,6009,3
609,40,7310,1
610,34,6529,2
611,30,6710,1
612,6,7800,1
613,1,5116,1
614,50,1230,3
615,11,6714,1
616,51,4080,2
617,25,6565,1
618,46,6296,1
619,12,2049,1
620,58,7607,1
621,26,3704,1
622,13,55,1
623,3,2549,1
624,34,3338,2
625,22,4506,1
626,57,7112,1
627,1,3362,1
628,46,2458,3
629,23,2571,1
630,33,6509,2
631,14,3923,1
632,45,6465,4
633,45,358,1
634,56,1064,3
635,4,4800,1
636,60,4531,1
637,41,7269,1
638,16,6884,1
639,47,3044,2
640,51,1218,2
641,21,2105,1
642,3,1201,1
643,6,1338,1
644,13,1227,1
645,33,2504,2
646,28,6458,3
647,14,2766,1
648,7,3793,1
649,21,1732,1
650,56,7895,1
651,54,4480,1
652,42,4016,1
653,58,3790,3
654,6,1321,1
655,26,3658,1
656,16,1128,1
657,43,4918,1
658,5,1543,1
659,53,2634,1
660,45,2062,1
661,33,7895,4
662,59,1327,3
663,57,3250,1
664,60,6010,1
665,32,7910,1
666,16,5699,1
667,44,1380,2
668,37,7706,1
669,19,6110,1
670,2,6630,1
671,31,1214,1
672,1,7434,1
673,2,2483,1
674,17,389,1
675,20,7786,1
676,26,3710,1
677,2,2352,1
678,49,1936,1
679,18,4048,1
680,37,2458,1
681,32,6448,1
682,44,3256,1
683,31,3540,1
684,37,4578,3
685,18,3086,1
686,28,7829,2
687,52,5848,1
688,60,812,1
689,25,6871,1
690,58,4116,1
691,53,68,1
692,41,5828,1
693,44,5256,4
694,15,6821,1
695,36,7329,1
696,34,5225,1
697,20,4270,1
698,57,2790,2
699,3,5429,1
700,29,7539,1
701,31,263,2
702,23,4697,1
703,41,1150,1
704,12,6748,1
705,3,6852,1
706,34,2128,2
707,57,2723,3
708,22,2001,1
709,47,3518,1
710,6,5325,1
711,55,2331,1
712,9,5714,1
713,47,275,4
714,53,5000,1
715,25,1665,1
716,27,117,1
717,41,7668,1
718,29,4820,1
719,40,2019,1
720,7,6615,1
721,48,4275,1
722,11,4199,1
723,57,5182,3
724,33,7620,3
725,59,4139,1
726,46,1102,3
727,17,1689,1
728,46,5293,2
729,32,999,2
730,18,7739,1
731,45,340,2
732,1,1495,1
733,44,3883,2
734,25,4110,1
735,33,3611,2
736,36,2329,1
737,5,213,1
738,49,4567,1
739,9,2911,1
740,44,3146,2
741,18,96,1
742,25,1828,1
743,6,1071,1
744,36,5019,1
745,21,1276,1
746,34,242,3
747,24,403,1
748,18,3509,1
749,29,2640,2
750,51,3978,2
751,46,7280,1
752,18,7114,1
753,52,2057,1
754,39,7614,1
755,37,5219,1
756,3,5300,1
757,29,3653,3
758,10,4953,1
759,53,3347,1
760,15,7087,1
761,4,2561,1
762,11,4953,1
763,28,6671,2
764,2,7271,1
765,56,5124,3
766,20,64,1
767,29,2997,1
768,48,28,1
769,6,3671,1
770,36,1293,1
771,28,5707,1
772,59,1952,1
773,21,53,1
774,58,2926,2
775,35,2834,1
776,23,3875,1
777,23,6402,1
778,20,5476,1
779,44,6501,1
780,41,7906,1
781,53,3861,1
782,18,3324,1
783,54,3993,1
784,22,428,1
785,36,7661,1
786,42,498,2
787,18,378,1
788,32,974,3
789,21,4992,1
790,19,4536,1
791,1,893,1
792,51,2030,2
793,31,5307,1
794,38,7670,1
795,42,2152,1
796,38,6398,1
797,26,7927,3
798,19,6775,1
799,20,5920,1
800,19,3317,1
801,59,152,3
802,24,3983,1
803,15,5676,1
804,44,4007,1
805,58,2065,3
806,15,2103,1
807,35,6519,1
808,1,6434,1
809,27,6757,2
810,37,301,2
811,5,6559,1
812,42,5006,1
813,50,7574,2
814,4,1273,1
815,21,6638,1
816,49,7331,1
817,25,6236,1
818,28,3133,1
819,52,7814,2
820,36,1519,1
821,48,1480,1
822,21,94,1
823,54,1615,1
824,17,3141,1
825,9,1379,1
826,54,1553,1
827,2,2191,1
828,43,6729,1
829,20,3354,1
830,51,1800,2
831,21,1025,1
832,38,3597,1
833,13,601,1
834,54,5584,3
835,10,4426,1
836,32,7663,3
837,40,6367,1
838,31,6295,1
839,36,4434,1
840,7,7432,1
841,36,2857,1
842,25,1767,1
843,17,3506,1
844,5,3019,1
845,44,7642,1
846,14,5024,1
847,36,7902,1
848,21,6939,1
849,44,4008,3
850,16,6531,1
851,20,3831,1
852,54,5312,1
853,26,2636,1
854,23,3626,1
855,45,644,1
856,30,2172,1
857,60,4613,1
858,25,5524,1
859,7,2168,1
860,19,6001,1
861,26,3312,4
862,3,6773,1
863,58,2122,2
864,52,7440,2
865,46,4160,3
866,40,1135,1
867,46,2369,1
868,46,6722,2
869,40,1275,1
870,19,6549,1
871,14,5393,1
872,60,4781,1
873,45,6092,2
874,27,5298,1
875,34,4450,1
876,51,7525,3
877,25,1786,1
878,20,4877,1
879,59,1637,2
880,54,2367,1
881,40,7682,1
882,53,3924,1
883,49,4001,1
884,32,3253,1
885,31,690,2
886,33,4119,1
887,16,3632,1
888,49,2658,1
889,28,6783,3
890,56,3179,1
891,60,6567,1
892,6,1092,1
893,21,7119,1
894,32,4558,1
895,1,2186,1
896,38,1515,1
897,7,2693,1
898,55,7023,1
899,39,3877,1
900,21,3303,1
901,11,6489,1
902,14,4587,1
903,57,2977,1
904,30,4289,1
905,40,2986,1
906,34,3068,1
907,26,5155,3
908,12,4076,1
909,55,2430,1
910,55,1943,2
911,39,202,1
912,60,459,1
913,24,5165,1
914,9,6003,1
915,35,7110,1
916,40,4941,1
917,6,1282,1
918,9,1817,1
919,27,2582,3
920,52,5433,2
921,35,2259,1
922,58,4380,2
923,4,2404,1
924,52,7116,2
925,12,4490,1
926,48,4355,1
927,4,335,1
928,2,1190,1
929,9,6014,1
930,1,3087,1
931,42,416,1
932,46,5394,3
933,56,7937,4
934,14,3385,1
935,43,7100,1
936,31,6984,3
937,18,384,1
938,5,2860,1
939,42,5725,2
940,39,2744,1
941,35,5034,1
942,60,7146,1
943,52,5036,3
944,52,727,1
945,46,645,3
946,32,7466,3
947,20,6091,1
948,51,7235,2
949,27,1429,1
950,11,3611,1
951,38,6394,1
952,24,5578,1
953,44,3557,2
954,44,5883,3
955,42,3178,2
956,30,2467,1
957,25,5045,1
958,38,4221,1
959,18,6491,1
960,52,1320,3
961,11,1038,1
962,9,5369,1
963,19,2849,1
964,16,6578,1
965,25,2337,1
966,40,61,1
967,7,3167,1
968,22,6750,1
969,37,2130,1
970,50,7704,3
971,25,7188,1
972,38,5787,1
973,41,200,1
974,46,6742,1
975,8,3557,1
976,34,7067,2
977,45,2281,3
978,4,7882,1
979,46,1884,3
980,16,4484,1
981,36,741,1
982,40,1824,1
983,50,2205,1
984,11,2848,1
985,11,3474,1
986,48,1941,1
987,9,2313,1
988,22,7550,1
989,56,6282,3
990,45,6150,2
991,14,7608,1
992,51,1275,1
993,27,380,3
994,45,5964,2
995,10,5710,1
996,54,4300,1
997,7,35,1
998,55,6303,3
999,41,4669,1
1000,53,3165,1
1001,4,66,1
1002,60,1684,1
1003,17,1002,1
1004,42,6546,1
1005,51,721,4
1006,21,6390,1
1007,35,5547,1
1008,46,1851,1
1009,44,47,1
1010,31,7821,3
1011,55,2599,3
1012,48,310,1
1013,10,7517,1
1014,9,5484,1
1015,50,7257,1
1016,4,7063,1
1017,22,6281,1
1018,1,6869,1
1019,18,79,1
1020,40,5847,1
1021,13,150,1
1022,31,1525,2
1023,14,4541,1
1024,29,4870,2
1025,12,280,1
1026,45,2740,2
1027,44,4147,2
1028,53,7529,1
1029,12,6100,1
1030,57,7321,3
1031,44,291,2
1032,13,1086,1
1033,43,725,1
1034,22,5799,1
1035,3,4646,1
1036,9,6022,1
1037,32,2961,2
1038,49,6042,1
1039,20,3933,1
1040,21,4750,1
1041,42,6453,4
1042,50,679,1
1043,10,3371,1
1044,30,6235,1
1045,24,4508,1
1046,11,3194,1
1047,40,3682,1
1048,57,6178,2
1049,54,4661,4
1050,35,4206,1
1051,47,1691,2
1052,24,4535,1
1053,57,1467,3
1054,4,1316,1
1055,25,5215,1
1056,33,7208,1
1057,24,622,1
1058,59,6231,1
1059,8,626,1
1060,21,751,1
1061,19,3591,1
1062,22,4377,1
1063,43,4562,3
1064,19,6202,1
1065,55,6507,2
1066,49,5926,1
1067,57,4092,2
1068,45,3617,2
1069,29,6064,1
1070,1,7749,1
1071,37,921,1
1072,42,362,3
1073,36,6258,1
1074,4,3967,1
1075,6,5432,1
1076,13,2938,1
1077,8,5675,1
1078,5,1822,1
1079,3,2908,1
1080,11,6516,1
1081,38,602,1
1082,59,7918,1
1083,34,1011,1
1084,23,7522,1
1085,12,2134,1
1086,7,7020,1
1087,28,6085,3
1088,42,6663,3
1089,48,5171,1
1090,22,4610,1
1091,30,7332,1
1092,20,780,1
1093,29,4982,1
1094,60,7559,1
1095,56,5485,2
1096,17,5764,1
1097,46,4274,1
1098,34,6408,1
1099,35,1398,1
1100,10,963,1
1101,59,5193,3
1102,4,3363,1
1103,13,2009,1
1104,59,5890,1
1105,15,766,1
1106,3,2594,1
1107,48,5147,1
1108,55,2412,1
1109,47,4018,1
1110,32,4138,1
1111,60,7162,1
1112,37,4293,1
1113,57,4248,1
1114,29,5834,1
1115,48,2139,1
1116,48,6778,1
1117,46,3638,3
1118,56,2525,2
1119,2,5478,1
1120,20,3672,1
1121,36,1109,1
1122,54,3595,1
1123,50,7779,1
1124,42,6097,1
1125,52,5625,1
1126,60,551,1
1127,44,614,2
1128,21,4068,1
1129,45,5466,2
1130,20,1891,1
1131,25,5034,1
1132,60,4416,1
1133,6,2447,1
1134,29,1313,3
1135,47,1352,3
1136,26,5592,1
1137,8,3290,1
1138,2,3370,1
1139,7,1851,1
1140,25,5839,1
1141,35,973,1
1142,44,7058,1
1143,35,4412,1
1144,59,6658,1
1145,4,404,1
1146,57,7053,2
1147,44,4091,3
1148,43,3169,1
1149,7,3903,1
1150,10,4724,1
1151,12,6210,1
1152,33,3700,3
1153,39,7822,1
1154,27,4879,3
1155,17,2341,1
1156,4,3251,1
1157,8,4670,1
1158,18,5949,1
1159,32,176,1
1160,35,3871,1
1161,18,1211,1
1162,39,5950,1
1163,12,3151,1
1164,4,6504,1
1165,5,6075,1
1166,15,4980,1
1167,15,6427,1
1168,36,6991,1
1169,54,5807,1
1170,25,7124,1
1171,53,6828,2
1172,22,350,1
1173,24,6777,1
1174,46,3966,3
1175,8,6153,1
1176,9,1559,1
1177,54,5506,1
1178,13,7057,1
1179,30,7457,1
1180,44,7461,1
1181,32,5911,3
1182,20,4081,1
1183,40,4961,1
1184,34,12,1
1185,12,5438,1
1186,5,2073,1
1187,7,507,1
1188,25,168,1
1189,25,979,1
1190,7,3011,1
1191,3,6026,1
1192,35,950,1
1193,58,4267,2
1194,33,3190,3
1195,44,3130,1
1196,23,7826,1
1197,38,3945,1
1198,34,6816,3
1199,58,5067,1
1200,25,3046,1
1201,6,364,1
1202,24,710,1
1203,9,5823,1
1204,49,2116,1
1205,44,6380,3
1206,54,3518,3
1207,55,3881,2
1208,50,5769,1
1209,38,2949,1
1210,37,4017,1
1211,41,7651,1
1212,24,5625,1
1213,26,4160,1
1214,37,2515,2
1215,51,4271,2
1216,3,568,1
1217,46,3038,3
1218,53,6098,1
1219,18,4920,1
1220,43,14,3
1221,28,7450,2
1222,5,166,1
1223,32,2377,3
1224,22,5374,1
1225,45,307,1
1226,5,3622,1
1227,12,2654,1
1228,45,1184,1
1229,11,6281,1
1230,4,5526,1
1231,54,6100,1
1232,45,4306,1
1233,8,4198,1
1234,12,773,1
1235,14,6872,1
1236,39,5149,1
1237,16,644,1
1238,41,2491,1
1239,53,2500,1
1240,42,7513,2
1241,24,2037,1
1242,5,180,1
1243,10,7177,1
1244,27,7420,2
1245,21,6912,1
1246,2,1395,1
1247,16,2211,1
1248,11,4444,1
1249,20,3241,1
1250,13,5397,1
1251,9,6976,1
1252,46,2895,2
1253,46,3898,3
1254,27,3727,2
1255,35,871,1
1256,10,4288,1
1257,51,3213,3
1258,21,6401,1
1259,5,7652,1
1260,13,6902,1
1261,47,7279,1
1262,27,7718,1
1263,37,6433,2
1264,27,2038,1
1265,10,4825,1
1266,1,7220,1
1267,46,4782,1
1268,3,1482,1
1269,6,813,1
1270,58,1520,1
1271,32,1420,3
1272,57,369,1
1273,34,4580,1
1274,60,5106,1
1275,35,3265,1
1276,2,2034,1
1277,49,4257,1
1278,48,3519,1
1279,6,610,1
1280,58,3536,1
1281,3,4538,1
1282,34,3001,1
1283,8,7584,1
1284,38,593,1
1285,8,2042,1
1286,3,5013,1
1287,56,326,2
1288,32,1411,3
1289,58,3141,2
1290,4,5930,1
1291,33,6694,1
1292,53,3650,1
1293,35,1640,1
1294,45,168,1
1295,52,6983,4
1296,27,3553,1
1297,35,7624,1
1298,32,5138,3
1299,42,5335,1
1300,4,5267,1
1301,38,2095,1
1302,24,7270,1
1303,10,4814,1
1304,10,2571,1
1305,37,7567,1
1306,11,6730,1
1307,41,3513,1
1308,47,2184,1
1309,22,5719,1
1310,34,169,1
1311,16,6048,1
1312,36,3347,1
1313,31,4473,4
1314,47,5625,1
1315,45,3291,2
1316,36,1689,1
1317,53,4026,1
1318,18,6101,1
1319,11,4387,1
1320,54,1460,2
1321,5,2093,1
1322,7,5418,1
1323,31,3105,2
1324,30,3520,1
1325,52,4707,3
1326,48,1084,1
1327,28,7421,1
1328,55,4323,2
1329,50,4675,1
1330,59,4837,1
1331,29,788,3
1332,42,3504,1
1333,59,3300,2
1334,34,1716,2
1335,49,436,1
1336,48,5692,1
1337,30,2261,1
1338,45,5724,3
1339,38,3694,1
1340,52,1119,3
1341,20,7270,1
1342,59,2289,2
1343,30,4867,1
1344,26,5082,1
1345,19,4181,1
1346,30,6925,1
1347,33,4504,3
1348,36,5494,1
1349,37,6411,1
1350,46,899,3
1351,12,6161,1
1352,29,3368,2
1353,24,2640,1
1354,5,6655,1
1355,8,2663,1
1356,45,533,2
1357,35,2629,1
1358,15,2951,1
1359,50,7377,1
1360,49,3751,1
1361,35,7170,1
1362,23,5093,1
1363,16,2178,1
1364,32,6358,2
1365,17,5427,1
1366,39,7010,1
1367,3,7345,1
1368,50,2071,2
1369,26,4635,1
1370,56,3461,3
1371,5,4597,1
1372,6,6781,1
1373,14,4273,1
1374,44,5040,1
1375,41,4203,1
1376,9,4193,1
1377,27,7124,2
1378,24,7331,1
1379,52,2731,2
1380,39,3154,1
1381,56,1152,3
1382,34,5123,3
1383,58,7878,1
1384,19,1089,1
1385,15,327,1
1386,35,1354,1
1387,15,1319,1
1388,38,5216,1
1389,44,2840,3
1390,13,2750,1
1391,50,2083,1
1392,33,4950,1
1393,20,2828,1
1394,9,3100,1
1395,44,7533,1
1396,18,4650,1
1397,28,1733,1
1398,37,7055,1
1399,43,608,2
1400,4,4250,1
1401,36,4251,1
1402,17,7379,1
1403,2,837,1
1404,35,1772,1
1405,30,1383,1
1406,30,3221,1
1407,19,4098,1
1408,3,6928,1
1409,46,1559,1
1410,29,3916,1
1411,20,4967,1
1412,52,3930,3
1413,7,2691,1
1414,17,255,1
1415,2,1463,1
1416,41,5203,1
1417,33,2867,1
1418,4,1407,1
1419,51,1842,2
1420,29,6477,2
1421,7,70,1
1422,33,7344,3
1423,52,3383,2
1424,4,3985,1
1425,47,1141,1
1426,14,6456,1
1427,35,4789,1
1428,47,5696,3
1429,25,766,1
1430,45,6314,2
1431,46,3422,2
1432,4,3944,1
1433,5,7374,1
1434,48,3957,1
1435,29,1297,1
1436,14,2634,1
1437,46,1930,1
1438,7,2300,1
1439,43,7666,1
1440,31,4248,1
1441,10,2559,1
1442,33,3118,2
1443,7,4078,1
1444,11,1247,1
1445,52,1786,1
1446,44,2076,3
1447,5,6489,1
1448,31,1287,1
1449,11,1832,1
1450,1,7689,1
1451,20,1220,1
1452,1,6318,1
1453,48,6287,1
1454,52,4511,2
1455,6,7909,1
1456,39,1370,1
1457,22,6881,1
1458,44,4842,1
1459,22,1071,1
1460,45,1491,3
1461,35,5896,1
1462,2,30,1
1463,28,2245,1
1464,6,84,1
1465,11,3473,1
1466,41,2638,1
1467,27,4840,1
1468,14,7051,1
1469,13,315,1
1470,10,5524,1
1471,12,4171,1
1472,19,7648,1
1473,35,7094,1
1474,55,138,1
1475,23,3304,1
1476,30,7542,1
1477,58,5896,3
1478,29,4764,3
1479,12,7571,1
1480,44,6434,3
1481,7,1078,1
1482,59,6493,2
1483,15,6377,1
1484,23,2,1
1485,1,6718,1
1486,20,423,1
1487,34,6097,3
1488,54,6555,1
1489,17,3530,1
1490,6,20,1
1491,28,6150,2
1492,38,4100,1
1493,7,5905,1
1494,23,2459,1
1495,55,139,3
1496,26,2322,3
1497,43,5798,1
1498,35,7445,1
1499,25,1117,1
1500,41,647,1
1501,57,1122,1
1502,3,550,1
1503,49,3519,1
1504,30,7725,1
1505,27,6082,1
1506,27,7829,3
1507,13,4341,1
1508,12,7290,1
1509,43,6358,3
1510,42,3158,2
1511,60,7328,1
1512,33,7560,1
1513,60,2146,1
1514,48,649,1
1515,23,5551,1
1516,59,7747,3
1517,17,3519,1
1518,8,2112,1
1519,21,7355,1
1520,26,2443,1
1521,16,525,1
1522,23,6618,1
1523,11,3942,1
1524,12,3605,1
1525,34,2242,1
1526,49,4011,1
1527,6,409,1
1528,1,4501,1
1529,10,445,1
1530,37,7832,1
1531,47,1964,3
1532,18,1776,1
1533,14,2843,1
1534,7,5459,1
1535,47,1669,3
1536,20,7312,1
1537,9,6997,1
1538,2,1926,1
1539,21,7937,1
1540,29,7397,1
1541,56,2710,3
1542,12,1681,1
1543,23,5041,1
1544,17,817,1
1545,12,7909,1
1546,38,146,1
1547,49,828,1
1548,44,1262,2
1549,31,6329,2
1550,48,3167,1
1551,8,4855,1
1552,55,671,2
1553,44,4556,3
1554,24,5829,1
1555,59,2530,3
1556,23,4226,1
1557,48,1334,1
1558,13,4518,1
1559,45,3117,2
1560,31,3279,1
1561,7,1582,1
1562,10,926,1
1563,19,513,1
1564,40,7126,1
1565,19,1646,1
1566,43,6236,2
1567,51,7200,2
1568,14,324,1
1569,31,6290,3
1570,9,1291,1
1571,60,6419,1
1572,25,6452,1
1573,51,2824,2
1574,15,7601,1
1575,33,740,1
1576,7,1752,1
1577,5,1454,1
1578,52,4448,2
1579,38,4918,1
1580,29,353,2
1581,36,4931,1
1582,51,469,2
1583,12,2920,1
1584,13,7559,1
1585,23,2586,1
1586,35,2199,1
1587,59,6629,3
1588,16,7820,1
1589,46,5558,1
1590,29,6452,1
1591,41,312,1
1592,22,3960,1
1593,4,246,1
1594,51,4403,3
1595,8,1034,1
1596,50,994,1
1597,15,5739,1
1598,55,6462,2
1599,42,822,3
1600,51,4367,2
1601,14,1797,1
1602,30,1719,1
1603,20,4789,1
1604,45,5072,1
1605,7,6217,1
1606,1,4196,1
1607,14,2225,1
1608,40,4354,1
1609,50,2022,3
1610,42,252,1
1611,53,7157,1
1612,51,2715,1
1613,25,6786,1
1614,22,5983,1
1615,34,5876,4
1616,34,5143,3
1617,18,6908,1
1618,8,2547,1
1619,57,5728,1
1620,21,4950,1
1621,2,7246,1
1622,7,1889,1
1623,46,6298,2
1624,30,4594,1
1625,31,509,2
1626,15,478,1
1627,16,3979,1
1628,3,7577,1
1629,44,2690,4
1630,36,46,1
1631,45,7054,1
1632,39,1317,1
1633,15,1788,1
1634,51,5659,1
1635,20,204,1
1636,40,440,1
1637,22,3668,1
1638,59,6235,3
1639,43,231,1
1640,33,2893,1
1641,30,4500,1
1642,16,3281,1
1643,53,6039,2
1644,4,5796,1
1645,19,5854,1
1646,33,2085,2
1647,41,5789,1
1648,38,3894,1
1649,47,5610,2
1650,28,3460,3
1651,44,333,3
1652,18,1682,1
1653,46,7424,4
1654,54,7647,1
1655,9,5600,1
1656,44,3766,2
1657,24,5988,1
1658,50,3828,1
1659,53,985,1
1660,39,3066,1
1661,10,4768,1
1662,11,859,1
1663,22,4945,1
1664,60,7679,1
1665,60,2181,1
1666,26,6780,3
1667,13,3960,1
1668,13,1683,1
1669,35,1137,1
1670,29,4341,1
1671,22,536,1
1672,34,1041,1
1673,27,3560,2
1674,32,708,2
1675,5,4783,1
1676,59,7575,2
1677,59,2956,2
1678,23,3593,1
1679,34,4277,3
1680,40,4018,1
1681,32,6854,1
1682,36,25,1
1683,35,1613,1
1684,12,1223,1
1685,25,1068,1
1686,1,6953,1
1687,46,7469,2
1688,37,5861,2
1689,42,2175,3
1690,47,3714,1
1691,23,6131,1
1692,7,3038,1
1693,24,1877,1
1694,50,2463,2
1695,6,3312,1
1696,32,4084,1
1697,48,1588,1
1698,55,3486,1
1699,23,1831,1
1700,28,715,1
1701,39,2677,1
1702,10,5636,1
1703,22,6618,1
1704,28,3719,1
1705,29,4944,2
1706,1,2682,1
1707,45,5,1
1708,38,5702,1
1709,59,7416,1
1710,57,7875,1
1711,31,1774,2
1712,60,3188,1
1713,52,2094,1
1714,15,3681,1
1715,1,1121,1
1716,60,1881,1
1717,30,4189,1
1718,4,7094,1
1719,45,3791,1
1720,22,6181,1
1721,56,1358,2
1722,38,4740,1
1723,2,4159,1
1724,46,3471,1
1725,47,5553,1
1726,1,6929,1
1727,57,4065,2
1728,55,6631,2
1729,19,7164,1
1730,45,7311,1
1731,7,7499,1
1732,58,185,2
1733,25,695,1
1734,34,632,1
1735,55,7451,3
1736,31,4281,1
1737,1,5121,1
1738,6,1155,1
1739,12,4470,1
1740,27,5792,1
1741,6,475,1
1742,18,2501,1
1743,36,2461,1
1744,5,4223,1
1745,9,5873,1
1746,35,5748,1
1747,60,3788,1
1748,60,1534,1
1749,38,6026,1
1750,1,4129,1
1751,13,3699,1
1752,5,2348,1
1753,23,3383,1
1754,47,373,3
1755,13,3308,1
1756,14,6737,1
1757,51,2983,1
1758,2,4764,1
1759,10,6553,1
1760,7,3846,1
1761,50,4538,1
1762,37,6309,1
1763,20,5743,1
1764,29,4796,2
1765,4,5040,1
1766,57,7726,3
1767,43,3967,1
1768,6,5900,1
1769,31,366,2
1770,44,5747,2
1771,20,1280,1
1772,18,991,1
1773,50,7163,1
1774,59,4936,1
1775,36,2453,1
1776,4,1482,1
1777,47,5346,3
1778,49,229,1
1779,19,7835,1
1780,10,6831,1
1781,54,2979,1
1782,58,7473,1
1783,21,3315,1
1784,35,6035,1
1785,7,4231,1
1786,27,5414,2
1787,56,5244,1
1788,6,2751,1
1789,44,4873,2
1790,39,5495,1
1791,29,3186,3
1792,38,2882,1
1793,29,5806,2
1794,40,1031,1
1795,8,2454,1
1796,39,4720,1
1797,35,7768,1
1798,20,6604,1
1799,47,4280,1
1800,20,2239,1
1801,25,6964,1
1802,39,1550,1
1803,40,5633,1
1804,31,2342,2
1805,52,3019,3
1806,28,2830,1
1807,49,5859,1
1808,27,7853,1
1809,43,7456,3
1810,58,2423,1
1811,17,2146,1
1812,30,4285,1
1813,55,4332,1
1814,6,915,1
1815,55,5917,1
1816,60,4039,1
1817,50,941,1
1818,58,7701,1
1819,33,6622,1
1820,60,3518,1
1821,10,236,1
1822,22,3358,1
1823,19,7626,1
1824,46,7415,1
1825,48,621,1
1826,33,3226,2
1827,37,476,1
1828,48,5946,1
1829,10,3031,1
1830,3,5963,1
1831,1,252,1
1832,57,5958,3
1833,55,5467,3
1834,1,1714,1
1835,41,6947,1
1836,51,63,4
1837,27,2809,3
1838,34,1508,1
1839,9,1947,1
1840,2,2252,1
1841,9,1515,1
1842,29,1496,2
1843,48,5742,1
1844,37,6291,3
1845,3,211,1
1846,16,5350,1
1847,55,3093,1
1848,19,6008,1
1849,19,4899,1
1850,31,5996,1
1851,12,3213,1
1852,11,7525,1
1853,21,3735,1
1854,31,4805,1
1855,21,6714,1
1856,42,6994,1
1857,34,2133,3
1858,57,5895,3
1859,56,5955,1
1860,13,7625,1
1861,23,3751,1
1862,14,2048,1
1863,34,6157,2
1864,20,5846,1
1865,60,3534,1
1866,47,3583,2
1867,17,188,1
1868,31,749,3
1869,51,5788,2
1870,3,1384,1
1871,54,390,2
1872,41,5841,1
1873,29,5282,1
1874,36,4383,1
1875,16,5060,1
1876,52,2821,2
1877,13,3066,1
1878,22,5586,1
1879,43,6579,1
1880,41,6644,1
1881,21,4694,1
1882,8,7314,1
1883,33,6381,1
1884,23,3077,1
1885,15,1755,1
1886,33,1555,3
1887,22,3672,1
1888,60,1611,1
1889,23,3640,1
1890,24,4081,1
1891,3,2534,1
1892,48,7147,1
1893,59,6556,1
1894,46,1636,3
1895,39,6469,1
1896,27,4234,2
1897,37,3818,2
1898,4,642,1
1899,24,854,1
1900,31,733,1
1901,10,6510,1
1902,56,726,3
1903,12,765,1
1904,15,6015,1
1905,30,3447,1
1906,24,6788,1
1907,58,7385,2
1908,47,3648,3
1909,57,2079,1
1910,6,4327,1
1911,48,6162,1
1912,26,7465,3
1913,45,7845,1
1914,59,7234,1
1915,58,6598,3
1916,46,650,2
1917,36,6671,1
1918,6,1174,1
1919,15,4230,1
1920,53,6227,1
1921,33,6527,3
1922,13,5878,1
1923,2,143,1
1924,49,788,1
1925,47,5324,1
1926,2,1956,1
1927,60,398,1
1928,47,3974,1
1929,13,1565,1
1930,43,5165,1
1931,58,3004,2
1932,1,2677,1
1933,52,3104,3
1934,50,1746,2
1935,11,4227,1
1936,41,4203,1
1937,13,2829,1
1938,34,1612,1
1939,50,3518,2
1940,27,96,4
1941,18,3311,1
1942,50,1066,4
1943,17,7536,1
1944,59,1161,1
1945,44,3551,2
1946,51,2817,3
1947,60,7388,1
1948,48,6508,1
1949,43,1489,1
1950,50,2452,3
1951,34,5963,3
1952,37,7353,1
1953,37,1183,1
1954,5,6189,1
1955,42,2224,1
1956,52,7595,3
1957,47,2196,2
1958,25,5235,1
1959,9,5059,1
1960,11,1008,1
1961,43,2355,1
1962,42,6650,1
1963,44,7186,1
1964,2,7202,1
1965,16,4329,1
1966,52,1937,3
1967,40,6981,1
1968,36,7053,1
1969,56,5584,2
1970,2,4980,1
1971,56,7257,1
1972,58,5873,2
1973,23,5620,1
1974,18,2832,1
1975,60,4888,1
1976,50,1901,1
1977,39,4316,1
1978,54,6931,1
1979,46,5472,2
1980,53,1339,3
1981,31,4773,3
1982,19,6821,1
1983,19,4687,1
1984,41,4006,1
1985,46,2460,1
1986,19,5344,1
1987,24,3254,1
1988,38,3022,1
1989,48,676,1
1990,37,1254,2
1991,39,3797,1
1992,55,4448,1
1993,22,1097,1
1994,15,6897,1
1995,32,739,2
1996,35,7229,1
1997,45,291,1
1998,28,5697,3
1999,9,2950,1
2000,26,5234,4
2001,11,6194,1
2002,55,2772,1
2003,34,624,2
2004,3,544,1
2005,9,6372,1
2006,12,2996,1
2007,24,2998,1
2008,29,5103,2
2009,28,384,2
2010,40,2075,1
2011,54,4225,1
2012,36,2758,1
2013,30,4572,1
2014,24,6002,1
2015,13,6696,1
2016,36,3255,1
2017,51,4422,3
2018,24,145,1
2019,55,920,4
2020,23,631,1
2021,53,5542,2
2022,8,6989,1
2023,39,5067,1
2024,46,5319,3
2025,49,3729,1
2026,33,3154,1
2027,2,260,1
2028,31,1298,2
2029,45,517,3
2030,60,3334,1
2031,11,109,1
2032,38,6195,1
2033,57,7239,1
2034,46,3022,1
2035,34,792,3
2036,18,7667,1
2037,6,7449,1
2038,20,7133,1
2039,45,4721,2
2040,38,6401,1
2041,43,3981,2
2042,46,7865,3
2043,2,7056,1
2044,7,6002,1
2045,40,605,1
2046,24,1747,1
2047,8,3672,1
2048,59,6509,1
2049,16,3183,1
2050,45,4202,1
2051,26,7636,1
2052,5,6608,1
2053,44,782,2
2054,1,7242,1
2055,49,6232,1
2056,36,1919,1
2057,19,3445,1
2058,43,7780,3
2059,17,3348,1
2060,18,2981,1
2061,17,3805,1
2062,22,3521,1
2063,35,7279,1
2064,5,3450,1
2065,26,7564,2
2066,49,4876,1
2067,38,2681,1
2068,11,3001,1
2069,14,2516,1
2070,28,3833,2
2071,47,707,3
2072,16,5787,1
2073,13,4405,1
2074,60,4177,1
2075,50,3260,3
2076,33,3654,1
2077,2,11,1
2078,34,3258,1
2079,26,639,2
2080,49,3445,1
2081,50,5238,2
2082,15,6278,1
2083,12,6686,1
2084,54,927,1
2085,49,7174,1
2086,57,4856,1
2087,10,6980,1
2088,59,1423,1
2089,9,476,1
2090,55,3679,1
2091,60,1582,1
2092,6,1792,1
2093,16,3099,1
2094,27,1623,3
2095,25,3613,1
2096,44,5780,3
2097,15,6448,1
2098,28,627,1
2099,39,2169,1
2100,58,2698,2
2101,32,903,3
2102,22,5615,1
2103,55,7706,3
2104,37,4249,3
2105,25,7818,1
2106,45,6455,1
2107,6,7086,1
2108,49,6842,1
2109,22,6045,1
2110,48,4232,1
2111,24,3489,1
2112,17,6996,1
2113,43,4510,2
2114,24,1741,1
2115,38,7788,1
2116,59,1678,1
2117,37,3549,2
2118,33,7728,2
2119,43,5975,4
2120,22,5345,1
2121,21,4803,1
2122,48,7807,1
2123,50,5361,1
2124,36,1737,1
2125,16,7792,1
2126,16,7686,1
2127,49,7622,1
2128,12,2484,1
2129,30,4192,1
2130,46,1721,1
2131,12,1290,1
2132,15,1945,1
2133,46,3552,3
2134,55,2199,2
2135,5,823,1
2136,27,7642,2
2137,42,1106,1
2138,45,3747,1
2139,30,5988,1
2140,12,1175,1
2141,12,1606,1
2142,19,1510,1
2143,44,5212,1
2144,11,6346,1
2145,4,7207,1
2146,20,6334,1
2147,15,2574,1
2148,9,7781,1
2149,3,4303,1
2150,28,4153,1
2151,53,6938,3
2152,27,3713,2
2153,42,6706,2
2154,56,2188,1
2155,6,7537,1
2156,22,5232,1
2157,17,3209,1
2158,47,3778,1
2159,38,7522,1
2160,19,1216,1
2161,11,4541,1
2162,19,5519,1
2163,56,2694,1
2164,55,3322,1
2165,49,3573,1
2166,4,68,1
2167,46,4154,3
2168,24,3005,1
2169,52,2407,2
2170,31,6844,1
2171,59,642,1
2172,23,3046,1
2173,33,6046,1
2174,21,7852,1
2175,57,4172,1
2176,47,318,3
2177,43,1125,1
2178,42,3952,1
2179,23,5877,1
2180,3,3243,1
2181,17,3092,1
2182,48,7709,1
2183,5,4914,1
2184,40,4169,1
2185,2,1903,1
2186,24,623,1
2187,1,7318,1
2188,56,5922,1
2189,55,1509,3
2190,47,7419,1
2191,32,3187,3
2192,57,6040,1
2193,29,1381,1
2194,24,4144,1
2195,43,7441,2
2196,41,4885,1
2197,27,6232,2
2198,3,5104,1
2199,8,2920,1
2200,32,4267,2
2201,7,5415,1
2202,19,905,1
2203,2,4368,1
2204,12,1475,1
2205,40,664,1
2206,22,3749,1
2207,24,3991,1
2208,7,1497,1
2209,59,1714,1
2210,17,3709,1
2211,28,1148,2
2212,1,303,1
2213,58,6398,1
2214,28,2556,3
2215,42,1431,2
2216,52,4547,3
2217,25,1819,1
2218,54,832,1
2219,6,7001,1
2220,27,1109,4
2221,1,285,1
2222,50,1212,1
2223,42,5215,3
2224,41,1439,1
2225,42,3192,1
2226,5,7340,1
2227,21,4770,1
2228,49,5685,1
2229,52,651,1
2230,19,7737,1
2231,52,6790,3
2232,35,4465,1
2233,60,4698,1
2234,33,3874,2
2235,46,3197,1
2236,49,5447,1
2237,27,4619,2
2238,35,7505,1
2239,27,2109,2
2240,4,2292,1
2241,4,7437,1
2242,50,1223,1
2243,21,6888,1
2244,4,2851,1
2245,52,6094,1
2246,9,6402,1
2247,44,1151,1
2248,56,2375,2
2249,59,2260,3
2250,39,7407,1
2251,53,5988,3
2252,18,5226,1
2253,27,5655,1
2254,22,4590,1
2255,27,5924,3
2256,16,4227,1
2257,12,3444,1
2258,23,3924,1
2259,33,1290,1
2260,23,3995,1
2261,33,7169,4
2262,17,4232,1
2263,14,4882,1
2264,8,900,1
2265,15,2402,1
2266,44,112,3
2267,3,5648,1
2268,6,396,1
2269,13,3314,1
2270,11,3961,1
2271,12,1580,1
2272,45,1168,2
2273,43,2224,1
2274,10,3016,1
2275,7,33,1
2276,50,7895,1
2277,7,7730,1
2278,12,1620,1
2279,48,5263,1
2280,35,49,1
2281,27,5492,2
2282,41,3830,1
2283,3,2435,1
2284,4,5060,1
2285,24,1984,1
2286,33,4999,4
2287,40,4042,1
2288,4,4114,1
2289,32,5611,3
2290,2,5621,1
2291,11,5645,1
2292,37,4362,1
2293,7,232,1
2294,28,1354,3
2295,18,667,1
2296,22,2028,1
2297,49,4656,1
2298,16,6182,1
2299,52,2133,1
2300,20,1639,1
2301,27,495,3
2302,14,1777,1
2303,11,278,1
2304,53,4928,3
2305,48,7831,1
2306,27,6498,3
2307,14,6204,1
2308,7,5763,1
2309,23,7491,1
2310,37,4363,1
2311,8,2355,1
2312,8,7154,1
2313,20,7483,1
2314,49,856,1
2315,11,5638,1
2316,16,466,1
2317,20,3611,1
2318,53,3324,3
2319,28,1471,3
2320,8,1994,1
2321,58,6156,2
2322,56,5781,2
2323,22,352,1
2324,33,4103,3
2325,5,5815,1
2326,38,1876,1
2327,33,6555,1
2328,40,3062,1
2329,14,3102,1
2330,24,5576,1
2331,43,1324,3
2332,50,6856,2
2333,8,6439,1
2334,46,6611,2
2335,18,3171,1
2336,55,2680,1
2337,53,5954,1
2338,15,3022,1
2339,43,2379,1
2340,42,2795,1
2341,60,7033,1
2342,36,3001,1
2343,35,3343,1
2344,35,7695,1
2345,45,2524,1
2346,32,3712,3
2347,48,5141,1
2348,39,2720,1
2349,25,1553,1
2350,45,7508,2
2351,60,7271,1
2352,15,5966,1
2353,30,4178,1
2354,37,3191,3
2355,10,6897,1
2356,20,1726,1
2357,9,2345,1
2358,8,4453,1
2359,47,2363,3
2360,53,7661,3
2361,39,5027,1
2362,4,7481,1
2363,11,3625,1
2364,57,7745,3
2365,18,790,1
2366,29,5199,3
2367,9,4311,1
2368,21,6787,1
2369,6,7908,1
2370,46,1724,1
2371,23,2745,1
2372,1,10,1
2373,17,6633,1
2374,42,614,2
2375,32,2447,1
2376,29,6652,2
2377,46,293,2
2378,33,6396,3
2379,59,6706,3
2380,2,291,1
2381,57,2787,3
2382,14,3523,1
2383,33,5701,1
2384,27,7288,3
2385,30,5214,1
2386,21,5234,1
2387,8,6540,1
2388,1,4049,1
2389,26,3264,3
2390,24,2181,1
2391,26,6526,2
2392,43,5224,1
2393,55,1027,2
2394,59,7067,2
2395,5,802,1
2396,33,4521,1
2397,7,3667,1
2398,53,5593,3
2399,15,3929,1
2400,52,1278,1
2401,59,4270,2
2402,14,915,1
2403,60,5693,1
2404,30,2182,1
2405,9,1794,1
2406,6,1700,1
2407,6,7764,1
2408,58,4819,3
2409,56,1644,3
2410,24,1203,1
2411,49,7518,1
2412,31,524,1
2413,55,7271,3
2414,46,7560,2
2415,21,5866,1
2416,59,4833,1
2417,40,5405,1
2418,37,1981,4
2419,27,535,3
2420,25,6736,1
2421,6,625,1
2422,48,6438,1
2423,49,2661,1
2424,24,3777,1
2425,22,4894,1
2426,31,6868,2
2427,6,4873,1
2428,42,2779,3
2429,8,7523,1
2430,57,4173,1
2431,16,3984,1
2432,50,2092,3
2433,48,7496,1
2434,2,5866,1
2435,19,6558,1
2436,34,3685,1
2437,21,7659,1
2438,48,228,1
2439,18,161,1
2440,35,4238,1
2441,57,1544,2
2442,35,665,1
2443,14,3835,1
2444,49,3009,1
2445,29,7722,1
2446,1,7086,1
2447,10,2998,1
2448,28,7234,1
2449,19,3959,1
2450,54,5278,3
2451,49,607,1
2452,55,1652,1
2453,40,3578,1
2454,41,6648,1
2455,52,7487,3
2456,13,7409,1
2457,58,3198,1
2458,29,6456,2
2459,22,7030,1
2460,5,2735,1
2461,30,4730,1
2462,22,1801,1
2463,58,609,2
2464,41,4340,1
2465,35,7695,1
2466,4,3359,1
2467,33,6638,3
2468,50,3176,3
2469,8,5292,1
2470,33,1221,2
2471,23,612,1
2472,27,6806,2
2473,17,5395,1
2474,34,3624,1
2475,20,2037,1
2476,45,859,3
2477,56,1274,2
2478,15,5398,1
2479,22,5972,1
2480,17,3246,1
2481,56,2128,1
2482,47,7134,1
2483,6,3101,1
2484,42,6764,3
2485,56,2917,1
2486,26,4736,3
2487,20,2743,1
2488,37,1693,2
2489,19,3491,1
2490,25,3594,1
2491,51,1452,2
2492,41,3463,1
2493,7,4081,1
2494,40,251,1
2495,8,7762,1
2496,40,7751,1
2497,44,2644,3
2498,20,6654,1
2499,30,1973,1
2500,56,2360,3
2501,6,3771,1
2502,17,3616,1
2503,5,400,1
2504,20,4252,1
2505,26,2079,3
2506,18,1020,1
2507,48,934,1
2508,28,5483,1
2509,48,4555,1
2510,31,4198,1
2511,10,2792,1
2512,25,2183,1
2513,48,591,1
2514,58,5717,2
2515,43,3955,2
2516,15,5512,1
2517,51,1198,3
2518,16,2773,1
2519,3,4519,1
2520,41,6251,1
2521,18,5696,1
2522,38,7675,1
2523,36,4903,1
2524,3,2453,1
2525,14,1348,1
2526,43,6274,1
2527,17,1344,1
2528,22,4697,1
2529,47,7078,2
2530,34,1578,1
2531,54,6477,1
2532,48,5367,1
2533,55,6531,2
2534,2,5582,1
2535,30,6546,1
2536,5,4715,1
2537,30,1050,1
2538,41,5939,1
2539,49,2763,1
2540,51,2122,2
2541,58,7840,1
2542,26,748,2
2543,6,6334,1
2544,15,2459,1
2545,11,6835,1
2546,40,3277,1
2547,50,4297,2
2548,38,5040,1
2549,52,3490,1
2550,56,6056,1
2551,20,5841,1
2552,23,6467,1
2553,60,5298,1
2554,47,6267,1
2555,18,5793,1
2556,17,6772,1
2557,12,1868,1
2558,25,6457,1
2559,8,6503,1
2560,20,7839,1
2561,50,1219,2
2562,35,5922,1
2563,21,4808,1
2564,17,4900,1
2565,6,1187,1
2566,59,1337,2
2567,17,7309,1
2568,47,1785,3
2569,39,4450,1
2570,43,1997,3
2571,17,1280,1
2572,44,5829,3
2573,49,4912,1
2574,20,241,1
2575,5,7929,1
2576,44,2895,3
2577,24,4255,1
2578,37,7181,2
2579,19,6952,1
2580,12,274,1
2581,44,109,1
2582,5,1204,1
2583,56,3236,3
2584,15,6884,1
2585,7,5723,1
2586,34,2075,3
2587,21,1672,1
2588,11,6045,1
2589,4,2748,1
2590,5,934,1
2591,7,307,1
2592,3,92,1
2593,37,6655,1
2594,45,1269,2
2595,16,7556,1
2596,42,5989,3
2597,28,7433,3
2598,14,6220,1
2599,22,1996,1
2600,31,4355,1
2601,34,5189,1
2602,7,3708,1
2603,14,6319,1
2604,5,2191,1
2605,31,5996,2
2606,59,2988,3
2607,40,7302,1
2608,8,6724,1
2609,12,4406,1
2610,3,3572,1
2611,42,372,2
2612,38,4141,1
2613,30,4077,1
2614,53,5406,1
2615,1,6762,1
2616,60,7527,1
2617,59,4899,3
2618,58,5090,3
2619,57,2114,2
2620,54,4400,2
2621,8,6810,1
2622,24,4652,1
2623,52,1267,2
2624,7,4050,1
2625,54,1711,1
2626,45,4434,3
2627,9,1020,1
2628,15,4508,1
2629,18,6752,1
2630,46,6208,3
2631,52,3454,2
2632,22,6163,1
2633,50,6932,3
2634,4,1602,1
2635,45,5658,2
2636,15,16,1
2637,26,2874,3
2638,19,2096,1
2639,45,4244,2
2640,56,6505,1
2641,40,4039,1
2642,35,512,1
2643,14,4841,1
2644,49,6975,1
2645,19,4320,1
2646,19,5677,1
2647,59,6722,1
2648,25,4616,1
2649,34,4789,3
2650,47,662,1
2651,6,1393,1
2652,48,1700,1
2653,32,194,1
2654,34,171,2
2655,55,2661,3
2656,30,2387,1
2657,39,7073,1
2658,52,4751,2
2659,45,4691,3
2660,26,1931,1
2661,32,3228,1
2662,25,7304,1
2663,21,5251,1
2664,46,3367,1
2665,2,5794,1
2666,17,2133,1
2667,37,1492,2
2668,13,2418,1
2669,15,7627,1
2670,5,7578,1
2671,28,4866,1
2672,27,3199,3
2673,38,6742,1
2674,23,5836,1
2675,13,1931,1
2676,7,5430,1
2677,1,4103,1
2678,6,6132,1
2679,23,7332,1
2680,33,700,3
2681,12,7568,1
2682,50,1939,3
2683,29,7872,1
2684,34,818,3
2685,31,1182,2
2686,52,1799,2
2687,48,5716,1
2688,45,1850,1
2689,30,1520,1
2690,48,6831,1
2691,19,1726,1
2692,34,7018,1
2693,46,2540,3
2694,31,3372,2
2695,19,1289,1
2696,57,6071,1
2697,13,6687,1
2698,43,332,1
2699,58,6217,4
2700,32,5791,3
2701,17,6955,1
2702,31,4401,2
2703,13,7379,1
2704,12,2800,1
2705,4,4233,1
2706,53,4418,1
2707,22,2108,1
2708,48,7600,1
2709,22,5058,1
2710,23,5309,1
2711,40,4688,1
2712,48,4643,1
2713,11,1826,1
2714,54,6280,2
2715,31,6744,3
2716,45,5069,3
2717,18,7737,1
2718,27,1543,1
2719,27,1795,1
2720,7,3322,1
2721,13,7665,1
2722,22,896,1
2723,2,2251,1
2724,33,1410,4
2725,39,6914,1
2726,14,6030,1
2727,20,7599,1
2728,29,7930,3
2729,33,322,2
2730,44,3747,2
2731,49,5532,1
2732,5,5112,1
2733,15,310,1
2734,46,7692,3
2735,14,3443,1
2736,54,5231,2
2737,14,5334,1
2738,35,7902,1
2739,38,7638,1
2740,41,5302,1
2741,15,6230,1
2742,49,5156,1
2743,15,2452,1
2744,22,828,1
2745,43,7168,1
2746,35,1995,1
2747,22,1826,1
2748,30,4439,1
2749,25,5412,1
2750,10,4254,1
2751,21,1926,1
2752,9,1377,1
2753,54,5422,1
2754,35,4041,1
2755,41,6134,1
2756,19,3880,1
2757,37,412,2
2758,21,7911,1
2759,31,566,2
2760,6,6617,1
2761,7,2322,1
2762,13,7845,1
2763,4,4032,1
2764,56,3955,2
2765,50,2113,3
2766,34,660,1
2767,43,3400,1
2768,31,5039,1
2769,10,2620,1
2770,60,7882,1
2771,20,4296,1
2772,30,723,1
2773,31,5558,1
2774,7,4623,1
2775,52,3393,3
2776,28,3300,1
2777,32,7326,1
2778,19,2519,1
2779,34,3855,3
2780,35,7005,1
2781,27,3322,1
2782,51,5071,1
2783,7,3840,1
2784,30,1453,1
2785,36,4532,1
2786,27,4637,3
2787,36,3628,1
2788,37,4227,2
2789,42,3583,2
2790,24,1076,1
2791,10,1879,1
2792,5,5766,1
2793,1,4374,1
2794,32,1324,1
2795,40,5360,1
2796,34,5160,3
2797,44,7462,2
2798,55,2744,1
2799,9,3917,1
2800,26,4641,2
2801,29,5843,2
2802,57,7682,1
2803,19,670,1
2804,8,6586,1
2805,50,6265,1
2806,11,1317,1
2807,26,4980,2
2808,36,4263,1
2809,24,7172,1
2810,57,3851,2
2811,31,1574,1
2812,50,3176,1
2813,3,1120,1
2814,49,4464,1
2815,45,620,2
2816,30,2347,1
2817,18,5437,1
2818,3,7736,1
2819,52,7876,3
2820,23,5027,1
2821,34,2376,1
2822,35,7488,1
2823,38,5479,1
2824,56,371,2
2825,42,2730,1
2826,4,2596,1
2827,56,6873,1
2828,9,4685,1
2829,37,2465,1
2830,53,5345,2
2831,24,7825,1
2832,60,5185,1
2833,34,6241,3
2834,41,6731,1
2835,22,5799,1
2836,10,46,1
2837,9,1549,1
2838,20,1954,1
2839,19,3306,1
2840,16,2192,1
2841,51,6286,1
2842,18,2557,1
2843,47,6289,3
2844,48,3413,1
2845,21,1280,1
2846,25,6306,1
2847,49,4493,1
2848,20,6755,1
2849,18,7542,1
2850,50,2392,3
2851,59,3705,3
2852,14,2342,1
2853,59,2794,3
2854,34,5804,3
2855,33,2777,4
2856,9,1832,1
2857,16,3657,1
2858,48,1823,1
2859,43,2585,3
2860,21,1574,1
2861,26,4923,2
2862,22,1441,1
2863,5,3992,1
2864,37,4666,3
2865,9,5342,1
2866,45,7538,3
2867,52,3552,3
2868,30,6887,1
2869,5,5228,1
2870,1,432,1
2871,11,7180,1
2872,8,1053,1
2873,25,255,1
2874,56,4561,1
2875,23,6939,1
2876,56,6695,2
2877,38,6873,1
2878,58,6890,2
2879,52,5164,3
2880,41,2013,1
2881,1,6613,1
2882,6,931,1
2883,52,3789,2
2884,7,3029,1
2885,43,7266,2
2886,54,5179,4
2887,14,929,1
2888,40,1511,1
2889,43,5568,3
2890,22,3789,1
2891,40,6280,1
2892,38,1464,1
2893,59,6607,3
2894,30,1893,1
2895,1,4197,1
2896,9,7191,1
2897,16,6831,1
2898,24,1566,1
2899,30,4695,1
2900,4,1478,1
2901,3,4068,1
2902,53,1473,3
2903,42,1501,3
2904,46,3013,3
2905,19,7338,1
2906,25,2038,1
2907,30,6194,1
2908,5,2493,1
2909,56,3928,2
2910,1,5240,1
2911,3,6470,1
2912,9,136,1
2913,43,1498,1
2914,6,7931,1
2915,45,5373,2
2916,16,2620,1
2917,40,7434,1
2918,22,5318,1
2919,39,6443,1
2920,9,5385,1
2921,46,63,3
2922,58,2950,1
2923,47,6234,3
2924,53,738,3
2925,28,6551,1
2926,57,763,2
2927,2,907,1
2928,28,6724,3
2929,31,2882,1
2930,56,5290,1
2931,25,6669,1
2932,30,4432,1
2933,8,1285,1
2934,42,6010,2
2935,12,3169,1
2936,18,963,1
2937,57,2199,2
2938,38,1495,1
2939,5,3512,1
2940,23,4431,1
2941,46,333,4
2942,6,4309,1
2943,41,6082,1
2944,14,7374,1
2945,25,889,1
2946,13,5229,1
2947,33,101,3
2948,28,2496,1
2949,30,701,1
2950,59,2993,1
2951,43,1304,1
2952,58,7875,1
2953,59,2948,3
2954,4,4567,1
2955,10,3157,1
2956,57,5942,1
2957,36,3957,1
2958,18,6321,1
2959,38,680,1
2960,25,1250,1
2961,60,3481,1
2962,49,3702,1
2963,24,5979,1
2964,51,4821,1
2965,23,2542,1
2966,38,6956,1
2967,40,2728,1
2968,20,663,1
2969,54,1232,1
2970,58,764,1
2971,45,3010,1
2972,54,3883,1
2973,60,696,1
2974,22,4724,1
2975,40,1144,1
2976,5,3202,1
2977,29,747,1
2978,42,5772,1
2979,10,7151,1
2980,49,1166,1
2981,52,930,2
2982,23,2795,1
2983,38,6121,1
2984,9,721,1
2985,57,27,3
2986,51,1038,1
2987,2,1388,1
2988,49,342,1
2989,23,1352,1
2990,39,7683,1
2991,46,4872,3
2992,8,2746,1
2993,43,28,1
2994,42,341,3
2995,57,298,4
2996,50,1576,2
2997,9,695,1
2998,30,6513,1
2999,24,8,1
3000,11,5302,1
3001,39,394,1
3002,4,4507,1
3003,21,679,1
3004,39,407,1
3005,35,136,1
3006,18,5954,1
3007,18,5095,1
3008,49,2822,1
3009,56,7828,4
3010,12,2732,1
3011,43,4247,2
3012,21,5459,1
3013,2,4002,1
3014,46,4860,1
3015,44,2611,2
3016,34,846,1
3017,39,5126,1
3018,10,3927,1
3019,53,622,2
3020,38,3231,1
3021,53,4777,1
3022,19,7281,1
3023,51,2713,1
3024,8,2488,1
3025,40,5841,1
3026,55,7347,2
3027,6,7386,1
3028,59,7514,1
3029,35,1560,1
3030,10,2963,1
3031,8,2401,1
3032,57,4664,3
3033,34,5442,1
3034,16,4886,1
3035,58,4521,1
3036,23,7083,1
3037,45,6726,2
3038,4,3755,1
3039,13,3452,1
3040,24,5302,1
3041,6,214,1
3042,3,6942,1
3043,31,5160,2
3044,28,3698,1
3045,26,2156,1
3046,9,4268,1
3047,30,4143,1
3048,42,1388,1
3049,59,5811,2
3050,43,7523,1
3051,40,3203,1
3052,28,6611,3
3053,50,3652,1
3054,2,5191,1
3055,18,190,1
3056,17,5332,1
3057,56,7700,2
3058,59,4418,3
3059,51,3014,4
3060,43,3942,1
3061,3,1545,1
3062,25,1390,1
3063,11,7443,1
3064,24,6623,1
3065,14,2050,1
3066,13,6149,1
3067,8,4315,1
3068,7,5985,1
3069,10,4835,1
3070,44,4135,2
3071,35,7588,1
3072,27,6114,3
3073,10,4346,1
3074,9,4870,1
3075,13,4632,1
3076,27,1706,2
3077,43,6392,2
3078,27,907,3
3079,40,7687,1
3080,35,5831,1
3081,33,4492,2
3082,35,533,1
3083,35,5008,1
3084,13,4087,1
3085,10,3697,1
3086,23,30,1
3087,9,3087,1
3088,40,3863,1
3089,46,5267,4
3090,28,3624,1
3091,9,4120,1
3092,17,7081,1
3093,17,791,1
3094,54,1354,1
3095,18,5589,1
3096,39,698,1
3097,42,4785,1
3098,50,2122,1
3099,30,4006,1
3100,34,3659,1
3101,20,2142,1
3102,37,6522,1
3103,35,3923,1
3104,21,5833,1
3105,50,2929,1
3106,25,7683,1
3107,21,6051,1
3108,36,6197,1
3109,47,5714,1
3110,8,1896,1
3111,36,2432,1
3112,19,685,1
3113,2,7938,1
3114,60,7640,1
3115,6,2904,1
3116,48,860,1
3117,41,67,1
3118,6,912,1
3119,52,2960,1
3120,25,7194,1
3121,14,6803,1
3122,10,1994,1
3123,27,465,1
3124,47,4967,3
3125,25,2969,1
3126,49,541,1
3127,2,374,1
3128,38,6642,1
3129,5,2226,1
3130,8,7574,1
3131,55,3492,1
3132,21,3664,1
3133,45,4020,1
3134,8,5211,1
3135,35,730,1
3136,5,5472,1
3137,46,4161,3
3138,52,1427,1
3139,50,3999,3
3140,36,7789,1
3141,27,7916,4
3142,50,7368,3
3143,59,1459,2
3144,28,7206,2
3145,1,1330,1
3146,33,4249,4
3147,31,3463,1
3148,32,4536,1
3149,15,3769,1
3150,53,6542,1
3151,54,6393,3
3152,24,873,1
3153,38,5070,1
3154,48,3018,1
3155,39,5407,1
3156,27,600,3
3157,47,4216,2
3158,6,5151,1
3159,18,786,1
3160,44,1412,2
3161,34,7181,1
3162,57,3500,2
3163,3,7156,1
3164,7,3136,1
3165,53,1153,2
3166,29,1073,3
3167,35,2822,1
3168,56,569,3
3169,45,355,1
3170,60,7740,1
3171,47,1275,2
3172,3,1376,1
3173,40,2069,1
3174,10,2184,1
3175,57,1841,1
3176,34,2148,3
3177,42,340,1
3178,27,1808,2
3179,26,7462,2
3180,1,6206,1
3181,53,2696,2
3182,2,7060,1
3183,37,2210,2
3184,35,1645,1
3185,27,3350,3
3186,48,6326,1
3187,20,5899,1
3188,1,2741,1
3189,36,1643,1
3190,2,4163,1
3191,16,1963,1
3192,39,1474,1
3193,32,1688,1
3194,17,1995,1
3195,34,6323,1
3196,55,555,3
3197,38,6187,1
3198,38,2867,1
3199,55,819,3
3200,45,5962,1
3201,46,2362,1
3202,59,3513,1
3203,47,7880,3
3204,41,6641,1
3205,60,5714,1
3206,25,339,1
3207,33,5636,3
3208,33,4664,3
3209,8,1919,1
3210,57,3974,1
3211,30,4242,1
3212,14,4428,1
3213,60,6995,1
3214,20,2203,1
3215,12,5607,1
3216,20,3712,1
3217,16,5069,1
3218,16,1232,1
3219,33,7017,1
3220,39,7408,1
3221,13,3622,1
3222,47,1898,1
3223,21,3144,1
3224,24,2567,1
3225,4,1320,1
3226,22,6666,1
3227,33,241,1
3228,1,7031,1
3229,49,4285,1
3230,60,5845,1
3231,46,454,2
3232,45,7442,2
3233,54,5724,1
3234,24,3376,1
3235,57,1030,3
3236,57,2306,2
3237,15,2631,1
3238,18,6598,1
3239,34,7103,2
3240,28,3059,3
3241,4,3016,1
3242,45,5928,1
3243,33,6580,1
3244,53,253,2
3245,29,7540,1
3246,35,3714,1
3247,15,348,1
3248,5,233,1
3249,11,6710,1
3250,17,4970,1
3251,44,7527,1
3252,39,667,1
3253,19,4186,1
3254,18,6013,1
3255,20,3889,1
3256,56,4020,1
3257,3,7597,1
3258,9,3996,1
3259,10,3659,1
3260,36,1428,1
3261,40,4593,1
3262,5,1790,1
3263,12,4218,1
3264,43,1409,2
3265,52,7298,1
3266,15,5219,1
3267,4,2177,1
3268,2,2706,1
3269,8,3404,1
3270,52,3937,1
3271,33,7180,4
3272,3,1593,1
3273,15,3076,1
3274,36,3828,1
3275,28,7765,3
3276,46,1433,1
3277,21,4716,1
3278,13,1469,1
3279,54,2925,1
3280,41,7582,1
3281,49,3771,1
3282,26,1692,3
3283,27,6338,3
3284,35,7840,1
3285,37,990,4
3286,56,7438,2
3287,47,7802,3
3288,4,694,1
3289,6,3839,1
3290,8,4278,1
3291,33,1070,1
3292,48,5183,1
3293,23,2139,1
3294,36,4167,1
3295,8,5456,1
3296,27,4242,2
3297,55,3317,3
3298,32,7009,1
3299,46,2449,1
3300,30,7412,1
3301,59,6530,2
3302,2,1069,1
3303,7,3349,1
3304,51,5066,3
3305,25,6602,1
3306,52,4623,1
3307,12,3537,1
3308,18,353,1
3309,39,348,1
3310,23,5423,1
3311,13,4681,1
3312,43,4335,3
3313,56,1365,1
3314,51,1353,3
3315,38,125,1
3316,52,193,1
3317,2,4168,1
3318,47,6325,1
3319,57,898,2
3320,28,7396,1
3321,1,3971,1
3322,59,1358,1
3323,50,4658,3
3324,57,759,2
3325,27,1451,3
3326,49,5269,1
3327,26,1664,3
3328,47,2235,2
3329,1,7150,1
3330,48,7682,1
3331,25,5279,1
3332,42,6172,3
3333,25,1054,1
3334,11,6875,1
3335,38,2879,1
3336,6,1923,1
3337,4,6274,1
3338,54,1916,2
3339,12,2108,1
3340,6,5647,1
3341,46,4475,1
3342,14,3795,1
3343,7,5826,1
3344,54,6137,1
3345,40,463,1
3346,55,2161,1
3347,3,394,1
3348,47,5714,1
3349,51,4469,3
3350,10,1933,1
3351,40,2452,1
3352,8,5600,1
3353,45,524,2
3354,51,7592,1
3355,21,1977,1
3356,23,7043,1
3357,55,5238,3
3358,27,2354,3
3359,3,2171,1
3360,49,512,1
3361,23,1592,1
3362,28,958,1
3363,15,4095,1
3364,1,6049,1
3365,3,4527,1
3366,58,4570,1
3367,10,2125,1
3368,29,1742,3
3369,29,2731,1
3370,38,3579,1
3371,35,6409,1
3372,51,3694,1
3373,37,1349,3
3374,13,1028,1
3375,21,751,1
3376,27,7584,2
3377,32,5314,2
3378,9,3003,1
3379,48,498,1
3380,2,7352,1
3381,8,5620,1
3382,45,1626,2
3383,47,561,2
3384,51,7817,1
3385,38,1570,1
3386,58,7221,2
3387,26,2852,3
3388,40,7256,1
3389,4,2366,1
3390,47,3900,4
3391,28,4217,1
3392,16,7880,1
3393,33,1881,1
3394,21,5746,1
3395,43,1734,1
3396,36,740,1
3397,34,7785,3
3398,5,7524,1
3399,47,2355,1
3400,26,3521,3
3401,52,3750,2
3402,50,2204,2
3403,36,3934,1
3404,47,4853,2
3405,28,1493,1
3406,18,6665,1
3407,55,405,1
3408,17,6972,1
3409,5,6306,1
3410,16,4964,1
3411,48,5468,1
3412,24,1582,1
3413,20,4846,1
3414,22,3495,1
3415,15,3167,1
3416,44,6249,1
3417,1,1803,1
3418,32,6606,1
3419,30,250,1
3420,7,3552,1
3421,40,538,1
3422,38,4518,1
3423,49,1180,1
3424,41,3471,1
3425,25,5286,1
3426,47,4917,3
3427,43,5056,1
3428,52,3944,2
3429,23,2535,1
3430,38,1402,1
3431,57,2275,1
3432,41,3450,1
3433,27,686,2
3434,32,861,1
3435,50,7170,2
3436,33,2280,3
3437,1,7045,1
3438,55,3875,2
3439,25,173,1
3440,39,3247,1
3441,32,5597,1
3442,14,2227,1
3443,19,1094,1
3444,8,7414,1
3445,10,1245,1
3446,45,6785,2
3447,55,1767,2
3448,16,7644,1
3449,53,1289,1
3450,18,5002,1
3451,21,7311,1
3452,19,3940,1
3453,31,1654,1
3454,33,7245,4
3455,48,3672,1
3456,43,7259,1
3457,26,4696,1
3458,53,5735,1
3459,50,2484,2
3460,48,508,1
3461,12,4784,1
3462,42,260,1
3463,40,7574,1
3464,21,3673,1
3465,53,4195,3
3466,48,5650,1
3467,41,6113,1
3468,30,4574,1
3469,13,2358,1
3470,27,1705,4
3471,54,3718,3
3472,48,2230,1
3473,56,6506,1
3474,13,6239,1
3475,35,1967,1
3476,38,6381,1
3477,18,5638,1
3478,39,5162,1
3479,53,3386,1
3480,40,7219,1
3481,1,7124,1
3482,30,4136,1
3483,26,102,2
3484,4,5296,1
3485,26,1170,3
3486,30,6792,1
3487,14,5515,1
3488,44,7880,3
3489,58,1420,3
3490,50,7572,3
3491,23,5290,1
3492,17,6018,1
3493,60,3936,1
3494,34,7196,1
3495,29,7199,2
3496,36,1961,1
3497,16,3511,1
3498,28,3117,1
3499,23,6390,1
3500,32,7361,1
3501,21,6383,1
3502,26,3653,4
3503,45,5405,1
3504,16,2389,1
3505,42,2336,1
3506,25,5804,1
3507,28,5848,2
3508,27,4725,1
3509,44,6685,1
3510,1,5701,1
3511,17,4746,1
3512,22,5552,1
3513,33,1526,3
3514,16,6514,1
3515,55,3960,3
3516,36,7159,1
3517,13,5087,1
3518,12,6127,1
3519,20,2560,1
3520,41,9,1
3521,56,434,1
3522,53,6931,4
3523,34,6277,1
3524,28,7769,1
3525,39,7406,1
3526,60,3889,1
3527,7,3419,1
3528,14,334,1
3529,46,1565,1
3530,14,4505,1
3531,55,3034,3
3532,17,25,1
3533,16,5314,1
3534,53,1738,1
3535,12,4029,1
3536,51,3527,2
3537,50,4526,1
3538,15,3734,1
3539,59,633,2
3540,15,7498,1
3541,6,5390,1
3542,31,6634,1
3543,27,3884,2
3544,32,7072,3
3545,54,3735,3
3546,12,1230,1
3547,34,7906,1
3548,54,6717,2
3549,26,6774,1
3550,24,6469,1
3551,24,2235,1
3552,15,725,1
3553,13,6800,1
3554,4,5788,1
3555,28,2508,1
3556,17,3629,1
3557,46,6630,1
3558,54,4282,3
3559,27,53,1
3560,6,3835,1
3561,58,4550,3
3562,40,7830,1
3563,34,918,3
3564,20,3557,1
3565,15,413,1
3566,54,7075,3
3567,41,253,1
3568,20,7238,1
3569,41,5922,1
3570,41,3503,1
3571,7,5485,1
3572,51,3702,3
3573,19,6174,1
3574,25,4916,1
3575,54,4070,2
3576,10,5448,1
3577,29,838,3
3578,32,714,1
3579,49,202,1
3580,24,4719,1
3581,23,3135,1
3582,13,5595,1
3583,12,5280,1
3584,17,5604,1
3585,9,3599,1
3586,4,332,1
3587,16,605,1
3588,21,2591,1
3589,16,502,1
3590,25,2679,1
3591,21,3998,1
3592,50,928,2
3593,2,5502,1
3594,14,6207,1
3595,28,5047,4
3596,21,3294,1
3597,13,3230,1
3598,41,5180,1
3599,21,6529,1
3600,54,3919,2
3601,44,131,3
3602,17,2928,1
3603,58,4529,1
3604,18,3423,1
3605,24,5689,1
3606,18,4543,1
3607,11,2592,1
3608,4,5495,1
3609,3,3080,1
3610,60,4706,1
3611,26,3175,2
3612,59,5036,3
3613,34,500,1
3614,30,3958,1
3615,40,1707,1
3616,53,5057,2
3617,17,2993,1
3618,12,2341,1
3619,55,75,2
3620,43,2889,1
3621,13,6300,1
3622,48,1540,1
3623,32,4869,2
3624,3,6043,1
3625,1,960,1
3626,52,5409,2
3627,46,7660,1
3628,33,1299,3
3629,13,5738,1
3630,41,5046,1
3631,22,330,1
3632,23,6876,1
3633,45,4555,2
3634,22,6858,1
3635,27,728,2
3636,11,3739,1
3637,49,6265,1
3638,15,6768,1
3639,40,2043,1
3640,26,4648,2
3641,13,4146,1
3642,40,7940,1
3643,11,5114,1
3644,1,1844,1
3645,43,2034,2
3646,57,6455,4
3647,35,1202,1
3648,56,6519,3
3649,8,2309,1
3650,54,1096,2
3651,23,5224,1
3652,15,798,1
3653,40,3558,1
3654,31,3933,3
3655,56,4852,3
3656,24,4570,1
3657,34,5705,2
3658,33,2258,4
3659,17,696,1
3660,28,5058,1
3661,45,5722,3
3662,32,4680,2
3663,39,3931,1
3664,59,6480,4
3665,18,3784,1
3666,26,5222,1
3667,21,3644,1
3668,31,1171,1
3669,37,7210,1
3670,3,4263,1
3671,59,861,2
3672,46,5103,1
3673,57,6082,2
3674,46,6203,3
3675,39,7887,1
3676,1,7384,1
3677,10,6029,1
3678,32,2502,3
3679,39,5726,1
3680,16,7472,1
3681,25,7307,1
3682,5,3715,1
3683,36,2663,1
3684,16,1757,1
3685,47,5066,1
3686,19,6127,1
3687,1,7181,1
3688,12,272,1
3689,52,3547,3
3690,50,2044,2
3691,2,5150,1
3692,53,288,3
3693,16,5380,1
3694,37,4625,2
3695,31,3527,3
3696,28,7762,4
3697,14,3257,1
3698,28,5659,1
3699,25,2405,1
3700,3,1496,1
3701,14,2895,1
3702,3,3768,1
3703,12,7390,1
3704,9,969,1
3705,50,6501,2
3706,2,7179,1
3707,1,2207,1
3708,26,106,1
3709,56,1365,1
3710,55,7175,3
3711,17,7467,1
3712,59,2371,3
3713,21,7879,1
3714,58,3737,1
3715,21,5660,1
3716,50,2195,1
3717,43,397,1
3718,42,5349,2
3719,56,1968,1
3720,44,6383,1
3721,8,4629,1
3722,20,5758,1
3723,50,218,1
3724,22,3601,1
3725,38,6980,1
3726,17,7541,1
3727,4,2324,1
3728,51,6923,4
3729,35,4483,1
3730,2,5245,1
3731,32,1085,2
3732,7,5921,1
3733,59,3067,3
3734,53,4247,3
3735,28,2805,1
3736,4,5366,1
3737,49,2340,1
3738,9,2919,1
3739,13,5010,1
3740,31,232,1
3741,7,699,1
3742,54,1436,2
3743,12,1811,1
3744,50,1543,3
3745,49,7531,1
3746,41,5545,1
3747,57,2828,2
3748,34,5854,2
3749,7,450,1
3750,2,2686,1
3751,8,4012,1
3752,60,5878,1
3753,13,3308,1
3754,51,303,2
3755,35,4208,1
3756,59,5993,4
3757,60,6292,1
3758,17,4974,1
3759,4,5424,1
3760,44,5549,2
3761,43,7074,3
3762,59,4017,2
3763,20,7571,1
3764,24,7392,1
3765,15,1302,1
3766,49,5557,1
3767,40,2859,1
3768,46,6760,1
3769,37,1456,3
3770,37,3049,2
3771,24,7501,1
3772,11,1966,1
3773,37,3176,3
3774,28,2503,3
3775,1,125,1
3776,48,5894,1
3777,3,4725,1
3778,26,5660,1
3779,58,535,1
3780,12,6122,1
3781,21,7875,1
3782,41,346,1
3783,17,2819,1
3784,52,6586,3
3785,15,5056,1
3786,11,3943,1
3787,42,1999,1
3788,53,3484,3
3789,41,6095,1
3790,43,5862,2
3791,34,6837,1
3792,9,4072,1
3793,25,7169,1
3794,22,4755,1
3795,55,53,1
3796,44,5536,2
3797,56,438,4
3798,34,4611,2
3799,58,662,1
3800,33,5455,1
3801,28,7757,3
3802,13,901,1
3803,28,1839,1
3804,59,3845,2
3805,32,4749,3
3806,53,7737,1
3807,8,6678,1
3808,51,7548,2
3809,25,234,1
3810,44,7883,1
3811,40,2148,1
3812,58,6442,2
3813,34,3404,1
3814,26,6591,2
3815,42,4150,1
3816,13,1561,1
3817,3,7217,1
3818,44,591,1
3819,11,2067,1
3820,12,785,1
3821,30,7621,1
3822,45,239,3
3823,2,2130,1
3824,41,5541,1
3825,26,5593,3
3826,42,2969,1
3827,15,6699,1
3828,51,2860,3
3829,26,6380,2
3830,48,6861,1
3831,23,3817,1
3832,17,4157,1
3833,34,6460,2
3834,4,1835,1
3835,7,1351,1
3836,50,5084,3
3837,17,5890,1
3838,1,2338,1
3839,54,2469,1
3840,50,6848,3
3841,25,4806,1
3842,13,6973,1
3843,8,6564,1
3844,48,2921,1
3845,1,5863,1
3846,43,1181,1
3847,31,1160,2
3848,29,1305,2
3849,13,5557,1
3850,48,1649,1
3851,10,535,1
3852,55,6165,3
3853,19,5842,1
3854,56,5362,2
3855,23,6605,1
3856,6,4593,1
3857,22,3008,1
3858,2,7470,1
3859,18,3685,1
3860,1,1005,1
3861,28,4759,1
3862,15,3032,1
3863,35,1532,1
3864,54,5049,2
3865,38,823,1
3866,14,6725,1
3867,33,6617,3
3868,47,2918,1
3869,51,2219,1
3870,53,6695,2
3871,41,6751,1
3872,3,523,1
3873,6,7334,1
3874,11,5198,1
3875,1,2671,1
3876,16,4195,1
3877,59,5286,1
3878,9,4490,1
3879,27,4032,2
3880,33,5309,1
3881,4,4302,1
3882,31,283,1
3883,45,3415,3
3884,60,3991,1
3885,9,526,1
3886,43,6048,1
3887,2,6730,1
3888,26,2714,1
3889,42,7074,2
3890,46,1134,1
3891,5,4656,1
3892,33,6753,1
3893,38,3020,1
3894,58,3749,2
3895,1,7567,1
3896,47,4476,2
3897,15,3126,1
3898,10,106,1
3899,8,4723,1
3900,15,464,1
3901,50,1285,3
3902,7,2287,1
3903,28,7704,1
3904,12,757,1
3905,43,7741,2
3906,9,127,1
3907,10,3612,1
3908,49,2201,1
3909,36,4134,1
3910,40,2260,1
3911,21,5937,1
3912,37,6305,2
3913,40,4183,1
3914,6,6988,1
3915,49,950,1
3916,42,5078,1
3917,28,6396,2
3918,33,3938,3
3919,5,5518,1
3920,33,316,2
3921,54,271,1
3922,13,3279,1
3923,55,1972,2
3924,50,5628,1
3925,24,2408,1
3926,44,4611,1
3927,59,1336,1
3928,45,1983,1
3929,43,6867,4
3930,6,516,1
3931,20,690,1
3932,33,6465,1
3933,58,5513,3
3934,47,6373,3
3935,48,2814,1
3936,9,6124,1
3937,54,1699,2
3938,54,2336,1
3939,47,7799,2
3940,39,4687,1
3941,4,4859,1
3942,55,5019,2
3943,52,3815,1
3944,54,5251,1
3945,53,6170,3
3946,41,1138,1
3947,21,5763,1
3948,10,4872,1
3949,11,7662,1
3950,24,4866,1
3951,17,7716,1
3952,7,891,1
3953,12,3023,1
3954,20,3403,1
3955,11,5655,1
3956,4,6456,1
3957,30,51,1
3958,15,4042,1
3959,33,2612,3
3960,14,4078,1
3961,56,7310,2
3962,58,3134,3
3963,33,4134,2
3964,25,6773,1
3965,59,6345,1
3966,23,1770,1
3967,39,141,1
3968,55,7548,2
3969,5,2294,1
3970,58,1736,1
3971,16,1283,1
3972,29,5245,1
3973,25,2582,1
3974,10,945,1
3975,20,932,1
3976,58,5532,1
3977,2,6354,1
3978,20,283,1
3979,52,6027,2
3980,56,5149,2
3981,44,5016,1
3982,42,6308,3
3983,41,3288,1
3984,7,2318,1
3985,6,1919,1
3986,52,6571,2
3987,23,1210,1
3988,23,1996,1
3989,4,3874,1
3990,60,4046,1
3991,41,7488,1
3992,54,6900,3
3993,60,487,1
3994,27,220,2
3995,5,912,1
3996,37,160,1
3997,47,5767,3
3998,41,2446,1
3999,36,179,1
4000,45,4464,1
4001,28,933,2
4002,57,3870,3
4003,35,6186,1
4004,9,3102,1
4005,28,1303,1
4006,30,5873,1
4007,57,6801,1
4008,60,6140,1
4009,53,824,1
4010,58,3813,1
4011,16,7420,1
4012,26,1795,3
4013,2,168,1
4014,14,5520,1
4015,34,7131,2
4016,23,1098,1
4017,37,7502,1
4018,36,1407,1
4019,7,73,1
4020,37,7047,2
4021,20,6148,1
4022,25,7434,1
4023,15,7192,1
4024,35,516,1
4025,48,4553,1
4026,14,6867,1
4027,52,7909,1
4028,45,5285,3
4029,48,270,1
4030,55,3636,1
4031,51,4386,2
4032,20,2904,1
4033,27,1233,1
4034,27,7034,1
4035,50,7761,1
4036,29,1139,2
4037,20,90,1
4038,43,2667,3
4039,59,6808,1
4040,53,7401,3
4041,2,5285,1
4042,40,1502,1
4043,19,4860,1
4044,22,6569,1
4045,50,5644,1
4046,44,6572,1
4047,18,6161,1
4048,59,2863,2
4049,39,7247,1
4050,12,3865,1
4051,52,6750,1
4052,5,2393,1
4053,55,5954,3
4054,37,5304,2
4055,43,4304,2
4056,57,1795,2
4057,44,6289,3
4058,18,1651,1
4059,37,4632,1
4060,7,7874,1
4061,17,2559,1
4062,56,371,1
4063,9,1684,1
4064,31,1412,3
4065,26,6832,3
4066,28,2059,3
4067,32,1706,1
4068,52,1986,2
4069,18,4161,1
4070,59,5501,1
4071,16,3782,1
4072,50,5218,1
4073,26,333,1
4074,38,2071,1
4075,18,1087,1
4076,8,6245,1
4077,16,143,1
4078,16,6119,1
4079,50,5187,1
4080,23,3882,1
4081,22,1397,1
4082,42,2196,1
4083,50,7840,1
4084,7,7881,1
4085,6,6244,1
4086,28,2876,2
4087,51,3945,1
4088,17,6382,1
4089,59,1335,1
4090,37,2106,3
4091,12,545,1
4092,36,1054,1
4093,45,2115,2
4094,34,7285,1
4095,12,4584,1
4096,30,772,1
4097,39,4684,1
4098,20,1394,1
4099,34,1459,1
4100,23,6205,1
4101,47,17,1
4102,55,5572,1
4103,32,7744,2
4104,20,6661,1
4105,40,682,1
4106,2,1857,1
4107,18,1880,1
4108,28,4401,1
4109,49,5966,1
4110,30,4482,1
4111,28,4882,1
4112,41,2527,1
4113,3,5433,1
4114,12,1552,1
4115,56,4450,4
4116,5,722,1
4117,59,6689,1
4118,45,1083,2
4119,55,5672,3
4120,46,7272,2
4121,11,3310,1
4122,2,623,1
4123,11,6219,1
4124,50,1422,2
4125,17,24,1
4126,58,4844,1
4127,52,3523,2
4128,7,3855,1
4129,29,4902,1
4130,32,181,3
4131,1,594,1
4132,32,3302,1
4133,47,4847,2
4134,25,1958,1
4135,35,5951,1
4136,53,13,2
4137,59,1208,1
4138,29,4168,4
4139,35,789,1
4140,20,2428,1
4141,6,6679,1
4142,49,4512,1
4143,60,6092,1
4144,21,7685,1
4145,51,4545,1
4146,25,752,1
4147,20,5496,1
4148,58,7547,1
4149,45,1700,2
4150,36,1957,1
4151,56,6169,3
4152,21,4576,1
4153,41,3554,1
4154,43,5208,2
4155,35,2853,1
4156,36,4095,1
4157,3,188,1
4158,34,2991,3
4159,16,3207,1
4160,33,3858,2
4161,8,6241,1
4162,43,5608,1
4163,30,175,1
4164,15,7749,1
4165,8,6220,1
4166,6,4263,1
4167,54,4781,1
4168,21,2963,1
4169,13,1717,1
4170,3,2802,1
4171,27,1988,3
4172,13,2264,1
4173,34,2531,3
4174,33,3441,2
4175,14,7079,1
4176,44,7663,1
4177,60,2770,1
4178,2,3410,1
4179,30,1899,1
4180,42,5986,3
4181,18,4295,1
4182,37,6387,2
4183,46,1312,2
4184,13,145,1
4185,38,6123,1
4186,33,2518,2
4187,44,7885,1
4188,25,7276,1
4189,56,5053,2
4190,23,2858,1
4191,46,534,2
4192,44,1907,3
4193,42,7041,2
4194,55,3998,1
4195,26,1047,2
4196,60,4213,1
4197,6,559,1
4198,32,420,3
4199,55,6759,3
4200,5,172,1
4201,29,6290,2
4202,54,5514,3
4203,53,4576,3
4204,11,5709,1
4205,23,4407,1
4206,14,5083,1
4207,34,4802,1
4208,36,2025,1
4209,7,7790,1
4210,2,508,1
4211,48,7022,1
4212,58,6513,3
4213,46,592,1
4214,45,5164,1
4215,46,5652,3
4216,36,441,1
4217,24,6203,1
4218,31,4149,1
4219,42,4101,1
4220,40,1187,1
4221,27,1802,2
4222,43,2729,3
4223,33,307,2
4224,46,4028,2
4225,13,2317,1
4226,45,2769,3
4227,47,4658,1
4228,53,46,3
4229,33,5244,3
4230,33,2312,3
4231,40,6915,1
4232,44,7570,2
4233,53,4292,1
4234,36,5636,1
4235,17,6702,1
4236,24,4293,1
4237,21,5134,1
4238,58,4494,1
4239,4,2002,1
4240,50,2969,3
4241,36,3565,1
4242,39,2660,1
4243,11,544,1
4244,42,6368,1
4245,48,7770,1
4246,8,7766,1
4247,35,5174,1
4248,45,6865,2
4249,32,150,1
4250,51,5953,1
4251,38,5155,1
4252,60,2545,1
4253,26,5338,2
4254,9,2059,1
4255,20,7724,1
4256,49,1417,1
4257,59,7185,1
4258,48,390,1
4259,16,7915,1
4260,31,1284,2
4261,16,7885,1
4262,38,7721,1
4263,55,3582,3
4264,9,6135,1
4265,34,7912,3
4266,38,7934,1
4267,39,5566,1
4268,39,5441,1
4269,22,2905,1
4270,46,7655,2
4271,8,230,1
4272,33,6276,1
4273,13,4868,1
4274,27,4055,1
4275,39,3075,1
4276,5,4109,1
4277,52,6883,1
4278,39,1880,1
4279,50,1607,1
4280,12,2352,1
4281,55,6029,1
4282,43,1063,4
4283,32,328,1
4284,13,2034,1
4285,7,6590,1
4286,24,508,1
4287,32,5336,1
4288,18,6738,1
4289,33,4751,3
4290,60,1673,1
4291,44,4692,1
4292,15,1964,1
4293,50,4073,2
4294,27,6519,1
4295,49,3088,1
4296,48,6848,1
4297,1,4638,1
4298,33,2547,2
4299,16,1412,1
4300,13,5782,1
4301,7,4801,1
4302,44,5784,2
4303,11,3099,1
4304,20,7589,1
4305,27,4921,3
4306,46,1873,1
4307,48,3022,1
4308,36,3159,1
4309,6,6469,1
4310,27,5247,2
4311,37,789,1
4312,57,827,3
4313,15,7847,1
4314,4,1149,1
4315,17,7089,1
4316,16,1584,1
4317,8,5101,1
4318,17,6052,1
4319,49,4590,1
4320,40,2421,1
4321,50,758,3
4322,46,326,1
4323,32,277,2
4324,14,86,1
4325,2,202,1
4326,5,6067,1
4327,53,4188,2
4328,22,2731,1
4329,10,5798,1
4330,39,46,1
4331,42,6640,2
4332,45,1611,1
4333,10,4665,1
4334,1,4990,1
4335,53,4677,2
4336,52,4671,1
4337,53,891,1
4338,48,2251,1
4339,52,1945,3
4340,18,5575,1
4341,40,4141,1
4342,2,1818,1
4343,2,171,1
4344,31,345,2
4345,39,804,1
4346,44,1720,1
4347,10,1871,1
4348,36,588,1
4349,13,6100,1
4350,50,840,3
4351,35,992,1
4352,36,2130,1
4353,16,4608,1
4354,1,7914,1
4355,15,6744,1
4356,19,2283,1
4357,2,1434,1
4358,47,3106,2
4359,16,1157,1
4360,55,4880,1
4361,1,1375,1
4362,30,4601,1
4363,47,5881,3
4364,48,6610,1
4365,21,3866,1
4366,50,701,1
4367,1,3602,1
4368,41,4060,1
4369,13,2352,1
4370,52,4378,1
4371,4,2917,1
4372,10,5564,1
4373,50,3353,1
4374,17,7564,1
4375,16,4453,1
4376,32,2734,2
4377,7,103,1
4378,1,5445,1
4379,18,71,1
4380,47,2562,1
4381,43,4628,2
4382,59,3636,1
4383,23,7425,1
4384,48,2091,1
4385,30,3542,1
4386,48,5698,1
4387,46,187,4
4388,39,3071,1
4389,5,4231,1
4390,10,5875,1
4391,10,1112,1
4392,24,1638,1
4393,18,4727,1
4394,17,7058,1
4395,3,4581,1
4396,36,6899,1
4397,54,6140,1
4398,57,2883,1
4399,56,4002,2
4400,6,3240,1
4401,13,868,1
4402,38,3196,1
4403,23,407,1
4404,42,4266,3
4405,4,4633,1
4406,7,1037,1
4407,52,4623,2
4408,53,7165,1
4409,22,5553,1
4410,41,1704,1
4411,30,1517,1
4412,48,5014,1
4413,3,1490,1
4414,22,1874,1
4415,38,6188,1
4416,52,4656,2
4417,35,6791,1
4418,42,5688,1
4419,28,4754,1
4420,24,7549,1
4421,32,7837,3
4422,2,2177,1
4423,27,6987,2
4424,8,5375,1
4425,17,4008,1
4426,44,4885,2
4427,42,3323,1
4428,32,3594,2
4429,15,5251,1
4430,18,7454,1
4431,6,78,1
4432,46,2464,1
4433,60,7115,1
4434,55,2770,1
4435,25,3243,1
4436,8,49,1
4437,18,1606,1
4438,50,3251,3
4439,48,6086,1
4440,34,4051,1
4441,51,1534,1
4442,45,678,1
4443,31,4129,1
4444,57,2530,1
4445,34,7582,1
4446,9,90,1
4447,48,6911,1
4448,35,4957,1
4449,53,6965,1
4450,36,5867,1
4451,35,4907,1
4452,46,7171,2
4453,39,1177,1
4454,27,3278,3
4455,45,187,3
4456,49,3433,1
4457,43,7755,1
4458,34,5749,1
4459,50,2177,1
4460,8,2007,1
4461,1,6197,1
4462,17,2988,1
4463,17,4714,1
4464,21,3822,1
4465,36,5004,1
4466,31,5008,1
4467,36,7506,1
4468,28,4925,1
4469,8,5587,1
4470,4,1090,1
4471,22,3703,1
4472,33,281,3
4473,17,2565,1
4474,19,7657,1
4475,55,3053,2
4476,60,7256,1
4477,39,2377,1
4478,7,2309,1
4479,43,596,3
4480,47,7605,3
4481,29,6433,1
4482,53,1417,1
4483,7,7094,1
4484,2,5048,1
4485,26,2452,1
4486,31,6649,2
4487,35,777,1
4488,42,4278,2
4489,16,3263,1
4490,24,6492,1
4491,49,2164,1
4492,53,6696,4
4493,60,5403,1
4494,32,2157,3
4495,19,895,1
4496,60,7698,1
4497,40,6998,1
4498,27,3070,3
4499,48,6659,1
4500,10,5558,1
4501,4,3371,1
4502,2,5141,1
4503,43,203,2
4504,53,4512,3
4505,47,2279,1
4506,35,7573,1
4507,41,1452,1
4508,45,6423,2
4509,42,6732,3
4510,1,1480,1
4511,17,4271,1
4512,13,620,1
4513,60,2976,1
4514,19,1691,1
4515,21,6505,1
4516,14,1635,1
4517,21,2792,1
4518,15,5705,1
4519,57,1641,2
4520,42,6391,3
4521,60,4205,1
4522,30,6310,1
4523,56,3830,1
4524,56,2910,1
4525,38,6142,1
4526,9,5332,1
4527,36,7415,1
4528,20,2596,1
4529,24,4293,1
4530,55,2655,2
4531,58,5039,2
4532,8,1588,1
4533,19,474,1
4534,57,6611,4
4535,43,5436,1
4536,17,2496,1
4537,35,7592,1
4538,22,1816,1
4539,35,5401,1
4540,37,435,3
4541,13,5793,1
4542,46,507,2
4543,2,2761,1
4544,8,3117,1
4545,21,4539,1
4546,30,2156,1
4547,53,3329,3
4548,33,1608,1
4549,24,1836,1
4550,34,2137,2
4551,13,5720,1
4552,49,857,1
4553,37,1701,3
4554,26,5852,1
4555,17,5188,1
4556,60,5209,1
4557,50,3857,1
4558,1,2393,1
4559,14,5630,1
4560,48,7855,1
4561,46,6001,3
4562,39,1267,1
4563,37,621,1
4564,52,1566,2
4565,51,1673,2
4566,46,2282,1
4567,30,4540,1
4568,59,1218,3
4569,28,6344,3
4570,39,6305,1
4571,55,995,3
4572,23,7398,1
4573,22,4951,1
4574,53,4588,2
4575,58,4640,1
4576,47,157,2
4577,55,4205,4
4578,28,5967,4
4579,8,3643,1
4580,52,1418,3
4581,45,2544,1
4582,23,3036,1
4583,16,5661,1
4584,16,3696,1
4585,12,618,1
4586,14,3501,1
4587,36,7255,1
4588,29,7259,2
4589,31,2016,1
4590,55,2773,3
4591,40,2540,1
4592,51,7124,1
4593,29,3987,1
4594,8,3573,1
4595,21,4770,1
4596,10,1293,1
4597,7,2161,1
4598,57,2038,3
4599,26,7411,4
4600,36,4996,1
4601,29,5610,3
4602,25,5669,1
4603,16,5444,1
4604,30,4414,1
4605,28,4472,1
4606,36,37,1
4607,14,3118,1
4608,13,3290,1
4609,10,858,1
4610,51,511,2
4611,1,5079,1
4612,54,7282,1
4613,5,3822,1
4614,41,4008,1
4615,18,4245,1
4616,49,7002,1
4617,12,735,1
4618,41,6554,1
4619,1,5328,1
4620,48,2481,1
4621,27,5824,1
4622,57,4747,3
4623,27,6979,1
4624,13,1070,1
4625,53,917,2
4626,52,795,1
4627,32,3096,4
4628,30,3740,1
4629,52,3499,1
4630,39,1302,1
4631,34,5768,3
4632,21,1422,1
4633,26,7377,1
4634,27,6921,3
4635,45,1197,3
4636,1,6847,1
4637,59,427,1
4638,6,6238,1
4639,11,7444,1
4640,1,5743,1
4641,52,245,2
4642,24,3372,1
4643,22,5218,1
4644,23,7876,1
4645,12,1514,1
4646,60,6294,1
4647,38,3022,1
4648,13,2524,1
4649,9,1655,1
4650,11,1065,1
4651,13,5368,1
4652,38,5794,1
4653,36,4365,1
4654,21,7478,1
4655,9,2855,1
4656,43,550,1
4657,29,754,1
4658,32,2048,3
4659,5,3245,1
4660,55,3797,1
4661,21,6326,1
4662,45,5709,1
4663,57,4580,4
4664,21,4888,1
4665,42,4632,1
4666,2,5941,1
4667,2,7282,1
4668,32,6471,4
4669,9,572,1
4670,58,5731,3
4671,34,6271,1
4672,40,5742,1
4673,41,6332,1
4674,58,4082,1
4675,27,3548,1
4676,22,1859,1
4677,40,5452,1
4678,7,4960,1
4679,13,289,1
4680,60,171,1
4681,4,7642,1
4682,49,1383,1
4683,2,1421,1
4684,23,7938,1
4685,30,6626,1
4686,51,3645,1
4687,44,4863,1
4688,18,6109,1
4689,50,608,1
4690,37,2132,1
4691,15,4471,1
4692,7,3352,1
4693,13,7557,1
4694,51,5068,1
4695,36,3369,1
4696,17,6052,1
4697,52,7641,3
4698,31,3935,1
4699,52,1143,2
4700,17,2347,1
4701,3,7632,1
4702,20,133,1
4703,49,4801,1
4704,6,2276,1
4705,42,2328,3
4706,24,3417,1
4707,58,6050,2
4708,31,7796,2
4709,1,592,1
4710,50,2257,2
4711,34,3387,1
4712,39,1050,1
4713,35,7867,1
4714,42,1292,1
4715,18,2634,1
4716,60,3502,1
4717,41,4831,1
4718,59,1941,2
4719,2,2822,1
4720,59,6695,1
4721,38,7080,1
4722,47,5476,3
4723,53,2783,2
4724,27,7287,3
4725,26,7220,2
4726,43,6734,3
4727,39,3976,1
4728,34,4414,1
4729,57,2714,2
4730,16,14,1
4731,36,3307,1
4732,38,7017,1
4733,18,2339,1
4734,14,3028,1
4735,13,1589,1
4736,24,6728,1
4737,56,2128,1
4738,55,5353,3
4739,14,2149,1
4740,14,7070,1
4741,44,814,3
4742,19,5977,1
4743,32,5413,3
4744,40,6114,1
4745,5,5286,1
4746,17,3697,1
4747,4,4871,1
4748,45,7193,1
4749,9,1850,1
4750,35,928,1
4751,21,5821,1
4752,34,167,1
4753,55,1004,1
4754,21,6206,1
4755,11,7222,1
4756,23,1915,1
4757,15,1897,1
4758,45,7610,1
4759,13,4799,1
4760,32,1918,2
4761,16,4069,1
4762,27,2774,3
4763,42,6135,1
4764,59,5753,1
4765,57,416,3
4766,33,6426,1
4767,2,6867,1
4768,54,4944,2
4769,29,35,3
4770,49,3768,1
4771,9,6425,1
4772,57,7168,2
4773,10,2079,1
4774,33,2751,1
4775,23,2713,1
4776,30,2651,1
4777,4,7890,1
4778,23,2619,1
4779,30,7448,1
4780,12,7139,1
4781,42,6309,2
4782,50,1898,3
4783,26,6880,2
4784,34,2098,1
4785,43,10,2
4786,35,7824,1
4787,52,730,1
4788,13,6486,1
4789,33,4833,1
4790,28,640,1
4791,7,2351,1
4792,28,6993,3
4793,60,6443,1
4794,34,5241,1
4795,49,4587,1
4796,1,1820,1
4797,43,3576,1
4798,2,7702,1
4799,39,4497,1
4800,47,1699,1
4801,37,1748,1
4802,52,1062,1
4803,12,455,1
4804,28,5380,3
4805,5,7664,1
4806,22,7308,1
4807,19,1539,1
4808,55,5832,1
4809,39,6806,1
4810,29,3320,3
4811,51,6847,1
4812,40,6576,1
4813,2,2568,1
4814,49,7008,1
4815,27,7143,1
4816,55,3261,1
4817,57,6878,3
4818,13,349,1
4819,2,5645,1
4820,60,3463,1
4821,52,7327,2
4822,34,5329,2
4823,36,3921,1
4824,42,5091,3
4825,32,417,2
4826,4,3339,1
4827,49,5475,1
4828,27,4601,1
4829,56,1258,4
4830,56,3946,2
4831,3,877,1
4832,7,486,1
4833,33,6838,2
4834,18,6074,1
4835,19,7793,1
4836,3,6353,1
4837,17,7312,1
4838,29,1233,1
4839,51,1040,1
4840,8,3820,1
4841,4,3455,1
4842,11,3974,1
4843,36,5282,1
4844,48,2167,1
4845,40,5794,1
4846,8,1949,1
4847,5,713,1
4848,34,1679,2
4849,34,6746,3
4850,32,2468,1
4851,5,1375,1
4852,59,7067,3
4853,37,7317,2
4854,2,4596,1
4855,49,7145,1
4856,43,53,1
4857,17,5453,1
4858,17,3470,1
4859,12,2245,1
4860,50,6028,3
4861,48,6044,1
4862,8,4552,1
4863,7,7520,1
4864,2,6177,1
4865,32,1839,2
4866,58,1927,2
4867,14,3269,1
4868,10,2509,1
4869,20,517,1
4870,13,4563,1
4871,13,5957,1
4872,60,1806,1
4873,54,2890,4
4874,59,51,1
4875,19,3744,1
4876,29,356,4
4877,49,3852,1
4878,11,5227,1
4879,2,4379,1
4880,19,7537,1
4881,42,1414,2
4882,47,1778,1
4883,4,4719,1
4884,38,6469,1
4885,37,2066,2
4886,42,4143,3
4887,2,6745,1
4888,50,2613,3
4889,57,6811,4
4890,23,1115,1
4891,25,5125,1
4892,36,2442,1
4893,7,5223,1
4894,58,660,3
4895,37,1039,2
4896,7,3482,1
4897,9,6784,1
4898,19,4619,1
4899,49,376,1
4900,22,3807,1
4901,54,5350,1
4902,33,2254,2
4903,54,3295,2
4904,59,3590,1
4905,28,1759,1
4906,6,5367,1
4907,10,2393,1
4908,4,3899,1
4909,24,6812,1
4910,10,1470,1
4911,11,6063,1
4912,49,7590,1
4913,29,7047,3
4914,42,372,3
4915,56,5155,3
4916,43,7848,3
4917,17,7742,1
4918,45,2082,3
4919,58,7936,4
4920,1,5777,1
4921,57,2029,3
4922,45,139,3
4923,20,6003,1
4924,59,2003,3
4925,21,723,1
4926,2,4416,1
4927,24,4108,1
4928,26,603,1
4929,16,5290,1
4930,49,5817,1
4931,53,394,3
4932,8,5284,1
4933,41,3730,1
4934,27,4785,1
4935,54,5317,1
4936,24,6743,1
4937,30,7465,1
4938,52,4170,3
4939,1,1946,1
4940,57,4820,1
4941,13,2064,1
4942,12,7215,1
4943,26,7554,3
4944,33,3516,2
4945,12,5913,1
4946,1,799,1
4947,60,4631,1
4948,16,6177,1
4949,22,5973,1
4950,56,275,1
4951,8,7153,1
4952,33,3997,2
4953,28,7084,3
4954,15,7667,1
4955,14,5978,1
4956,47,2891,1
4957,57,6999,1
4958,44,3319,1
4959,52,7871,1
4960,49,5323,1
4961,16,3391,1
4962,15,540,1
4963,29,7408,2
4964,35,451,1
4965,59,6138,2
4966,58,5206,1
4967,8,6023,1
4968,48,5320,1
4969,52,4643,2
4970,12,1404,1
4971,32,1097,3
4972,50,3917,2
4973,4,1764,1
4974,10,4290,1
4975,31,2865,1
4976,25,6008,1
4977,21,141,1
4978,29,7700,3
4979,8,2206,1
4980,25,5994,1
4981,13,4693,1
4982,6,6712,1
4983,27,5047,2
4984,45,3933,1
4985,27,1060,1
4986,57,3116,2
4987,40,1907,1
4988,41,1340,1
4989,15,6209,1
4990,48,2959,1
4991,59,2986,4
4992,33,4319,2
4993,13,6657,1
4994,44,6657,2
4995,38,5167,1
4996,36,1576,1
4997,10,498,1
4998,8,6697,1
4999,15,3088,1
5000,1,3377,1
5001,16,5444,1
5002,34,7243,2
5003,7,3330,1
5004,30,3756,1
5005,10,6384,1
5006,25,4731,1
5007,18,5656,1
5008,12,5338,1
5009,42,7147,2
5010,19,4363,1
5011,60,856,1
5012,59,2183,3
5013,59,3124,2
5014,23,325,1
5015,10,7026,1
5016,36,4130,1
5017,39,1281,1
5018,55,6973,1
5019,26,1494,1
5020,34,6240,1
5021,29,2097,2
5022,59,571,1
5023,45,2925,1
5024,13,7868,1
5025,27,1386,1
5026,36,3980,1
5027,18,5998,1
5028,52,7399,1
5029,52,5869,3
5030,48,285,1
5031,29,5235,1
5032,11,2477,1
5033,40,7080,1
5034,50,6148,1
5035,60,4478,1
5036,56,509,1
5037,4,3481,1
5038,34,5337,1
5039,32,5599,3
5040,6,6038,1
5041,26,2619,1
5042,13,3182,1
5043,45,1638,1
5044,56,3147,2
5045,28,7568,2
5046,10,4038,1
5047,44,4086,3
5048,5,6117,1
5049,45,1528,3
5050,7,7619,1
5051,13,5907,1
5052,47,2958,1
5053,33,5016,3
5054,47,3707,3
5055,34,4026,3
5056,47,3683,1
5057,33,4969,1
5058,5,1782,1
5059,26,4700,2
5060,22,6877,1
5061,21,541,1
5062,4,2430,1
5063,41,4537,1
5064,8,4559,1
5065,32,6839,3
5066,4,746,1
5067,16,1084,1
5068,53,262,2
5069,14,2154,1
5070,31,7237,1
5071,4,5757,1
5072,29,5944,1
5073,33,1239,3
5074,49,7529,1
5075,49,6921,1
5076,37,7537,3
5077,7,6528,1
5078,13,504,1
5079,2,7917,1
5080,2,5543,1
5081,8,736,1
5082,39,2696,1
5083,60,5805,1
5084,59,2752,3
5085,28,4660,1
5086,12,7740,1
5087,19,7643,1
5088,6,7507,1
5089,11,5810,1
5090,60,4789,1
5091,28,5913,2
5092,37,4209,2
5093,1,5371,1
5094,39,6107,1
5095,43,5022,2
5096,33,4310,1
5097,60,5563,1
5098,43,7832,3
5099,25,3623,1
5100,16,5261,1
5101,24,1980,1
5102,3,1722,1
5103,2,4893,1
5104,5,4560,1
5105,23,2257,1
5106,44,3578,1
5107,32,40,2
5108,13,6476,1
5109,48,1254,1
5110,33,303,1
5111,26,3497,1
5112,7,7015,1
5113,21,2659,1
5114,56,1179,2
5115,38,3063,1
5116,13,997,1
5117,21,319,1
5118,10,7839,1
5119,32,4275,1
5120,56,7727,1
5121,15,1307,1
5122,46,679,2
5123,28,932,1
5124,10,7173,1
5125,32,5903,3
5126,8,3255,1
5127,13,3234,1
5128,45,666,2
5129,33,5920,2
5130,54,3129,2
5131,47,2876,1
5132,51,562,1
5133,21,3343,1
5134,32,3141,2
5135,18,5969,1
5136,15,7044,1
5137,20,2208,1
5138,12,2059,1
5139,9,2680,1
5140,9,7666,1
5141,54,7224,4
5142,15,1988,1
5143,38,5291,1
5144,27,6930,2
5145,46,5261,4
5146,54,3664,1
5147,55,7492,1
5148,3,52,1
5149,44,5059,3
5150,36,6342,1
5151,30,1598,1
5152,32,4511,2
5153,60,7781,1
5154,60,7500,1
5155,28,3723,1
5156,32,1474,3
5157,45,4559,2
5158,57,7090,1
5159,54,7635,1
5160,26,5718,4
5161,44,306,2
5162,23,3804,1
5163,58,7326,1
5164,35,244,1
5165,3,145,1
5166,19,2117,1
5167,54,5796,1
5168,18,2123,1
5169,46,6955,2
5170,58,1455,2
5171,20,5001,1
5172,24,3875,1
5173,46,7727,1
5174,7,4381,1
5175,37,2967,2
5176,58,2735,2
5177,28,4498,2
5178,59,5396,1
5179,57,781,1
5180,50,3365,2
5181,58,104,3
5182,53,6270,3
5183,37,1336,1
5184,55,6931,1
5185,9,7439,1
5186,55,6545,3
5187,28,6367,3
5188,37,6487,3
5189,42,3792,3
5190,1,2445,1
5191,7,5579,1
5192,45,7371,3
5193,3,7537,1
5194,20,7120,1
5195,44,755,2
5196,11,3070,1
5197,29,7172,1
5198,37,4351,3
5199,24,6408,1
5200,2,867,1
5201,36,4229,1
5202,16,4873,1
5203,17,3686,1
5204,35,2393,1
5205,21,2960,1
5206,12,7500,1
5207,43,5355,1
5208,23,7874,1
5209,31,7009,1
5210,21,7569,1
5211,47,4676,1
5212,60,5160,1
5213,39,3966,1
5214,38,1564,1
5215,28,2692,2
5216,25,4752,1
5217,56,6614,2
5218,23,6151,1
5219,55,3286,2
5220,20,4953,1
5221,17,1170,1
5222,48,2151,1
5223,7,3982,1
5224,50,7760,2
5225,31,5492,1
5226,9,7609,1
5227,38,2912,1
5228,26,6437,3
5229,16,6555,1
5230,12,3281,1
5231,28,5265,3
5232,26,4675,3
5233,39,1838,1
5234,10,5353,1
5235,1,5400,1
5236,46,5720,2
5237,25,2061,1
5238,11,6407,1
5239,7,5459,1
5240,6,4545,1
5241,36,6370,1
5242,56,2143,1
5243,42,5080,1
5244,23,650,1
5245,46,3313,2
5246,26,138,3
5247,19,5525,1
5248,11,4389,1
5249,43,6390,3
5250,7,1452,1
5251,44,3522,2
5252,13,4910,1
5253,48,444,1
5254,47,5769,1
5255,11,1217,1
5256,49,3800,1
5257,33,3098,3
5258,18,576,1
5259,55,4875,3
5260,60,221,1
5261,8,1698,1
5262,2,2026,1
5263,59,7000,1
5264,24,4242,1
5265,38,1107,1
5266,37,774,1
5267,46,806,3
5268,7,1961,1
5269,24,3137,1
5270,45,7393,1
5271,30,3008,1
5272,57,2731,1
5273,34,6766,1
5274,28,7608,3
5275,41,3262,1
5276,46,1794,3
5277,55,4664,1
5278,37,3477,3
5279,57,821,4
5280,52,2676,1
5281,25,335,1
5282,9,1269,1
5283,57,3762,2
5284,49,5354,1
5285,15,2388,1
5286,43,5719,1
5287,29,1126,2
5288,11,2202,1
5289,6,7393,1
5290,13,3669,1
5291,58,1069,1
5292,17,3531,1
5293,36,2248,1
5294,9,4505,1
5295,6,1793,1
5296,42,5748,2
5297,54,3291,3
5298,2,7885,1
5299,10,448,1
5300,47,2263,2
5301,39,5209,1
5302,41,3794,1
5303,45,3878,2
5304,50,3758,1
5305,43,3366,1
5306,18,3156,1
5307,36,532,1
5308,54,5001,2
5309,33,5146,1
5310,10,880,1
5311,11,2533,1
5312,38,6416,1
5313,59,7053,3
5314,29,1444,3
5315,1,2898,1
5316,55,6919,1
5317,10,7329,1
5318,9,6268,1
5319,57,6500,1
5320,4,3442,1
5321,37,2351,3
5322,14,3240,1
5323,11,1192,1
5324,34,205,3
5325,8,6057,1
5326,1,7823,1
5327,37,6231,1
5328,22,998,1
5329,53,3822,1
5330,1,3412,1
5331,48,907,1
5332,16,2068,1
5333,5,7813,1
5334,19,7284,1
5335,1,1081,1
5336,20,3356,1
5337,27,4733,1
5338,48,2336,1
5339,60,6262,1
5340,21,7474,1
5341,60,1858,1
5342,57,5131,3
5343,19,7806,1
5344,11,2825,1
5345,12,764,1
5346,1,5540,1
5347,31,7779,3
5348,43,137,1
5349,52,1571,3
5350,54,4261,3
5351,32,3937,4
5352,11,4531,1
5353,18,4561,1
5354,43,3041,1
5355,26,1186,1
5356,34,4645,2
5357,32,3373,2
5358,2,2782,1
5359,52,6789,3
5360,31,4000,3
5361,48,4312,1
5362,47,2523,1
5363,13,1511,1
5364,37,975,1
5365,9,209,1
5366,55,1776,1
5367,2,2437,1
5368,48,5560,1
5369,55,6762,3
5370,5,5059,1
5371,28,1938,3
5372,53,263,1
5373,25,418,1
5374,30,2651,1
5375,28,1703,3
5376,16,5348,1
5377,54,5689,3
5378,6,346,1
5379,8,44,1
5380,29,1518,3
5381,40,6057,1
5382,2,6389,1
5383,5,1617,1
5384,17,3168,1
5385,17,3575,1
5386,19,7610,1
5387,60,4509,1
5388,34,7934,2
5389,16,7319,1
5390,17,947,1
5391,27,6690,1
5392,18,1439,1
5393,18,2153,1
5394,60,1074,1
5395,19,4859,1
5396,27,7329,2
5397,10,537,1
5398,26,3428,2
5399,45,1378,1
5400,35,6546,1
5401,57,3533,1
5402,59,648,3
5403,45,1794,2
5404,60,2232,1
5405,18,6052,1
5406,50,1483,1
5407,20,3026,1
5408,22,4004,1
5409,51,1131,3
5410,40,2475,1
5411,22,7640,1
5412,60,4997,1
5413,48,1101,1
5414,33,5550,1
5415,56,6309,3
5416,39,7493,1
5417,46,7176,3
5418,45,1451,2
5419,9,7586,1
5420,20,17,1
5421,34,197,4
5422,2,5352,1
5423,36,5808,1
5424,57,3093,2
5425,18,7642,1
5426,53,723,1
5427,27,6406,1
5428,25,5820,1
5429,38,7455,1
5430,28,1632,1
5431,10,3995,1
5432,9,2185,1
5433,7,1091,1
5434,18,2160,1
5435,52,579,2
5436,56,2227,3
5437,47,1605,1
5438,9,3058,1
5439,40,4702,1
5440,23,7923,1
5441,28,3532,2
5442,5,7561,1
5443,5,4358,1
5444,45,4095,1
5445,3,577,1
5446,60,7898,1
5447,54,7797,3
5448,15,4667,1
5449,14,705,1
5450,30,4539,1
5451,3,5235,1
5452,16,2577,1
5453,37,7652,3
5454,30,7693,1
5455,32,1373,1
5456,14,6100,1
5457,20,5818,1
5458,39,2761,1
5459,35,2143,1
5460,22,1110,1
5461,52,7157,3
5462,29,7168,2
5463,53,1690,2
5464,20,4776,1
5465,45,5972,2
5466,44,2137,2
5467,39,829,1
5468,7,5795,1
5469,60,5371,1
5470,12,514,1
5471,51,6001,1
5472,12,5292,1
5473,17,6504,1
5474,17,7231,1
5475,24,3401,1
5476,51,5245,1
5477,53,6868,3
5478,25,597,1
5479,31,5242,2
5480,21,7601,1
5481,30,2021,1
5482,49,652,1
5483,2,4678,1
5484,3,2783,1
5485,15,6704,1
5486,1,2253,1
5487,46,7132,2
5488,57,2491,3
5489,10,7780,1
5490,58,5976,3
5491,54,3256,3
5492,30,3458,1
5493,39,1309,1
5494,20,4966,1
5495,52,3394,2
5496,34,1238,1
5497,57,6091,3
5498,14,2083,1
5499,53,5944,2
5500,55,770,1
5501,14,5194,1
5502,2,5729,1
5503,30,2478,1
5504,30,4598,1
5505,50,5091,1
5506,17,1922,1
5507,40,1832,1
5508,22,5719,1
5509,14,5684,1
5510,49,1140,1
5511,23,5166,1
5512,58,1910,3
5513,5,4484,1
5514,54,1392,3
5515,18,7266,1
5516,48,56,1
5517,5,7205,1
5518,6,4440,1
5519,48,966,1
5520,57,1931,2
5521,25,4889,1
5522,24,3169,1
5523,16,6168,1
5524,15,6652,1
5525,32,6481,2
5526,6,206,1
5527,42,767,1
5528,58,7339,1
5529,46,4913,3
5530,15,2951,1
5531,48,3258,1
5532,44,3963,1
5533,55,618,3
5534,19,5550,1
5535,9,932,1
5536,27,1366,2
5537,40,5240,1
5538,4,6108,1
5539,5,6906,1
5540,55,5446,2
5541,40,4759,1
5542,8,5085,1
5543,21,2567,1
5544,4,5450,1
5545,60,1305,1
5546,36,2520,1
5547,54,1472,2
5548,26,235,1
5549,12,2293,1
5550,4,3760,1
5551,41,4778,1
5552,2,3830,1
5553,58,2110,1
5554,33,1998,3
5555,5,7396,1
5556,12,6953,1
5557,34,6585,1
5558,6,1,1
5559,20,1372,1
5560,53,5734,3
5561,24,7926,1
5562,26,6191,4
5563,55,332,1
5564,1,251,1
5565,54,7428,1
5566,24,7731,1
5567,31,6729,1
5568,41,5177,1
5569,13,2474,1
5570,49,1124,1
5571,60,1253,1
5572,1,632,1
5573,44,7737,3
5574,26,7223,2
5575,3,7657,1
5576,54,7614,4
5577,42,5919,1
5578,60,3885,1
5579,34,6592,2
5580,16,2903,1
5581,20,1297,1
5582,2,3172,1
5583,22,4736,1
5584,10,321,1
5585,23,1446,1
5586,6,5031,1
5587,49,562,1
5588,49,3585,1
5589,23,4810,1
5590,19,63,1
5591,17,6496,1
5592,55,2737,1
5593,22,2330,1
5594,7,374,1
5595,2,4532,1
5596,12,5395,1
5597,29,5942,3
5598,38,2943,1
5599,38,344,1
5600,48,674,1
5601,5,6680,1
5602,43,4158,3
5603,30,7399,1
5604,40,145,1
5605,14,6809,1
5606,41,5351,1
5607,34,6923,2
5608,2,3390,1
5609,20,4228,1
5610,54,1303,1
5611,42,7894,2
5612,41,2631,1
5613,21,3574,1
5614,21,2898,1
5615,15,5985,1
5616,28,7589,1
5617,9,7114,1
5618,8,6808,1
5619,15,2779,1
5620,54,6749,3
5621,59,2139,1
5622,10,147,1
5623,5,1793,1
5624,57,7229,1
5625,31,5589,3
5626,58,5527,1
5627,7,3483,1
5628,9,7873,1
5629,21,3806,1
5630,3,5266,1
5631,4,553,1
5632,55,5343,3
5633,42,4048,3
5634,41,4996,1
5635,58,6707,3
5636,5,3370,1
5637,3,6477,1
5638,49,4092,1
5639,38,1523,1
5640,7,414,1
5641,44,1920,2
5642,49,6294,1
5643,4,4063,1
5644,43,4233,1
5645,8,1904,1
5646,8,292,1
5647,1,4777,1
5648,41,1331,1
5649,50,4803,3
5650,57,2441,3
5651,44,4236,3
5652,5,6345,1
5653,8,7155,1
5654,55,4010,3
5655,31,5035,2
5656,57,1860,1
5657,12,6509,1
5658,36,6146,1
5659,55,5358,3
5660,25,6864,1
5661,59,6802,3
5662,6,1946,1
5663,36,7097,1
5664,55,1316,3
5665,12,92,1
5666,52,2467,4
5667,32,1982,3
5668,7,5665,1
5669,18,5587,1
5670,21,3218,1
5671,18,7312,1
5672,29,5865,1
5673,23,5958,1
5674,13,2895,1
5675,28,2259,2
5676,47,1265,1
5677,27,6661,2
5678,26,4552,1
5679,13,6298,1
5680,13,4380,1
5681,56,4323,1
5682,49,6403,1
5683,57,717,1
5684,59,253,1
5685,28,698,3
5686,55,153,2
5687,26,2581,2
5688,16,2059,1
5689,55,4609,2
5690,23,5534,1
5691,16,5461,1
5692,40,4251,1
5693,21,7923,1
5694,35,5809,1
5695,8,2379,1
5696,56,3542,3
5697,15,6807,1
5698,8,3210,1
5699,35,6804,1
5700,12,3957,1
5701,60,287,1
5702,57,1554,2
5703,24,7579,1
5704,8,2659,1
5705,22,4271,1
5706,7,6476,1
5707,52,2913,3
5708,60,6644,1
5709,59,7718,1
5710,48,2727,1
5711,48,6849,1
5712,57,6416,1
5713,46,1077,1
5714,15,6284,1
5715,6,6139,1
5716,55,1626,3
5717,53,3409,2
5718,19,3718,1
5719,15,7836,1
5720,11,6145,1
5721,41,4693,1
5722,17,6495,1
5723,10,4370,1
5724,16,6353,1
5725,9,2765,1
5726,24,2067,1
5727,9,4972,1
5728,49,4207,1
5729,47,4829,3
5730,10,5320,1
5731,52,7479,3
5732,53,4861,3
5733,32,7585,2
5734,30,7140,1
5735,20,3727,1
5736,59,745,1
5737,51,5598,2
5738,41,3111,1
5739,3,1003,1
5740,45,1084,2
5741,42,5640,3
5742,41,5679,1
5743,10,3232,1
5744,44,2347,3
5745,60,4904,1
5746,25,6826,1
5747,32,1748,1
5748,45,1424,2
5749,22,2554,1
5750,56,5602,1
5751,35,7798,1
5752,35,7534,1
5753,4,5144,1
5754,30,4099,1
5755,50,2066,2
5756,10,7088,1
5757,55,7778,2
5758,49,2289,1
5759,48,3160,1
5760,29,757,1
5761,53,938,2
5762,10,1924,1
5763,44,6220,2
5764,14,853,1
5765,43,2939,3
5766,42,3453,3
5767,41,6604,1
5768,15,6246,1
5769,47,329,2
5770,28,7272,2
5771,5,3533,1
5772,5,2411,1
5773,50,5825,2
5774,45,4923,1
5775,52,3041,2
5776,21,4399,1
5777,59,2584,1
5778,30,5912,1
5779,49,2615,1
5780,46,6201,3
5781,9,4264,1
5782,8,6826,1
5783,25,6338,1
5784,52,4535,3
5785,51,3239,1
5786,49,5596,1
5787,21,4156,1
5788,14,7796,1
5789,22,3185,1
5790,1,6320,1
5791,17,945,1
5792,24,3349,1
5793,47,6316,1
5794,50,6135,1
5795,14,46,1
5796,21,2974,1
5797,17,1952,1
5798,58,4375,2
5799,50,2338,2
5800,14,295,1
5801,28,2875,2
5802,15,6483,1
5803,10,4006,1
5804,37,4573,3
5805,45,6299,2
5806,56,3533,1
5807,52,6451,3
5808,58,3076,1
5809,8,1932,1
5810,22,626,1
5811,32,4031,1
5812,47,1725,2
5813,59,1809,3
5814,3,2796,1
5815,28,5338,2
5816,20,3422,1
5817,22,5014,1
5818,7,1719,1
5819,51,4600,1
5820,56,4078,3
5821,17,1564,1
5822,34,3842,2
5823,8,992,1
5824,34,7844,3
5825,31,5178,2
5826,40,6627,1
5827,6,5172,1
5828,36,4857,1
5829,22,917,1
5830,17,7239,1
5831,22,5202,1
5832,22,1513,1
5833,25,6252,1
5834,25,3629,1
5835,22,7806,1
5836,46,2875,3
5837,10,3163,1
5838,30,4943,1
5839,23,581,1
5840,26,7750,1
5841,57,4162,2
5842,55,5189,3
5843,57,684,2
5844,4,501,1
5845,41,7371,1
5846,41,4255,1
5847,3,961,1
5848,55,3985,1
5849,19,2624,1
5850,58,6531,1
5851,38,6610,1
5852,13,755,1
5853,46,5032,3
5854,60,4321,1
5855,38,6073,1
5856,53,2824,3
5857,1,1046,1
5858,29,3958,3
5859,55,7248,1
5860,8,7190,1
5861,29,3527,1
5862,40,4793,1
5863,24,6152,1
5864,52,5006,3
5865,22,1940,1
5866,36,2303,1
5867,15,7185,1
5868,58,1965,2
5869,39,5240,1
5870,22,6855,1
5871,53,294,3
5872,10,5364,1
5873,52,2275,3
5874,12,6533,1
5875,54,1622,1
5876,4,1976,1
5877,60,6337,1
5878,18,1245,1
5879,47,1664,2
5880,25,57,1
5881,43,6951,3
5882,20,3168,1
5883,60,7747,1
5884,24,120,1
5885,10,6214,1
5886,6,4235,1
5887,41,1603,1
5888,21,7326,1
5889,23,1822,1
5890,30,1014,1
5891,1,5700,1
5892,55,7472,3
5893,10,531,1
5894,39,6803,1
5895,59,7711,1
5896,47,2933,1
5897,28,6741,1
5898,45,5858,1
5899,43,1916,3
5900,44,3457,1
5901,28,2822,2
5902,5,6592,1
5903,42,7663,3
5904,57,2675,2
5905,20,5462,1
5906,44,2065,2
5907,57,6787,1
5908,12,510,1
5909,8,2204,1
5910,15,3863,1
5911,15,3033,1
5912,53,2672,2
5913,27,4739,2
5914,11,6901,1
5915,34,6643,2
5916,18,7166,1
5917,47,7062,1
5918,40,592,1
5919,41,4716,1
5920,12,5634,1
5921,24,3589,1
5922,50,426,4
5923,38,4530,1
5924,39,208,1
5925,23,88,1
5926,45,5970,1
5927,3,6409,1
5928,58,885,1
5929,47,43,1
5930,16,3123,1
5931,58,5898,1
5932,49,533,1
5933,33,2605,1
5934,49,2106,1
5935,2,728,1
5936,5,7352,1
5937,37,4865,3
5938,51,6665,1
5939,43,6827,4
5940,42,1136,2
5941,54,2231,3
5942,11,285,1
5943,43,6086,3
5944,4,2496,1
5945,9,3940,1
5946,19,5497,1
5947,31,4885,2
5948,42,1333,3
5949,24,7350,1
5950,14,4484,1
5951,50,888,3
5952,30,6139,1
5953,29,6367,2
5954,56,7883,3
5955,36,7289,1
5956,25,5011,1
5957,27,5094,1
5958,31,1892,3
5959,28,6145,1
5960,44,4962,2
5961,49,881,1
5962,3,5085,1
5963,24,3535,1
5964,10,6671,1
5965,34,4376,2
5966,43,3241,3
5967,26,7709,3
5968,51,4303,1
5969,34,1869,3
5970,17,4752,1
5971,44,1038,3
5972,12,1725,1
5973,5,3968,1
5974,33,7600,1
5975,55,462,2
5976,34,2474,2
5977,27,3484,1
5978,58,3911,1
5979,11,2308,1
5980,55,5731,1
5981,8,2142,1
5982,40,7052,1
5983,5,4034,1
5984,40,3256,1
5985,23,304,1
5986,16,5749,1
5987,13,5659,1
5988,16,2837,1
5989,22,4226,1
5990,15,4243,1
5991,13,4085,1
5992,18,6958,1
5993,2,5777,1
5994,60,7910,1
5995,30,7338,1
5996,30,2601,1
5997,42,2083,1
5998,10,4433,1
5999,45,2766,1
6000,7,4104,1
6001,17,3722,1
6002,11,5543,1
6003,49,1946,1
6004,60,4207,1
6005,39,1713,1
6006,47,3083,3
6007,59,1698,1
6008,45,3379,2
6009,3,6012,1
6010,14,2923,1
6011,3,1411,1
6012,28,6932,1
6013,52,6280,2
6014,52,1530,2
6015,40,2084,1
6016,8,6625,1
6017,33,466,1
6018,58,7844,3
6019,6,7342,1
6020,44,5291,2
6021,50,650,2
6022,60,6671,1
6023,23,1801,1
6024,31,4009,2
6025,2,5298,1
6026,29,1749,2
6027,24,2118,1
6028,17,5431,1
6029,24,1548,1
6030,38,166,1
6031,22,5249,1
6032,21,6036,1
6033,8,2521,1
6034,24,7576,1
6035,43,6578,1
6036,33,2379,1
6037,40,4981,1
6038,51,6968,3
6039,36,3280,1
6040,44,7913,1
6041,36,3098,1
6042,24,2322,1
6043,38,468,1
6044,35,1188,1
6045,35,5806,1
6046,48,534,1
6047,21,1667,1
6048,51,2703,1
6049,3,7553,1
6050,56,7561,1
6051,59,4642,1
6052,3,1974,1
6053,48,4018,1
6054,34,6733,1
6055,10,1141,1
6056,11,3866,1
6057,45,7740,1
6058,1,358,1
6059,19,7620,1
6060,55,1120,2
6061,59,5542,1
6062,44,3008,2
6063,53,7846,1
6064,9,6761,1
6065,42,7573,2
6066,48,7484,1
6067,23,2348,1
6068,56,5491,1
6069,18,7436,1
6070,41,769,1
6071,38,5637,1
6072,20,4955,1
6073,29,2378,1
6074,15,1892,1
6075,30,3879,1
6076,21,6820,1
6077,4,7635,1
6078,4,5559,1
6079,47,2764,1
6080,6,4835,1
6081,32,4362,1
6082,16,7180,1
6083,44,4672,2
6084,29,3590,2
6085,60,776,1
6086,15,7247,1
6087,42,5293,1
6088,39,1822,1
6089,31,7710,1
6090,55,2095,3
6091,18,3913,1
6092,27,6358,3
6093,37,2811,1
6094,5,4887,1
6095,34,1546,1
6096,60,7850,1
6097,12,7053,1
6098,40,7786,1
6099,41,7826,1
6100,17,879,1
6101,31,1934,1
6102,10,689,1
6103,42,3615,1
6104,34,3813,1
6105,46,773,1
6106,29,5358,1
6107,24,3153,1
6108,33,607,1
6109,2,7332,1
6110,60,5037,1
6111,31,7123,1
6112,15,7771,1
6113,41,1993,1
6114,11,7623,1
6115,20,2141,1
6116,8,7319,1
6117,38,3469,1
6118,26,7087,2
6119,15,1566,1
6120,38,2038,1
6121,47,6728,3
6122,56,1154,3
6123,19,5432,1
6124,5,4471,1
6125,27,4575,3
6126,29,5115,1
6127,4,3847,1
6128,9,7383,1
6129,5,4193,1
6130,8,4893,1
6131,14,5822,1
6132,28,4975,3
6133,34,3375,1
6134,11,7734,1
6135,15,2872,1
6136,26,3459,1
6137,15,3428,1
6138,8,1053,1
6139,43,15,1
6140,56,5939,3
6141,13,2063,1
6142,32,1737,3
6143,57,6075,1
6144,24,3849,1
6145,1,5591,1
6146,16,293,1
6147,26,4557,3
6148,28,4986,2
6149,5,2563,1
6150,20,887,1
6151,16,3219,1
6152,28,7083,1
6153,13,3922,1
6154,40,2549,1
6155,37,289,1
6156,60,7125,1
6157,21,2643,1
6158,56,809,1
6159,28,3030,2
6160,13,6164,1
6161,52,4175,2
6162,59,6567,3
6163,27,4237,2
6164,57,3263,2
6165,58,1318,3
6166,56,6647,3
6167,55,3024,2
6168,10,530,1
6169,28,1465,1
6170,27,3365,3
6171,8,4807,1
6172,53,4105,3
6173,32,2549,1
6174,25,5623,1
6175,15,6663,1
6176,1,5691,1
6177,41,718,1
6178,2,7225,1
6179,25,7077,1
6180,25,4125,1
6181,60,5266,1
6182,42,6430,3
6183,12,3547,1
6184,50,4015,2
6185,18,1093,1
6186,3,7114,1
6187,32,6941,1
6188,11,3799,1
6189,7,2100,1
6190,47,1432,3
6191,42,7693,2
6192,53,5318,2
6193,6,3558,1
6194,54,3785,3
6195,23,5843,1
6196,7,5018,1
6197,25,1223,1
6198,57,7597,3
6199,24,1190,1
6200,46,797,3
6201,46,221,3
6202,37,5821,1
6203,32,6886,2
6204,13,3546,1
6205,25,2593,1
6206,53,6539,2
6207,34,7750,3
6208,60,136,1
6209,10,3750,1
6210,38,7894,1
6211,42,2428,1
6212,51,6205,1
6213,44,162,1
6214,39,3220,1
6215,12,7718,1
6216,19,2362,1
6217,27,5126,2
6218,32,1272,3
6219,34,210,3
6220,28,937,1
6221,58,5153,2
6222,35,3860,1
6223,17,4856,1
6224,11,1303,1
6225,27,2338,1
6226,16,6631,1
6227,2,181,1
6228,42,4462,1
6229,4,2415,1
6230,60,7451,1
6231,33,6841,2
6232,32,4094,3
6233,10,2500,1
6234,18,325,1
6235,12,5661,1
6236,34,7038,2
6237,22,3798,1
6238,56,6794,2
6239,32,4165,2
6240,37,6766,3
6241,32,2264,1
6242,23,6713,1
6243,36,783,1
6244,20,4694,1
6245,54,7250,1
6246,5,7638,1
6247,44,5916,2
6248,42,2353,2
6249,10,3334,1
6250,39,1481,1
6251,24,607,1
6252,51,6944,2
6253,51,5896,1
6254,58,6306,2
6255,39,6059,1
6256,13,6318,1
6257,45,1689,1
6258,40,1798,1
6259,27,2320,2
6260,28,2234,1
6261,58,426,3
6262,2,6293,1
6263,60,715,1
6264,31,4916,1
6265,21,4485,1
6266,7,5069,1
6267,55,2421,2
6268,37,5136,1
6269,59,3164,1
6270,5,376,1
6271,29,7148,3
6272,30,3520,1
6273,26,3450,1
6274,43,3929,3
6275,23,5714,1
6276,17,2522,1
6277,3,2174,1
6278,18,3540,1
6279,36,3937,1
6280,13,3138,1
6281,38,4580,1
6282,53,1676,1
6283,36,6482,1
6284,42,7763,4
6285,3,5446,1
6286,38,98,1
6287,24,6299,1
6288,44,3462,1
6289,15,7292,1
6290,56,2850,1
6291,30,6701,1
6292,41,1986,1
6293,56,7067,1
6294,5,5950,1
6295,5,2648,1
6296,27,7687,3
6297,21,1541,1
6298,8,6424,1
6299,33,3451,3
6300,23,3872,1
6301,33,2165,3
6302,33,2721,2
6303,36,1690,1
6304,15,2381,1
6305,58,2224,4
6306,30,5631,1
6307,40,4885,1
6308,39,2573,1
6309,21,5535,1
6310,52,472,1
6311,7,152,1
6312,11,6214,1
6313,8,6003,1
6314,15,291,1
6315,58,5740,2
6316,48,2814,1
6317,10,5113,1
6318,23,4006,1
6319,22,4193,1
6320,11,6149,1
6321,57,7259,1
6322,8,3460,1
6323,36,6909,1
6324,8,3373,1
6325,15,4534,1
6326,6,7412,1
6327,28,2892,1
6328,4,3266,1
6329,41,2839,1
6330,52,4035,1
6331,55,562,1
6332,1,2898,1
6333,26,5316,1
6334,41,351,1
6335,53,5097,2
6336,19,2729,1
6337,10,1419,1
6338,49,7711,1
6339,17,6451,1
6340,23,1107,1
6341,36,984,1
6342,41,3047,1
6343,36,5468,1
6344,42,588,2
6345,4,6412,1
6346,48,7088,1
6347,11,7594,1
6348,41,5118,1
6349,43,7420,1
6350,40,4485,1
6351,16,5366,1
6352,26,44,1
6353,28,3765,1
6354,15,6427,1
6355,8,3259,1
6356,28,785,1
6357,3,2240,1
6358,48,4057,1
6359,16,6143,1
6360,15,4480,1
6361,42,1708,2
6362,33,1408,1
6363,10,438,1
6364,40,7889,1
6365,57,5661,1
6366,16,2115,1
6367,20,6855,1
6368,6,7701,1
6369,54,4222,1
6370,22,49,1
6371,57,5849,3
6372,54,896,3
6373,31,7663,2
6374,54,4133,1
6375,29,430,1
6376,31,3162,1
6377,25,4326,1
6378,14,5241,1
6379,48,2559,1
6380,2,1286,1
6381,43,2397,2
6382,6,7335,1
6383,7,7080,1
6384,6,2070,1
6385,47,4399,1
6386,30,6763,1
6387,11,6138,1
6388,46,3405,1
6389,9,5438,1
6390,43,212,1
6391,12,3141,1
6392,51,6239,3
6393,25,5066,1
6394,10,998,1
6395,45,3817,1
6396,34,153,3
6397,28,3687,2
6398,29,4176,3
6399,33,3558,3
6400,22,6339,1
6401,16,1807,1
6402,2,730,1
6403,42,1852,3
6404,57,7193,3
6405,2,6986,1
6406,1,2589,1
6407,13,2758,1
6408,29,4037,2
6409,17,4591,1
6410,35,3386,1
6411,41,4721,1
6412,3,2102,1
6413,28,36,1
6414,40,4326,1
6415,29,4504,3
6416,26,311,1
6417,19,6507,1
6418,45,1055,1
6419,23,5497,1
6420,1,3634,1
6421,48,7744,1
6422,19,81,1
6423,50,4059,1
6424,34,5474,2
6425,35,819,1
6426,1,5463,1
6427,6,2322,1
6428,51,6901,1
6429,40,6335,1
6430,51,7535,2
6431,48,7840,1
6432,5,4562,1
6433,53,85,1
6434,18,5443,1
6435,14,617,1
6436,12,6734,1
6437,40,4062,1
6438,7,5860,1
6439,45,2478,1
6440,13,1682,1
6441,40,6865,1
6442,31,3829,1
6443,1,6825,1
6444,50,2993,3
6445,50,2928,2
6446,23,383,1
6447,31,5646,2
6448,15,5923,1
6449,9,7301,1
6450,60,4317,1
6451,58,4461,3
6452,21,1569,1
6453,16,835,1
6454,32,7264,1
6455,34,4026,1
6456,27,1420,1
6457,28,4367,1
6458,18,2494,1
6459,20,948,1
6460,18,2230,1
6461,58,2130,4
6462,17,5875,1
6463,41,6455,1
6464,19,5539,1
6465,58,7132,1
6466,31,3166,3
6467,30,4862,1
6468,53,6716,2
6469,18,3967,1
6470,4,3472,1
6471,33,459,2
6472,18,3627,1
6473,1,6370,1
6474,8,3534,1
6475,12,6660,1
6476,32,4651,2
6477,35,1409,1
6478,36,5709,1
6479,58,3892,3
6480,26,6513,3
6481,54,1801,2
6482,59,1719,3
6483,6,7327,1
6484,5,3635,1
6485,20,4593,1
6486,27,5915,3
6487,50,5172,3
6488,42,4210,3
6489,13,15,1
6490,29,3509,1
6491,40,7879,1
6492,52,1231,1
6493,44,6777,1
6494,10,584,1
6495,31,2807,1
6496,27,5813,1
6497,53,1190,1
6498,31,6433,2
6499,15,2596,1
6500,51,5396,1
6501,31,3021,2
6502,8,6253,1
6503,40,3574,1
6504,37,5213,2
6505,22,6118,1
6506,47,2233,2
6507,29,3192,4
6508,46,3412,2
6509,29,6702,2
6510,22,3325,1
6511,2,2806,1
6512,15,7237,1
6513,54,3972,3
6514,29,2585,1
6515,30,4788,1
6516,49,7852,1
6517,24,140,1
6518,21,48,1
6519,10,511,1
6520,25,7772,1
6521,49,2919,1
6522,17,4037,1
6523,57,241,4
6524,38,2632,1
6525,59,6263,1
6526,10,7032,1
6527,8,7710,1
6528,54,5387,1
6529,9,245,1
6530,12,2428,1
6531,60,3538,1
6532,38,867,1
6533,34,338,2
6534,16,3044,1
6535,58,6920,1
6536,9,954,1
6537,40,6454,1
6538,51,6377,3
6539,19,7297,1
6540,15,736,1
6541,58,1476,3
6542,54,968,1
6543,48,4207,1
6544,19,6879,1
6545,32,123,1
6546,39,5137,1
6547,53,4895,1
6548,29,7777,2
6549,4,506,1
6550,10,5163,1
6551,9,872,1
6552,59,7129,1
6553,46,2036,3
6554,14,5143,1
6555,45,358,1
6556,31,6672,1
6557,10,7076,1
6558,20,7167,1
6559,2,1872,1
6560,51,2438,2
6561,17,1630,1
6562,48,3012,1
6563,42,4961,1
6564,48,3242,1
6565,9,6951,1
6566,56,7678,2
6567,22,2252,1
6568,40,759,1
6569,23,5428,1
6570,36,4242,1
6571,57,388,3
6572,39,649,1
6573,1,7240,1
6574,16,7281,1
6575,32,1866,1
6576,36,5703,1
6577,60,3730,1
6578,19,5489,1
6579,46,448,3
6580,45,7781,3
6581,17,3753,1
6582,50,7584,2
6583,55,648,3
6584,8,1632,1
6585,51,7841,1
6586,26,5829,1
6587,60,3821,1
6588,50,7436,3
6589,46,1014,1
6590,14,2826,1
6591,54,1621,2
6592,43,407,3
6593,53,4906,2
6594,1,585,1
6595,34,5960,1
6596,20,6314,1
6597,8,7934,1
6598,26,5902,1
6599,49,6480,1
6600,29,7144,1
6601,25,262,1
6602,35,2956,1
6603,23,6236,1
6604,1,1121,1
6605,32,2823,3
6606,35,1555,1
6607,18,1390,1
6608,51,6614,2
6609,35,7339,1
6610,25,5022,1
6611,25,2509,1
6612,45,6222,3
6613,6,4704,1
6614,18,6670,1
6615,27,3383,1
6616,47,1698,1
6617,21,5096,1
6618,12,3723,1
6619,6,1139,1
6620,37,2454,4
6621,50,2680,2
6622,25,4142,1
6623,17,7282,1
6624,44,3582,2
6625,21,7666,1
6626,22,927,1
6627,44,3662,2
6628,3,5381,1
6629,36,4260,1
6630,52,2778,3
6631,33,3702,1
6632,40,4798,1
6633,8,2070,1
6634,47,4805,2
6635,48,7559,1
6636,5,6681,1
6637,28,990,2
6638,45,7693,3
6639,21,3265,1
6640,52,6011,3
6641,32,7471,1
6642,24,3148,1
6643,16,444,1
6644,53,1194,3
6645,1,6713,1
6646,35,3828,1
6647,37,1340,1
6648,33,6192,1
6649,20,3404,1
6650,41,2623,1
6651,23,6228,1
6652,56,913,3
6653,23,5532,1
6654,37,742,2
6655,48,2799,1
6656,32,6776,2
6657,2,40,1
6658,25,4031,1
6659,18,6418,1
6660,36,7841,1
6661,31,3494,2
6662,7,4325,1
6663,36,5474,1
6664,59,5590,4
6665,26,7577,1
6666,14,4574,1
6667,48,2370,1
6668,38,5600,1
6669,11,5409,1
6670,24,4060,1
6671,57,5553,3
6672,29,1306,2
6673,47,1148,2
6674,44,7677,2
6675,54,2809,2
6676,19,7825,1
6677,28,2852,1
6678,29,34,1
6679,9,7892,1
6680,16,2060,1
6681,23,1557,1
6682,16,3975,1
6683,11,3624,1
6684,39,5766,1
6685,49,6913,1
6686,21,5687,1
6687,2,4462,1
6688,15,941,1
6689,59,3639,1
6690,58,5932,1
6691,40,5185,1
6692,21,3676,1
6693,54,1983,1
6694,57,6621,3
6695,21,6469,1
6696,12,863,1
6697,33,3761,2
6698,1,3051,1
6699,8,5691,1
6700,31,3893,3
6701,28,5428,4
6702,35,5441,1
6703,42,4361,3
6704,36,373,1
6705,15,186,1
6706,36,163,1
6707,51,3204,1
6708,58,3254,1
6709,2,5511,1
6710,39,7760,1
6711,59,3679,2
6712,33,7829,1
6713,46,7915,3
6714,30,3337,1
6715,40,6560,1
6716,56,3485,1
6717,33,4707,2
6718,21,7811,1
6719,23,2917,1
6720,49,2173,1
6721,50,3554,2
6722,33,5770,3
6723,21,4622,1
6724,55,4690,1
6725,32,4836,1
6726,25,105,1
6727,1,6520,1
6728,53,4496,2
6729,53,7602,2
6730,6,6850,1
6731,51,7814,1
6732,6,525,1
6733,33,783,1
6734,49,6848,1
6735,27,2711,2
6736,60,7606,1
6737,32,987,1
6738,12,3781,1
6739,53,3356,3
6740,44,3719,3
6741,60,3874,1
6742,32,5834,1
6743,26,5033,2
6744,42,3877,3
6745,56,5971,3
6746,52,7032,2
6747,11,5640,1
6748,17,2936,1
6749,26,2764,2
6750,21,7005,1
6751,10,282,1
6752,30,2137,1
6753,46,7128,2
6754,6,7915,1
6755,17,6019,1
6756,56,7502,3
6757,28,4343,2
6758,36,6154,1
6759,9,1415,1
6760,39,5960,1
6761,16,1684,1
6762,46,6030,3
6763,20,99,1
6764,9,4502,1
6765,48,675,1
6766,6,4060,1
6767,25,3452,1
6768,36,1366,1
6769,51,6183,3
6770,28,3124,1
6771,58,7670,1
6772,58,7633,1
6773,28,6669,2
6774,28,4330,3
6775,29,7809,2
6776,29,5475,3
6777,59,7851,2
6778,48,4275,1
6779,2,7135,1
6780,32,2235,1
6781,6,4468,1
6782,9,1428,1
6783,5,1586,1
6784,56,2544,1
6785,60,4417,1
6786,5,4935,1
6787,37,5269,2
6788,35,1201,1
6789,24,590,1
6790,39,568,1
6791,53,4640,3
6792,22,5787,1
6793,54,5512,1
6794,27,518,1
6795,32,7484,1
6796,45,1552,2
6797,27,3776,2
6798,16,4580,1
6799,7,6916,1
6800,6,437,1
6801,45,6375,2
6802,34,258,2
6803,1,4918,1
6804,21,6079,1
6805,56,7099,2
6806,43,7828,1
6807,46,1267,2
6808,22,2229,1
6809,2,4115,1
6810,31,851,3
6811,51,5958,1
6812,59,635,1
6813,29,5717,3
6814,48,7091,1
6815,9,6490,1
6816,31,1288,1
6817,22,6275,1
6818,43,1083,3
6819,38,3254,1
6820,39,5966,1
6821,43,2510,3
6822,6,7391,1
6823,22,5796,1
6824,17,5106,1
6825,54,7162,2
6826,36,2524,1
6827,55,5645,1
6828,2,4632,1
6829,33,1171,1
6830,37,441,1
6831,18,1186,1
6832,17,2809,1
6833,33,4297,1
6834,11,7183,1
6835,24,3688,1
6836,47,4682,2
6837,29,2475,2
6838,50,7710,2
6839,52,1207,1
6840,56,6156,1
6841,6,1587,1
6842,28,1600,1
6843,9,1145,1
6844,48,2113,1
6845,4,2385,1
6846,36,1303,1
6847,39,115,1
6848,26,5925,3
6849,28,901,1
6850,39,1033,1
6851,51,4263,2
6852,28,4157,2
6853,2,2372,1
6854,27,3548,1
6855,35,3741,1
6856,48,446,1
6857,56,4450,3
6858,15,6263,1
6859,50,467,2
6860,8,4757,1
6861,58,4844,3
6862,46,553,3
6863,40,6483,1
6864,57,352,1
6865,2,4437,1
6866,10,2412,1
6867,58,6704,2
6868,57,5718,2
6869,27,3833,1
6870,34,3134,1
6871,55,4492,1
6872,14,5924,1
6873,51,6238,2
6874,6,737,1
6875,5,7902,1
6876,14,5624,1
6877,23,1178,1
6878,41,1810,1
6879,33,4047,2
6880,20,3215,1
6881,43,2381,1
6882,48,1408,1
6883,5,7415,1
6884,3,6367,1
6885,20,5554,1
6886,28,3111,1
6887,19,6160,1
6888,2,3967,1
6889,32,4581,1
6890,43,4895,1
6891,59,4653,3
6892,27,4633,2
6893,29,1307,3
6894,6,6236,1
6895,35,5712,1
6896,23,390,1
6897,43,7486,1
6898,55,1158,2
6899,38,158,1
6900,39,7665,1
6901,26,2194,4
6902,54,7017,3
6903,7,3120,1
6904,36,7356,1
6905,6,2905,1
6906,7,4524,1
6907,25,1449,1
6908,36,12,1
6909,27,3050,4
6910,58,1384,1
6911,47,4982,2
6912,1,6217,1
6913,58,6488,2
6914,32,1028,3
6915,25,2298,1
6916,18,3250,1
6917,42,5042,1
6918,55,3215,3
6919,26,1901,1
6920,31,809,3
6921,33,4802,3
6922,44,5881,3
6923,7,5623,1
6924,60,5414,1
6925,30,2847,1
6926,9,1197,1
6927,47,7011,1
6928,47,2830,2
6929,46,5477,2
6930,43,354,3
6931,58,7843,1
6932,22,7838,1
6933,27,6953,1
6934,34,6900,1
6935,27,861,1
6936,23,999,1
6937,53,6146,1
6938,25,5748,1
6939,49,5673,1
6940,41,3775,1
6941,16,7427,1
6942,59,3072,2
6943,24,3511,1
6944,60,4686,1
6945,12,2823,1
6946,26,6242,1
6947,42,6189,1
6948,18,5984,1
6949,1,2328,1
6950,18,417,1
6951,51,4578,3
6952,6,3092,1
6953,54,5061,1
6954,10,4198,1
6955,11,201,1
6956,2,6347,1
6957,47,7105,1
6958,24,1741,1
6959,19,6241,1
6960,20,6258,1
6961,32,6488,4
6962,4,2553,1
6963,11,7431,1
6964,24,4826,1
6965,17,28,1
6966,26,6787,2
6967,38,2271,1
6968,47,4542,1
6969,13,1375,1
6970,13,2441,1
6971,41,6284,1
6972,28,5165,1
6973,43,2513,2
6974,21,712,1
6975,19,5479,1
6976,53,3594,1
6977,33,7377,2
6978,28,1996,1
6979,29,1802,1
6980,55,2388,3
6981,17,3320,1
6982,14,3163,1
6983,33,3091,3
6984,54,4728,1
6985,52,4455,1
6986,58,2611,1
6987,11,6944,1
6988,12,6126,1
6989,44,4839,3
6990,17,4497,1
6991,52,3319,3
6992,37,387,1
6993,35,1998,1
6994,43,1300,3
6995,9,6253,1
6996,41,1162,1
6997,16,4423,1
6998,28,6098,2
6999,60,5035,1
7000,10,4731,1
7001,56,5796,2
7002,13,2514,1
7003,27,2919,2
7004,7,522,1
7005,30,7153,1
7006,41,6662,1
7007,47,5245,1
7008,2,267,1
7009,42,2372,2
7010,10,3245,1
7011,2,6101,1
7012,23,6558,1
7013,31,2258,1
7014,10,3824,1
7015,45,4830,1
7016,55,5438,3
7017,6,930,1
7018,4,7267,1
7019,34,5975,1
7020,56,4165,1
7021,51,318,1
7022,11,5705,1
7023,34,4459,1
7024,46,5547,3
7025,51,2740,2
7026,51,3608,1
7027,8,2634,1
7028,48,1366,1
7029,36,685,1
7030,18,5569,1
7031,28,4083,1
7032,27,1386,4
7033,12,3864,1
7034,20,164,1
7035,58,5181,1
7036,4,345,1
7037,12,955,1
7038,21,2409,1
7039,42,811,3
7040,9,163,1
7041,11,6367,1
7042,55,3328,3
7043,26,1512,2
7044,23,3286,1
7045,58,5130,1
7046,39,2232,1
7047,18,3989,1
7048,53,7344,4
7049,29,6959,1
7050,8,2871,1
7051,28,2841,1
7052,52,1054,1
7053,3,6543,1
7054,27,605,1
7055,25,5544,1
7056,49,7316,1
7057,47,7138,2
7058,25,2829,1
7059,24,5239,1
7060,51,6263,1
7061,59,4982,3
7062,6,6961,1
7063,30,268,1
7064,8,2349,1
7065,8,1978,1
7066,53,6031,3
7067,48,5234,1
7068,58,7634,2
7069,30,6253,1
7070,60,7504,1
7071,34,7220,2
7072,21,4120,1
7073,18,7341,1
7074,11,5398,1
7075,23,482,1
7076,57,4121,2
7077,53,6444,2
7078,35,210,1
7079,29,5188,1
7080,1,2373,1
7081,2,716,1
7082,52,964,3
7083,16,1569,1
7084,47,491,1
7085,34,1515,1
7086,2,4684,1
7087,30,5848,1
7088,49,163,1
7089,18,36,1
7090,56,5573,2
7091,49,7216,1
7092,11,132,1
7093,47,6169,4
7094,52,2135,4
7095,46,6851,2
7096,2,2647,1
7097,12,4998,1
7098,12,6598,1
7099,24,6631,1
7100,9,611,1
7101,6,4149,1
7102,35,3471,1
7103,39,6824,1
7104,28,1102,3
7105,47,7534,1
7106,49,2553,1
7107,55,4914,1
7108,46,2346,1
7109,9,196,1
7110,23,3853,1
7111,14,2229,1
7112,20,1079,1
7113,9,4052,1
7114,57,2372,1
7115,32,2115,1
7116,37,4027,4
7117,49,41,1
7118,41,7918,1
7119,2,3308,1
7120,4,6700,1
7121,14,1206,1
7122,12,1465,1
7123,41,3873,1
7124,48,6720,1
7125,44,4941,2
7126,60,5678,1
7127,49,6393,1
7128,2,3164,1
7129,26,1971,1
7130,48,3610,1
7131,3,6452,1
7132,34,779,2
7133,8,7570,1
7134,16,4220,1
7135,55,6059,3
7136,23,2257,1
7137,8,6386,1
7138,46,589,1
7139,56,7789,1
7140,52,6315,2
7141,47,3475,3
7142,31,4868,1
7143,10,3853,1
7144,18,200,1
7145,27,3784,1
7146,3,967,1
7147,40,5938,1
7148,49,4636,1
7149,60,949,1
7150,40,7927,1
7151,27,7613,2
7152,16,2952,1
7153,7,6805,1
7154,41,1405,1
7155,27,4758,1
7156,52,7730,2
7157,1,7546,1
7158,30,3792,1
7159,19,5429,1
7160,43,2455,4
7161,6,6900,1
7162,28,810,3
7163,52,6925,1
7164,1,7014,1
7165,7,7863,1
7166,35,4107,1
7167,53,7121,2
7168,57,7697,1
7169,42,6652,1
7170,23,2015,1
7171,46,4166,1
7172,29,3196,1
7173,20,4741,1
7174,29,4667,3
7175,18,4981,1
7176,16,4359,1
7177,12,1243,1
7178,56,3767,1
7179,15,6066,1
7180,20,5995,1
7181,6,505,1
7182,22,91,1
7183,12,6065,1
7184,5,1174,1
7185,57,6928,3
7186,35,3376,1
7187,38,7702,1
7188,46,1543,1
7189,16,4350,1
7190,1,7130,1
7191,5,5519,1
7192,38,3541,1
7193,41,830,1
7194,12,4315,1
7195,53,3631,1
7196,19,6668,1
7197,23,5676,1
7198,7,3173,1
7199,31,5435,1
7200,5,3533,1
7201,3,227,1
7202,14,1172,1
7203,47,3474,2
7204,52,1044,2
7205,4,5105,1
7206,35,4306,1
7207,59,7788,1
7208,14,4217,1
7209,29,2887,2
7210,53,2151,1
7211,24,4493,1
7212,33,5101,2
7213,42,5383,4
7214,55,5727,3
7215,12,5238,1
7216,52,215,4
7217,15,7296,1
7218,18,7092,1
7219,8,575,1
7220,49,2097,1
7221,52,621,1
7222,21,5597,1
7223,14,7429,1
7224,46,6371,3
7225,29,1405,4
7226,39,476,1
7227,55,3891,1
7228,20,6117,1
7229,10,836,1
7230,28,4777,3
7231,20,6808,1
7232,39,1035,1
7233,44,4394,2
7234,42,4191,3
7235,36,6355,1
7236,60,5013,1
7237,19,5879,1
7238,15,6144,1
7239,29,6899,2
7240,49,5646,1
7241,31,3647,1
7242,34,1488,3
7243,28,447,2
7244,38,3185,1
7245,5,7407,1
7246,51,76,4
7247,50,1945,2
7248,7,573,1
7249,27,6320,2
7250,22,5196,1
7251,60,2515,1
7252,51,624,4
7253,41,2883,1
7254,25,4291,1
7255,33,2674,2
7256,35,712,1
7257,55,6889,1
7258,1,3843,1
7259,34,3040,1
7260,5,1929,1
7261,34,7407,3
7262,15,3675,1
7263,7,3927,1
7264,20,1750,1
7265,16,6095,1
7266,50,2047,1
7267,34,6048,1
7268,44,3924,1
7269,48,3957,1
7270,17,5959,1
7271,50,2343,3
7272,14,1954,1
7273,14,891,1
7274,33,5381,2
7275,49,4360,1
7276,20,382,1
7277,54,841,3
7278,47,1914,2
7279,21,1222,1
7280,44,3045,1
7281,21,2913,1
7282,41,4448,1
7283,4,4644,1
7284,45,2974,2
7285,7,5661,1
7286,2,4079,1
7287,30,261,1
7288,57,7704,2
7289,16,5756,1
7290,58,2254,1
7291,55,5499,2
7292,46,1074,1
7293,13,1196,1
7294,10,5983,1
7295,21,218,1
7296,2,7119,1
7297,9,2315,1
7298,40,7669,1
7299,57,3526,2
7300,7,1229,1
7301,14,5150,1
7302,28,2222,2
7303,54,3980,1
7304,11,5244,1
7305,53,3954,2
7306,14,4626,1
7307,39,6544,1
7308,45,216,1
7309,1,46,1
7310,12,1175,1
7311,31,2632,1
7312,42,6395,3
7313,4,6730,1
7314,39,2537,1
7315,50,3118,2
7316,15,7872,1
7317,50,2789,2
7318,44,7933,4
7319,28,93,1
7320,14,4336,1
7321,17,3867,1
7322,58,3324,3
7323,57,5826,1
7324,25,1021,1
7325,5,1258,1
7326,34,5416,4
7327,10,5358,1
7328,48,30,1
7329,46,7872,1
7330,24,3870,1
7331,40,3994,1
7332,4,1761,1
7333,60,1124,1
7334,6,1848,1
7335,47,5659,1
7336,3,472,1
7337,9,661,1
7338,37,5318,1
7339,2,3311,1
7340,55,3779,3
7341,12,5570,1
7342,55,1223,3
7343,2,7500,1
7344,23,3532,1
7345,49,3113,1
7346,11,3987,1
7347,26,6948,1
7348,10,7772,1
7349,50,1597,2
7350,43,6637,3
7351,16,4875,1
7352,36,254,1
7353,17,4935,1
7354,48,4820,1
7355,54,7824,1
7356,35,373,1
7357,30,124,1
7358,52,7457,4
7359,54,4445,3
7360,39,269,1
7361,24,6598,1
7362,51,365,2
7363,38,3006,1
7364,41,5741,1
7365,56,117,1
7366,41,7708,1
7367,52,7399,1
7368,23,1378,1
7369,31,2563,1
7370,49,4099,1
7371,43,7039,1
7372,31,3887,3
7373,58,5204,2
7374,39,5093,1
7375,43,4421,2
7376,48,1647,1
7377,43,992,2
7378,12,1661,1
7379,52,6927,3
7380,44,3717,2
7381,47,4061,3
7382,15,6944,1
7383,37,4786,3
7384,50,4194,2
7385,38,5210,1
7386,53,4604,1
7387,8,6663,1
7388,11,4971,1
7389,50,6213,1
7390,13,4845,1
7391,36,5050,1
7392,35,3539,1
7393,34,3399,1
7394,43,2868,2
7395,40,6196,1
7396,30,204,1
7397,11,6316,1
7398,23,607,1
7399,11,7103,1
7400,11,1985,1
7401,14,59,1
7402,53,3630,3
7403,13,7792,1
7404,27,781,3
7405,40,3572,1
7406,24,2197,1
7407,53,750,1
7408,13,3238,1
7409,10,4556,1
7410,17,1653,1
7411,59,3061,2
7412,17,3851,1
7413,47,5449,3
7414,33,6807,2
7415,28,3156,1
7416,28,562,2
7417,47,6216,1
7418,56,6362,1
7419,38,5241,1
7420,13,5956,1
7421,51,5310,1
7422,23,7459,1
7423,19,2906,1
7424,25,7277,1
7425,37,1802,1
7426,55,7929,1
7427,6,5307,1
7428,23,2234,1
7429,27,7861,1
7430,58,5556,1
7431,22,140,1
7432,36,238,1
7433,54,7391,1
7434,7,7403,1
7435,45,7118,1
7436,2,5099,1
7437,12,3147,1
7438,7,2825,1
7439,44,595,2
7440,32,858,2
7441,58,848,3
7442,53,271,2
7443,10,7427,1
7444,45,4577,2
7445,1,7515,1
7446,45,825,3
7447,5,6326,1
7448,14,3315,1
7449,48,302,1
7450,23,4234,1
7451,46,7534,3
7452,27,2973,2
7453,48,3947,1
7454,60,2270,1
7455,39,1014,1
7456,49,6466,1
7457,45,223,1
7458,45,673,1
7459,48,3928,1
7460,45,2460,1
7461,5,2852,1
7462,45,2079,1
7463,29,6844,1
7464,12,4464,1
7465,40,3925,1
7466,40,2620,1
7467,5,5261,1
7468,31,4888,1
7469,36,2482,1
7470,50,6695,1
7471,4,5601,1
7472,10,5155,1
7473,16,2240,1
7474,31,2946,2
7475,53,1416,2
7476,16,4011,1
7477,54,5934,1
7478,6,859,1
7479,19,5405,1
7480,22,7376,1
7481,48,2070,1
7482,49,7212,1
7483,55,2454,1
7484,58,4126,2
7485,52,1812,3
7486,16,4097,1
7487,55,5634,1
7488,5,7313,1
7489,1,1010,1
7490,29,7062,3
7491,39,5996,1
7492,11,3608,1
7493,46,1165,1
7494,51,2492,1
7495,2,3099,1
7496,16,1385,1
7497,29,6874,1
7498,2,2711,1
7499,31,4444,2
7500,5,636,1
7501,24,2468,1
7502,38,7919,1
7503,26,4063,3
7504,25,2689,1
7505,26,2687,3
7506,46,1218,3
7507,20,2431,1
7508,43,2559,2
7509,25,4153,1
7510,51,1788,2
7511,56,4332,1
7512,60,7015,1
7513,31,5658,3
7514,15,4261,1
7515,15,7635,1
7516,41,5991,1
7517,37,942,2
7518,23,3715,1
7519,17,1095,1
7520,50,7554,1
7521,54,1942,3
7522,25,6650,1
7523,55,904,2
7524,51,2535,1
7525,41,5750,1
7526,47,7405,3
7527,8,1606,1
7528,36,3763,1
7529,41,4149,1
7530,26,5805,2
7531,1,5382,1
7532,36,5894,1
7533,27,7045,1
7534,14,6264,1
7535,35,2890,1
7536,11,2635,1
7537,7,4666,1
7538,14,7744,1
7539,1,874,1
7540,4,6798,1
7541,1,5014,1
7542,11,3085,1
7543,50,7712,1
7544,19,2153,1
7545,59,3225,1
7546,8,3049,1
7547,18,6088,1
7548,30,5799,1
7549,2,485,1
7550,11,2664,1
7551,43,7752,3
7552,28,7644,2
7553,26,2832,1
7554,9,3350,1
7555,55,699,3
7556,37,6194,2
7557,37,2368,1
7558,32,7112,2
7559,43,161,1
7560,51,5468,2
7561,48,447,1
7562,45,5829,3
7563,56,5188,4
7564,27,7639,3
7565,25,5102,1
7566,13,5055,1
7567,60,5114,1
7568,23,2107,1
7569,48,5064,1
7570,60,5387,1
7571,11,7528,1
7572,21,1604,1
7573,11,3576,1
7574,32,6928,1
7575,34,3908,3
7576,27,4499,1
7577,10,2920,1
7578,51,2957,3
7579,24,5290,1
7580,1,7703,1
7581,24,2485,1
7582,45,2469,3
7583,16,232,1
7584,23,4123,1
7585,50,5260,1
7586,2,7180,1
7587,30,7317,1
7588,17,7171,1
7589,24,4973,1
7590,35,791,1
7591,8,2758,1
7592,53,935,1
7593,1,7782,1
7594,51,2457,1
7595,47,6061,2
7596,14,2250,1
7597,46,6226,1
7598,23,916,1
7599,52,352,2
7600,12,2514,1
7601,59,1456,1
7602,4,917,1
7603,58,4355,2
7604,9,1191,1
7605,60,5396,1
7606,11,1003,1
7607,18,680,1
7608,37,4471,2
7609,2,6096,1
7610,12,3664,1
7611,57,4656,1
7612,11,890,1
7613,31,4144,4
7614,1,6286,1
7615,13,1113,1
7616,10,4784,1
7617,28,3583,3
7618,31,964,1
7619,8,2603,1
7620,19,6197,1
7621,34,1348,1
7622,4,6620,1
7623,3,6884,1
7624,13,7528,1
7625,1,3262,1
7626,42,5722,1
7627,34,5582,1
7628,55,431,2
7629,8,2473,1
7630,46,2489,1
7631,34,7109,2
7632,5,6694,1
7633,55,2229,3
7634,8,5054,1
7635,21,5045,1
7636,56,3171,1
7637,33,4418,1
7638,25,563,1
7639,54,6983,3
7640,1,5633,1
7641,46,2372,1
7642,10,3581,1
7643,24,55,1
7644,36,7656,1
7645,32,2688,2
7646,52,4277,3
7647,48,7443,1
7648,29,7893,1
7649,17,5098,1
7650,39,6453,1
7651,39,4993,1
7652,36,3065,1
7653,43,4863,4
7654,51,2386,2
7655,56,1768,2
7656,39,422,1
7657,46,2789,2
7658,16,3192,1
7659,46,3753,3
7660,19,5390,1
7661,58,1723,1
7662,60,1436,1
7663,54,1487,1
7664,48,622,1
7665,46,2709,2
7666,34,4036,1
7667,27,3990,3
7668,30,164,1
7669,3,2288,1
7670,5,4330,1
7671,36,2833,1
7672,9,2473,1
7673,34,7317,2
7674,5,5040,1
7675,9,3596,1
7676,43,2731,3
7677,9,5711,1
7678,12,359,1
7679,13,6344,1
7680,30,226,1
7681,2,4464,1
7682,28,3237,1
7683,22,2307,1
7684,24,479,1
7685,38,7272,1
7686,52,839,1
7687,14,3277,1
7688,12,4092,1
7689,20,1629,1
7690,38,6584,1
7691,45,3332,1
7692,42,7679,2
7693,8,3895,1
7694,43,2940,2
7695,12,5359,1
7696,41,6072,1
7697,10,6461,1
7698,23,3375,1
7699,45,4300,1
7700,47,647,2
7701,49,750,1
7702,12,6383,1
7703,41,1560,1
7704,2,2914,1
7705,53,869,1
7706,6,7621,1
7707,4,6997,1
7708,55,5057,1
7709,46,5459,2
7710,38,2598,1
7711,57,4685,1
7712,23,7494,1
7713,38,1728,1
7714,58,2228,1
7715,51,1182,1
7716,22,212,1
7717,42,2777,2
7718,20,6950,1
7719,14,1724,1
7720,9,4850,1
7721,51,489,1
7722,9,7897,1
7723,38,1343,1
7724,6,3242,1
7725,53,2046,2
7726,8,500,1
7727,57,3416,2
7728,1,434,1
7729,3,563,1
7730,44,7287,3
7731,45,6160,1
7732,60,2874,1
7733,25,1814,1
7734,29,3094,2
7735,55,7917,1
7736,23,3829,1
7737,4,3166,1
7738,47,5208,2
7739,6,4282,1
7740,18,6242,1
7741,56,4495,1
7742,26,6777,1
7743,42,2935,3
7744,20,4745,1
7745,9,792,1
7746,44,2442,1
7747,11,3501,1
7748,35,7764,1
7749,24,5103,1
7750,35,3281,1
7751,53,7789,1
7752,2,3151,1
7753,57,6711,3
7754,31,4992,2
7755,21,5061,1
7756,12,6901,1
7757,15,4988,1
7758,37,2768,1
7759,10,2566,1
7760,33,6576,2
7761,41,6291,1
7762,21,3973,1
7763,46,6223,2
7764,20,6101,1
7765,56,1660,3
7766,55,1263,2
7767,5,3457,1
7768,35,3905,1
7769,18,6009,1
7770,36,6424,1
7771,58,4517,2
7772,11,3508,1
7773,30,5072,1
7774,41,6761,1
7775,5,5657,1
7776,18,4558,1
7777,29,7902,1
7778,51,2448,1
7779,20,5599,1
7780,16,2722,1
7781,7,1181,1
7782,32,7510,3
7783,37,2832,1
7784,8,593,1
7785,8,5252,1
7786,32,3692,1
7787,33,1050,2
7788,12,3222,1
7789,28,5672,2
7790,1,1902,1
7791,19,775,1
7792,16,5168,1
7793,2,6853,1
7794,31,5176,1
7795,51,2488,1
7796,43,1737,4
7797,11,4149,1
7798,27,2108,3
7799,60,3611,1
7800,2,6537,1
7801,41,2842,1
7802,12,2295,1
7803,53,6738,1
7804,24,1991,1
7805,12,7331,1
7806,3,6315,1
7807,19,2996,1
7808,12,4636,1
7809,23,6131,1
7810,45,2391,3
7811,30,83,1
7812,21,1210,1
7813,6,3586,1
7814,13,1209,1
7815,26,4936,2
7816,27,543,2
7817,32,6061,1
7818,46,5626,1
7819,55,4071,2
7820,2,5998,1
7821,33,1268,1
7822,14,3798,1
7823,29,5889,3
7824,28,2077,3
7825,12,225,1
7826,13,3636,1
7827,3,1481,1
7828,49,5428,1
7829,31,3577,3
7830,11,7266,1
7831,27,6913,2
7832,13,2606,1
7833,48,268,1
7834,18,2126,1
7835,59,6464,1
7836,58,6313,1
7837,55,1478,3
7838,40,5526,1
7839,3,6313,1
7840,12,468,1
7841,4,2845,1
7842,18,290,1
7843,32,587,2
7844,46,4156,3
7845,33,640,1
7846,38,6232,1
7847,35,2355,1
7848,8,1648,1
7849,10,1769,1
7850,26,7049,3
7851,10,212,1
7852,42,103,1
7853,3,2581,1
7854,36,572,1
7855,53,4418,1
7856,25,4508,1
7857,10,5679,1
7858,10,3758,1
7859,17,1275,1
7860,18,6704,1
7861,58,3385,1
7862,58,4002,2
7863,58,1709,2
7864,52,267,3
7865,21,2222,1
7866,57,6118,3
7867,20,2743,1
7868,38,4933,1
7869,3,7939,1
7870,15,5619,1
7871,58,4124,2
7872,35,4168,1
7873,49,4397,1
7874,59,3941,3
7875,43,2354,2
7876,40,3565,1
7877,41,4748,1
7878,9,3035,1
7879,19,6452,1
7880,20,2558,1
7881,9,7401,1
7882,23,7456,1
7883,55,1904,2
7884,8,5943,1
7885,21,1505,1
7886,39,3836,1
7887,27,3309,1
7888,40,6536,1
7889,54,2526,1
7890,41,2753,1
7891,29,1355,1
7892,38,6921,1
7893,37,5789,1
7894,17,4741,1
7895,46,5275,2
7896,18,319,1
7897,31,2037,1
7898,53,2404,2
7899,9,6481,1
7900,14,946,1
7901,33,474,3
7902,40,4404,1
7903,47,6658,2
7904,9,431,1
7905,7,195,1
7906,22,5668,1
7907,52,6361,3
7908,35,3244,1
7909,18,5822,1
7910,19,4316,1
7911,38,1208,1
7912,56,3556,1
7913,60,5797,1
7914,60,6037,1
7915,47,2364,1
7916,56,6681,1
7917,29,5853,3
7918,5,5319,1
7919,34,3327,3
7920,13,2333,1
7921,16,3179,1
7922,8,3161,1
7923,46,1157,3
7924,5,599,1
7925,49,1604,1
7926,56,6421,3
7927,7,3561,1
7928,1,3617,1
7929,25,2886,1
7930,38,6959,1
7931,20,249,1
7932,5,555,1
7933,30,3644,1
7934,51,2743,3
7935,32,5916,1
7936,14,6183,1
7937,14,2932,1
7938,39,5691,1
7939,6,3243,1
7940,52,266,3
7941,13,7300,1
7942,40,4730,1
7943,58,329,1
7944,13,4855,1
7945,45,3611,4
7946,31,1435,3
7947,27,7448,1
7948,2,7764,1
7949,12,5343,1
7950,42,1066,1
7951,51,2175,1
7952,54,7212,3
7953,15,4123,1
7954,29,5091,4
7955,44,6607,2
7956,33,5815,1
7957,39,7713,1
7958,18,1908,1
7959,24,4485,1
7960,44,6638,1
7961,54,629,1
7962,20,3981,1
7963,38,3405,1
7964,33,5628,2
7965,5,2169,1
7966,49,666,1
7967,59,2417,1
7968,36,2948,1
7969,54,2981,1
7970,44,7253,3
7971,7,5431,1
7972,19,5185,1
7973,33,6110,2
7974,21,2445,1
7975,32,653,2
7976,56,3851,1
7977,42,414,1
7978,25,4868,1
7979,58,6022,1
7980,51,3233,3
7981,40,1340,1
7982,23,902,1
7983,27,4882,3
7984,50,2988,1
7985,35,6479,1
7986,10,4030,1
7987,45,1181,1
7988,34,4159,3
7989,5,2585,1
7990,28,1779,1
7991,35,2648,1
7992,14,7168,1
7993,12,1798,1
7994,52,5864,3
7995,31,4048,1
7996,2,7157,1
7997,2,5990,1
7998,43,7884,2
7999,50,6824,1
8000,39,3477,1
8001,57,6987,2
8002,58,6439,3
8003,38,3054,1
8004,43,5176,1
8005,24,7066,1
8006,51,6065,2
8007,58,7617,2
8008,28,276,1
8009,25,2169,1
8010,36,5210,1
8011,25,575,1
8012,13,2906,1
8013,40,5571,1
8014,53,2757,2
8015,3,5502,1
8016,30,6584,1
8017,21,1429,1
8018,20,6912,1
8019,20,7057,1
8020,51,6477,1
8021,9,7449,1
8022,60,4059,1
8023,41,4875,1
8024,34,5195,3
8025,1,363,1
8026,7,465,1
8027,60,3787,1
8028,18,4032,1
8029,43,6356,2
8030,5,5207,1
8031,3,7899,1
8032,34,2000,1
8033,10,86,1
8034,3,4980,1
8035,5,415,1
8036,55,1793,1
8037,11,4576,1
8038,51,3347,3
8039,33,6182,2
8040,9,5635,1
8041,11,1443,1
8042,14,1927,1
8043,33,7835,3
8044,57,2478,2
8045,13,6595,1
8046,1,3060,1
8047,44,1799,1
8048,41,1574,1
8049,20,6094,1
8050,56,1550,2
8051,31,922,2
8052,50,6363,1
8053,47,1783,3
8054,36,4587,1
8055,17,385,1
8056,28,5044,1
8057,43,4539,3
8058,58,7830,3
8059,25,3826,1
8060,24,7711,1
8061,29,5066,1
8062,49,947,1
8063,17,4774,1
8064,42,7514,1
8065,15,7052,1
8066,41,4637,1
8067,49,2669,1
8068,4,5770,1
8069,3,7896,1
8070,57,3610,2
8071,9,2120,1
8072,28,1664,2
8073,5,1022,1
8074,36,1582,1
8075,46,6116,2
8076,39,4247,1
8077,55,3078,1
8078,10,845,1
8079,28,4075,3
8080,6,5871,1
8081,1,1000,1
8082,57,7743,2
8083,32,664,1
8084,26,5152,1
8085,56,6432,1
8086,8,179,1
8087,11,6570,1
8088,30,465,1
8089,46,5331,3
8090,48,843,1
8091,16,5920,1
8092,53,5939,2
8093,50,5571,3
8094,10,357,1
8095,30,5002,1
8096,59,5519,2
8097,57,1559,2
8098,3,5389,1
8099,24,2597,1
8100,49,3567,1
8101,3,4308,1
8102,5,5282,1
8103,23,4948,1
8104,27,4554,2
8105,38,5029,1
8106,20,2154,1
8107,26,3673,3
8108,34,6683,1
8109,45,886,2
8110,44,7354,2
8111,47,296,3
8112,58,389,3
8113,51,2532,3
8114,37,1894,1
8115,30,6920,1
8116,33,7767,2
8117,53,1623,3
8118,22,2414,1
8119,18,4096,1
8120,18,6835,1
8121,25,5308,1
8122,34,1869,2
8123,55,2160,1
8124,54,4516,4
8125,32,3766,1
8126,2,488,1
8127,33,2405,2
8128,11,1799,1
8129,55,1622,1
8130,46,2455,3
8131,46,3229,2
8132,35,7557,1
8133,44,6973,2
8134,53,2351,4
8135,26,7792,3
8136,45,6688,2
8137,10,3248,1
8138,25,1531,1
8139,7,3827,1
8140,29,6789,1
8141,45,839,2
8142,16,4091,1
8143,49,2132,1
8144,45,5013,4
8145,51,5095,1
8146,25,7597,1
8147,14,6005,1
8148,8,1292,1
8149,15,716,1
8150,16,3807,1
8151,15,2971,1
8152,57,4953,1
8153,10,227,1
8154,52,3458,1
8155,12,3333,1
8156,8,4768,1
8157,5,6490,1
8158,5,2374,1
8159,23,2813,1
8160,2,2907,1
8161,31,4915,3
8162,54,5228,1
8163,39,1049,1
8164,21,458,1
8165,15,705,1
8166,46,119,4
8167,24,2727,1
8168,1,1114,1
8169,59,6088,1
8170,4,7105,1
8171,42,5305,1
8172,53,17,1
8173,21,6341,1
8174,54,4289,3
8175,38,859,1
8176,55,4673,4
8177,41,4305,1
8178,24,2038,1
8179,7,2329,1
8180,43,2555,3
8181,11,764,1
8182,15,7867,1
8183,18,2516,1
8184,25,5906,1
8185,13,2424,1
8186,22,7776,1
8187,36,7446,1
8188,33,566,2
8189,9,6542,1
8190,31,4119,2
8191,15,6352,1
8192,4,4463,1
8193,57,3862,3
8194,18,3290,1
8195,16,799,1
8196,42,4645,1
8197,57,1904,4
8198,9,1145,1
8199,54,2725,1
8200,1,5133,1
8201,5,7672,1
8202,32,4023,1
8203,15,2209,1
8204,60,4527,1
8205,24,1610,1
8206,30,6118,1
8207,54,655,1
8208,48,3228,1
8209,42,4620,1
8210,56,6385,3
8211,2,2997,1
8212,38,3719,1
8213,47,1415,1
8214,6,3432,1
8215,23,3544,1
8216,11,74,1
8217,38,1159,1
8218,52,4637,3
8219,10,2316,1
8220,14,424,1
8221,11,5776,1
8222,5,5232,1
8223,13,6585,1
8224,28,1713,2
8225,33,1916,2
8226,5,2233,1
8227,3,3822,1
8228,34,4794,3
8229,13,1512,1
8230,28,4300,1
8231,10,4023,1
8232,37,1163,2
8233,33,743,2
8234,12,1162,1
8235,48,6188,1
8236,14,4393,1
8237,13,1618,1
8238,58,1831,4
8239,36,1957,1
8240,4,2189,1
8241,9,5769,1
8242,56,5197,3
8243,32,1650,3
8244,24,7327,1
8245,10,6469,1
8246,39,5762,1
8247,11,2653,1
8248,58,1634,3
8249,20,1913,1
8250,16,2959,1
8251,53,4203,1
8252,36,7570,1
8253,1,386,1
8254,15,6785,1
8255,55,2170,4
8256,28,4385,1
8257,18,5869,1
8258,32,109,2
8259,38,2954,1
8260,34,6752,2
8261,30,327,1
8262,32,2089,2
8263,4,2444,1
8264,58,4889,4
8265,30,2444,1
8266,6,1612,1
8267,34,4596,3
8268,23,3603,1
8269,50,2975,3
8270,23,2570,1
8271,42,2024,2
8272,13,2558,1
8273,6,5828,1
8274,49,59,1
8275,53,7107,2
8276,52,392,2
8277,25,3240,1
8278,27,6649,1
8279,5,5386,1
8280,43,1979,3
8281,1,7573,1
8282,58,4741,2
8283,9,6111,1
8284,21,7291,1
8285,35,567,1
8286,1,2713,1
8287,50,3007,2
8288,48,762,1
8289,30,1829,1
8290,40,5411,1
8291,33,4613,2
8292,27,1082,2
8293,25,6558,1
8294,58,4249,1
8295,18,844,1
8296,59,3444,3
8297,2,346,1
8298,52,5272,3
8299,35,7136,1
8300,60,4417,1
8301,45,6578,3
8302,26,4107,3
8303,7,4454,1
8304,5,143,1
8305,49,616,1
8306,47,4853,2
8307,55,5771,2
8308,44,2383,1
8309,52,4578,2
8310,15,4154,1
8311,6,4169,1
8312,59,749,2
8313,43,107,3
8314,49,7843,1
8315,28,7796,1
8316,54,5715,2
8317,34,7211,4
8318,22,2487,1
8319,34,117,1
8320,9,7132,1
8321,24,4543,1
8322,32,3894,3
8323,9,1950,1
8324,36,3983,1
8325,1,2394,1
8326,41,434,1
8327,14,2259,1
8328,42,2126,1
8329,45,383,1
8330,41,7434,1
8331,29,1345,1
8332,34,5377,1
8333,48,5266,1
8334,12,615,1
8335,49,6751,1
8336,26,144,2
8337,20,5440,1
8338,40,1428,1
8339,25,1896,1
8340,10,1255,1
8341,57,1199,2
8342,50,1759,4
8343,21,4466,1
8344,23,3254,1
8345,29,3900,3
8346,58,2046,2
8347,18,5009,1
8348,56,140,2
8349,55,1624,1
8350,30,7284,1
8351,15,7703,1
8352,55,3969,3
8353,55,5611,1
8354,24,4019,1
8355,25,2606,1
8356,14,4128,1
8357,36,1009,1
8358,5,2646,1
8359,41,6540,1
8360,51,2333,4
8361,48,1435,1
8362,5,707,1
8363,7,3591,1
8364,6,7606,1
8365,8,7856,1
8366,8,6459,1
8367,43,5962,1
8368,23,7754,1
8369,14,1293,1
8370,6,2011,1
8371,41,3240,1
8372,27,1454,2
8373,50,105,1
8374,44,869,3
8375,56,7444,1
8376,14,1330,1
8377,25,2611,1
8378,46,3072,2
8379,37,685,2
8380,23,6008,1
8381,41,2581,1
8382,12,5819,1
8383,20,5021,1
8384,34,50,3
8385,24,4990,1
8386,39,6483,1
8387,26,163,2
8388,41,4342,1
8389,35,5284,1
8390,45,1723,1
8391,44,3823,3
8392,44,7230,3
8393,4,2176,1
8394,4,1371,1
8395,49,274,1
8396,51,2592,3
8397,14,5156,1
8398,18,4571,1
8399,7,1232,1
8400,14,2851,1
8401,41,4370,1
8402,34,4618,4
8403,25,1921,1
8404,18,5223,1
8405,36,5440,1
8406,37,2716,2
8407,57,4310,1
8408,31,2856,3
8409,23,3103,1
8410,16,5805,1
8411,59,2553,2
8412,36,6,1
8413,4,4418,1
8414,53,2350,4
8415,47,7232,1
8416,47,1386,3
8417,47,5100,1
8418,47,4891,3
8419,49,6905,1
8420,46,4074,3
8421,5,6503,1
8422,49,7841,1
8423,6,6946,1
8424,22,941,1
8425,40,967,1
8426,60,2460,1
8427,59,5888,1
8428,33,4869,1
8429,2,4146,1
8430,2,7202,1
8431,5,5215,1
8432,10,6582,1
8433,24,3612,1
8434,8,5699,1
8435,6,6493,1
8436,5,1571,1
8437,26,568,3
8438,22,2076,1
8439,22,3508,1
8440,6,4054,1
8441,49,3132,1
8442,18,7131,1
8443,47,3865,1
8444,2,3299,1
8445,9,1453,1
8446,35,2917,1
8447,51,2944,1
8448,58,7249,1
8449,2,4122,1
8450,12,276,1
8451,60,6915,1
8452,39,221,1
8453,33,2935,1
8454,29,4617,1
8455,36,4128,1
8456,48,4668,1
8457,60,5437,1
8458,54,7168,2
8459,18,4408,1
8460,49,7576,1
8461,8,989,1
8462,9,7457,1
8463,49,1745,1
8464,1,5770,1
8465,42,1470,2
8466,31,6272,3
8467,52,6132,3
8468,43,4430,1
8469,39,6556,1
8470,46,2384,1
8471,53,5321,1
8472,21,5397,1
8473,56,2382,2
8474,57,2382,1
8475,40,3963,1
8476,45,7371,1
8477,58,5146,3
8478,57,1231,2
8479,22,7798,1
8480,53,3687,1
8481,20,5471,1
8482,50,4018,2
8483,44,2279,3
8484,42,3788,3
8485,58,4323,2
8486,51,1963,2
8487,10,1782,1
8488,26,391,4
8489,23,3092,1
8490,15,4988,1
8491,30,3418,1
8492,3,2268,1
8493,24,4139,1
8494,35,7035,1
8495,29,5696,2
8496,38,7548,1
8497,50,6889,3
8498,5,3903,1
8499,16,6246,1
8500,53,4597,2
8501,59,1860,1
8502,22,7384,1
8503,47,6999,1
8504,50,4413,3
8505,24,6330,1
8506,4,259,1
8507,49,4212,1
8508,11,7220,1
8509,6,1173,1
8510,54,6340,3
8511,14,1580,1
8512,29,2719,3
8513,53,6904,2
8514,54,5739,2
8515,21,5031,1
8516,15,1016,1
8517,35,1396,1
8518,14,5029,1
8519,16,6195,1
8520,32,3112,1
8521,51,2058,2
8522,58,6843,1
8523,11,448,1
8524,58,2831,1
8525,14,1497,1
8526,15,751,1
8527,20,1886,1
8528,57,2052,1
8529,26,6621,3
8530,6,5202,1
8531,29,1217,3
8532,34,6412,1
8533,24,91,1
8534,15,860,1
8535,55,4563,2
8536,16,4439,1
8537,52,4291,1
8538,21,2343,1
8539,1,1185,1
8540,35,7141,1
8541,59,514,2
8542,30,7197,1
8543,52,3068,2
8544,9,2767,1
8545,44,3032,2
8546,50,934,2
8547,17,2299,1
8548,3,2714,1
8549,35,3780,1
8550,57,505,1
8551,21,5491,1
8552,57,5704,4
8553,21,4936,1
8554,27,4968,2
8555,58,1982,2
8556,56,2090,1
8557,1,2782,1
8558,32,3509,3
8559,24,5720,1
8560,8,7343,1
8561,1,3503,1
8562,17,4572,1
8563,40,3030,1
8564,29,3059,1
8565,27,6040,4
8566,9,1528,1
8567,7,1565,1
8568,56,2524,2
8569,24,1216,1
8570,11,5116,1
8571,57,6412,1
8572,4,7156,1
8573,58,3790,1
8574,5,2044,1
8575,48,5632,1
8576,35,4562,1
8577,21,122,1
8578,37,135,1
8579,49,6672,1
8580,18,3117,1
8581,55,5977,1
8582,15,3468,1
8583,29,4403,2
8584,20,4369,1
8585,5,5809,1
8586,25,4012,1
8587,44,1259,3
8588,40,6066,1
8589,7,2611,1
8590,43,2065,1
8591,17,6441,1
8592,43,5508,1
8593,12,2613,1
8594,18,661,1
8595,38,3029,1
8596,54,3161,2
8597,38,7572,1
8598,6,7432,1
8599,44,4053,1
8600,46,4753,1
8601,48,3935,1
8602,56,121,1
8603,23,6188,1
8604,40,1936,1
8605,53,1241,2
8606,10,4536,1
8607,14,1961,1
8608,57,6656,2
8609,47,735,3
8610,60,969,1
8611,24,15,1
8612,26,6623,2
8613,8,5906,1
8614,12,5468,1
8615,58,632,2
8616,59,6614,1
8617,19,3316,1
8618,50,4903,3
8619,48,3868,1
8620,1,7710,1
8621,46,472,1
8622,14,4656,1
8623,11,1150,1
8624,47,5751,1
8625,39,5112,1
8626,29,6460,2
8627,44,5167,3
8628,12,2884,1
8629,55,5849,1
8630,47,5619,1
8631,36,7728,1
8632,58,2353,1
8633,52,2179,1
8634,26,5816,4
8635,5,3018,1
8636,23,5250,1
8637,45,3025,1
8638,28,4626,1
8639,31,7641,2
8640,5,6990,1
8641,48,5596,1
8642,19,3347,1
8643,39,7517,1
8644,8,3809,1
8645,19,2649,1
8646,47,4659,4
8647,22,2297,1
8648,17,7502,1
8649,31,5914,1
8650,7,1484,1
8651,56,2709,2
8652,12,5682,1
8653,37,3452,1
8654,37,5297,2
8655,40,7814,1
8656,7,6176,1
8657,43,7457,1
8658,48,7375,1
8659,7,2187,1
8660,28,7572,2
8661,17,2970,1
8662,20,1167,1
8663,57,5509,1
8664,17,2840,1
8665,18,4774,1
8666,48,5024,1
8667,22,6216,1
8668,40,3057,1
8669,54,4622,1
8670,47,6158,1
8671,53,1715,1
8672,58,54,1
8673,37,3442,3
8674,1,1589,1
8675,8,116,1
8676,56,7373,1
8677,6,1726,1
8678,27,7481,1
8679,46,7870,1
8680,11,7469,1
8681,25,3205,1
8682,25,620,1
8683,41,3745,1
8684,7,2913,1
8685,10,3225,1
8686,15,3404,1
8687,11,5066,1
8688,7,3584,1
8689,31,7337,1
8690,1,1019,1
8691,18,7099,1
8692,30,4043,1
8693,44,6840,3
8694,48,5478,1
8695,31,7338,1
8696,33,3693,4
8697,43,2971,1
8698,42,54,1
8699,14,3948,1
8700,24,5868,1
8701,39,4706,1
8702,5,5437,1
8703,55,1613,4
8704,7,6488,1
8705,19,1334,1
8706,14,3758,1
8707,14,2263,1
8708,55,173,1
8709,39,5835,1
8710,59,7325,1
8711,20,47,1
8712,59,2121,2
8713,60,2136,1
8714,40,874,1
8715,23,1334,1
8716,14,4673,1
8717,11,2565,1
8718,14,2014,1
8719,24,3114,1
8720,7,6442,1
8721,37,7027,3
8722,12,4900,1
8723,31,1780,3
8724,23,2018,1
8725,33,4811,3
8726,5,735,1
8727,10,6812,1
8728,9,4371,1
8729,24,3442,1
8730,26,770,2
8731,1,2856,1
8732,17,5109,1
8733,38,6988,1
8734,34,462,2
8735,27,1358,1
8736,6,7818,1
8737,26,7790,2
8738,30,520,1
8739,39,6634,1
8740,29,1720,1
8741,32,4269,2
8742,7,1431,1
8743,32,7426,3
8744,59,2019,1
8745,19,2270,1
8746,23,4545,1
8747,2,2909,1
8748,8,898,1
8749,30,6909,1
8750,29,169,2
8751,9,3918,1
8752,59,4711,2
8753,29,6410,2
8754,54,4709,1
8755,44,1198,1
8756,10,3806,1
8757,56,3537,1
8758,37,4137,3
8759,32,4309,1
8760,36,3339,1
8761,44,2797,1
8762,41,2742,1
8763,6,3956,1
8764,33,4610,1
8765,19,7139,1
8766,38,458,1
8767,1,5627,1
8768,42,5861,1
8769,15,6911,1
8770,24,1876,1
8771,9,2138,1
8772,38,5455,1
8773,44,7164,1
8774,30,7140,1
8775,12,3213,1
8776,51,4419,2
8777,22,6212,1
8778,36,2607,1
8779,49,3465,1
8780,46,7220,1
8781,40,6535,1
8782,11,6224,1
8783,47,7398,1
8784,9,4400,1
8785,50,6716,1
8786,28,3586,1
8787,14,83,1
8788,9,569,1
8789,51,7726,2
8790,21,3906,1
8791,38,1169,1
8792,42,2316,4
8793,1,7585,1
8794,2,6390,1
8795,53,2006,3
8796,29,330,1
8797,50,6011,3
8798,4,2432,1
8799,39,768,1
8800,49,4477,1
8801,5,3853,1
8802,37,3969,3
8803,29,3035,1
8804,50,9,3
8805,30,6469,1
8806,1,3223,1
8807,17,5852,1
8808,26,1116,3
8809,42,1972,3
8810,53,1960,3
8811,33,7091,1
8812,60,7865,1
8813,17,5097,1
8814,57,1613,1
8815,56,3796,3
8816,21,7640,1
8817,21,7858,1
8818,36,6053,1
8819,31,544,2
8820,13,1310,1
8821,26,1046,2
8822,49,4754,1
8823,59,5945,1
8824,26,7015,4
8825,16,1625,1
8826,36,3430,1
8827,36,7650,1
8828,29,2929,1
8829,43,480,1
8830,12,1309,1
8831,54,4335,3
8832,13,5988,1
8833,2,7087,1
8834,53,6677,1
8835,53,1780,1
8836,57,3172,1
8837,19,7238,1
8838,47,7564,1
8839,32,6534,1
8840,1,1731,1
8841,21,392,1
8842,59,5987,2
8843,43,2953,1
8844,22,6698,1
8845,50,7460,1
8846,14,6721,1
8847,51,4256,1
8848,59,7052,1
8849,10,860,1
8850,20,5055,1
8851,15,4861,1
8852,32,6534,1
8853,44,2753,1
8854,49,7467,1
8855,3,4200,1
8856,46,893,1
8857,3,3794,1
8858,35,923,1
8859,45,5649,3
8860,44,7210,1
8861,46,7774,1
8862,4,1662,1
8863,15,1979,1
8864,1,5374,1
8865,38,5059,1
8866,1,7565,1
8867,60,3166,1
8868,8,1471,1
8869,31,7891,2
8870,26,6576,2
8871,41,2003,1
8872,60,5189,1
8873,4,4268,1
8874,31,7676,2
8875,24,5780,1
8876,18,2453,1
8877,5,358,1
8878,36,347,1
8879,52,937,1
8880,37,1971,3
8881,59,2479,1
8882,50,6676,2
8883,22,1306,1
8884,39,3217,1
8885,26,548,2
8886,39,505,1
8887,35,135,1
8888,14,4735,1
8889,48,7375,1
8890,45,1100,3
8891,53,3694,2
8892,14,3803,1
8893,38,7392,1
8894,43,6419,1
8895,21,451,1
8896,17,6230,1
8897,44,2341,3
8898,29,6070,3
8899,28,6329,2
8900,18,5109,1
8901,29,4857,1
8902,35,7402,1
8903,5,773,1
8904,58,6359,1
8905,25,3044,1
8906,22,4738,1
8907,12,4119,1
8908,51,3206,3
8909,43,5209,2
8910,28,6405,3
8911,4,457,1
8912,53,2683,1
8913,10,33,1
8914,59,5161,2
8915,31,2328,2
8916,52,7442,2
8917,43,2916,2
8918,17,6141,1
8919,59,5131,2
8920,51,6341,1
8921,57,4914,3
8922,54,3614,1
8923,26,5549,3
8924,43,4927,1
8925,46,1008,2
8926,17,5888,1
8927,16,5886,1
8928,52,2617,1
8929,3,7292,1
8930,22,2893,1
8931,59,5240,1
8932,22,7673,1
8933,41,6141,1
8934,59,2258,1
8935,1,228,1
8936,14,722,1
8937,35,3090,1
8938,31,928,1
8939,1,4360,1
8940,4,886,1
8941,36,4951,1
8942,56,6215,3
8943,44,6391,3
8944,10,207,1
8945,44,5157,1
8946,7,2353,1
8947,26,756,1
8948,13,4883,1
8949,32,4181,1
8950,54,2970,3
8951,11,2530,1
8952,14,4794,1
8953,2,7241,1
8954,41,1365,1
8955,38,911,1
8956,17,3461,1
8957,27,7561,2
8958,9,4673,1
8959,36,2368,1
8960,41,187,1
8961,7,1987,1
8962,10,2332,1
8963,23,1693,1
8964,30,5260,1
8965,29,6679,1
8966,42,4431,3
8967,9,5918,1
8968,30,2556,1
8969,11,6080,1
8970,18,3054,1
8971,9,2679,1
8972,51,2849,1
8973,20,5842,1
8974,16,574,1
8975,33,967,1
8976,26,3948,2
8977,33,966,1
8978,32,5893,1
8979,50,2541,1
8980,27,5113,2
8981,38,3333,1
8982,8,5184,1
8983,13,5911,1
8984,54,3384,3
8985,54,5600,2
8986,40,6705,1
8987,11,3056,1
8988,59,72,1
8989,48,2952,1
8990,13,7182,1
8991,53,5641,1
8992,17,1558,1
8993,56,5257,2
8994,28,556,2
8995,52,5735,2
8996,53,832,1
8997,46,7244,3
8998,58,5891,2
8999,51,7805,2
9000,8,3295,1
9001,26,5510,3
9002,27,2108,1
9003,47,7341,2
9004,11,4735,1
9005,46,6093,1
9006,13,1909,1
9007,27,1113,4
9008,3,4646,1
9009,47,6506,3
9010,16,6470,1
9011,23,7638,1
9012,53,5351,3
9013,46,7539,3
9014,48,1746,1
9015,52,5437,1
9016,59,5795,2
9017,57,5636,2
9018,52,2154,3
9019,25,3180,1
9020,37,2930,1
9021,59,2946,1
9022,14,3456,1
9023,46,5887,1
9024,10,1362,1
9025,37,7783,2
9026,7,263,1
9027,17,1812,1
9028,35,3576,1
9029,45,2533,1
9030,8,3434,1
9031,45,2497,3
9032,23,7638,1
9033,57,3304,3
9034,30,2109,1
9035,33,7466,1
9036,5,7904,1
9037,15,2560,1
9038,53,7834,1
9039,38,2945,1
9040,33,147,1
9041,53,6444,2
9042,35,5934,1
9043,46,6402,3
9044,5,3314,1
9045,1,1631,1
9046,8,321,1
9047,30,4956,1
9048,3,5641,1
9049,38,3932,1
9050,31,181,1
9051,3,1105,1
9052,14,5016,1
9053,22,5173,1
9054,6,6013,1
9055,9,977,1
9056,46,2585,1
9057,25,5678,1
9058,36,6232,1
9059,59,2331,3
9060,17,5007,1
9061,32,6274,1
9062,23,7611,1
9063,34,5550,2
9064,35,3329,1
9065,36,425,1
9066,21,3,1
9067,35,1108,1
9068,1,2771,1
9069,19,1078,1
9070,21,573,1
9071,9,3975,1
9072,21,1874,1
9073,25,5732,1
9074,28,7127,2
9075,17,3410,1
9076,55,4712,2
9077,28,7372,1
9078,35,2393,1
9079,18,2213,1
9080,19,4575,1
9081,19,3043,1
9082,27,5101,4
9083,57,4103,3
9084,18,4548,1
9085,40,5787,1
9086,50,2857,1
9087,31,2196,1
9088,33,293,3
9089,32,6048,1
9090,21,2036,1
9091,53,1234,3
9092,51,4462,1
9093,8,5459,1
9094,52,3849,2
9095,36,4716,1
9096,33,6899,3
9097,7,6659,1
9098,2,2394,1
9099,35,1739,1
9100,42,4805,2
9101,7,5220,1
9102,9,6994,1
9103,1,7717,1
9104,60,1849,1
9105,40,1438,1
9106,60,7846,1
9107,31,3605,1
9108,48,4716,1
9109,26,1129,2
9110,37,6335,1
9111,2,4699,1
9112,2,5597,1
9113,36,1760,1
9114,20,997,1
9115,36,4709,1
9116,35,3498,1
9117,50,3,1
9118,16,6473,1
9119,6,6908,1
9120,38,3687,1
9121,5,7,1
9122,43,10,3
9123,46,4487,3
9124,18,5125,1
9125,5,484,1
9126,12,4976,1
9127,13,2274,1
9128,21,1043,1
9129,60,3300,1
9130,18,7174,1
9131,35,4321,1
9132,14,2244,1
9133,27,6511,2
9134,32,5326,4
9135,44,7858,3
9136,58,2125,2
9137,4,47,1
9138,17,2163,1
9139,24,334,1
9140,16,652,1
9141,37,6682,2
9142,59,2756,1
9143,27,2441,2
9144,40,141,1
9145,56,6651,1
9146,60,191,1
9147,18,1753,1
9148,12,6271,1
9149,31,7492,1
9150,7,6887,1
9151,11,342,1
9152,50,7646,1
9153,30,2306,1
9154,40,3135,1
9155,38,4128,1
9156,55,4887,3
9157,36,5731,1
9158,1,3178,1
9159,14,597,1
9160,19,5870,1
9161,21,6080,1
9162,52,5418,3
9163,42,6551,1
9164,28,2474,1
9165,7,3957,1
9166,37,206,2
9167,38,1298,1
9168,46,1811,1
9169,26,305,2
9170,13,1021,1
9171,6,3899,1
9172,29,5976,1
9173,26,2724,3
9174,22,3045,1
9175,33,445,1
9176,45,5618,1
9177,25,3631,1
9178,38,5927,1
9179,20,1688,1
9180,17,3816,1
9181,36,408,1
9182,41,774,1
9183,53,2952,4
9184,6,468,1
9185,49,5466,1
9186,50,5923,1
9187,21,2503,1
9188,36,5432,1
9189,42,6391,2
9190,43,2504,1
9191,29,4510,1
9192,51,7544,3
9193,41,1548,1
9194,15,125,1
9195,45,248,3
9196,20,3720,1
9197,5,837,1
9198,53,1862,3
9199,52,1400,3
9200,54,3098,1
9201,23,6049,1
9202,54,2020,2
9203,15,7384,1
9204,53,6671,3
9205,21,6187,1
9206,48,1094,1
9207,27,3867,1
9208,34,5493,2
9209,44,536,2
9210,15,6898,1
9211,59,4412,3
9212,28,3846,2
9213,38,1232,1
9214,27,5171,1
9215,32,95,1
9216,46,1371,1
9217,35,5577,1
9218,27,6807,2
9219,28,1489,2
9220,5,4606,1
9221,50,4499,3
9222,36,465,1
9223,27,2939,1
9224,10,2386,1
9225,55,5376,1
9226,18,6120,1
9227,13,3797,1
9228,8,7687,1
9229,57,6074,3
9230,1,3689,1
9231,41,1486,1
9232,19,45,1
9233,21,6354,1
9234,15,3487,1
9235,29,4164,1
9236,54,2844,2
9237,10,4479,1
9238,21,3531,1
9239,54,7828,3
9240,44,4777,4
9241,16,3476,1
9242,48,5851,1
9243,7,1652,1
9244,46,4908,1
9245,24,6277,1
9246,31,1418,1
9247,49,1305,1
9248,48,6449,1
9249,59,6929,1
9250,19,7303,1
9251,42,6328,2
9252,32,7784,2
9253,8,2737,1
9254,53,7554,2
9255,46,1523,4
9256,23,6308,1
9257,19,3096,1
9258,27,7008,1
9259,30,4517,1
9260,1,437,1
9261,21,6791,1
9262,30,3500,1
9263,50,5011,1
9264,3,6587,1
9265,20,6944,1
9266,52,6306,1
9267,27,5369,1
9268,16,2134,1
9269,41,3325,1
9270,19,6262,1
9271,60,2984,1
9272,14,3767,1
9273,37,4288,4
9274,55,4811,1
9275,49,1183,1
9276,42,4133,1
9277,35,2539,1
9278,28,7707,3
9279,2,5736,1
9280,39,5398,1
9281,17,4431,1
9282,11,7271,1
9283,34,7117,3
9284,4,7651,1
9285,14,7276,1
9286,3,5189,1
9287,45,7486,1
9288,33,3455,2
9289,35,6707,1
9290,29,7521,1
9291,31,3670,1
9292,30,4449,1
9293,20,1261,1
9294,45,7482,1
9295,48,1658,1
9296,25,1877,1
9297,41,5325,1
9298,54,3474,1
9299,16,347,1
9300,30,4582,1
9301,59,1313,4
9302,54,638,2
9303,20,4324,1
9304,5,4095,1
9305,27,5254,3
9306,17,5263,1
9307,46,5071,3
9308,47,4393,1
9309,41,3557,1
9310,32,4588,1
9311,19,7036,1
9312,48,6691,1
9313,34,6526,3
9314,16,7656,1
9315,39,1988,1
9316,12,5522,1
9317,40,3868,1
9318,16,1596,1
9319,40,1677,1
9320,6,4093,1
9321,13,5406,1
9322,13,3887,1
9323,51,6893,1
9324,24,6805,1
9325,8,1539,1
9326,17,1673,1
9327,47,443,2
9328,1,7491,1
9329,57,6353,1
9330,38,6143,1
9331,50,3728,1
9332,17,3337,1
9333,35,6559,1
9334,38,3382,1
9335,23,3778,1
9336,29,4075,3
9337,16,7726,1
9338,26,3532,1
9339,52,1543,3
9340,53,1229,1
9341,51,3335,2
9342,41,4486,1
9343,25,2642,1
9344,13,241,1
9345,11,3669,1
9346,51,6562,1
9347,41,6855,1
9348,18,6451,1
9349,39,6210,1
9350,15,7288,1
9351,59,2792,1
9352,36,5315,1
9353,38,1145,1
9354,19,1265,1
9355,4,7324,1
9356,1,7351,1
9357,43,4152,2
9358,24,76,1
9359,23,2998,1
9360,36,907,1
9361,58,835,3
9362,34,4989,2
9363,15,7450,1
9364,4,3802,1
9365,42,6488,3
9366,52,5935,3
9367,10,7021,1
9368,52,7434,1
9369,13,267,1
9370,43,4320,3
9371,33,262,2
9372,59,4926,1
9373,35,12,1
9374,35,7075,1
9375,56,359,2
9376,18,4215,1
9377,60,6854,1
9378,50,3249,2
9379,23,6787,1
9380,28,1967,1
9381,4,751,1
9382,60,2213,1
9383,56,4843,2
9384,39,5214,1
9385,7,5616,1
9386,43,3187,1
9387,55,6949,1
9388,15,115,1
9389,3,2506,1
9390,38,2524,1
9391,11,6637,1
9392,47,158,1
9393,4,4912,1
9394,17,6839,1
9395,32,7570,1
9396,3,6966,1
9397,60,2890,1
9398,28,1303,2
9399,20,1456,1
9400,53,4595,1
9401,32,6354,2
9402,50,5998,1
9403,20,2442,1
9404,43,4132,2
9405,60,5392,1
9406,42,590,1
9407,6,1452,1
9408,13,4066,1
9409,18,4635,1
9410,36,5745,1
9411,25,3122,1
9412,21,4979,1
9413,6,589,1
9414,7,7400,1
9415,59,6426,2
9416,13,4287,1
9417,15,1944,1
9418,7,2951,1
9419,54,377,1
9420,42,2023,4
9421,27,3392,1
9422,14,506,1
9423,6,5889,1
9424,57,941,1
9425,3,5866,1
9426,29,763,1
9427,20,6452,1
9428,13,5662,1
9429,41,5409,1
9430,31,5991,4
9431,48,4269,1
9432,31,748,3
9433,51,95,1
9434,32,7451,2
9435,43,1797,2
9436,19,5434,1
9437,48,1214,1
9438,11,3431,1
9439,29,729,3
9440,29,2914,2
9441,47,2830,2
9442,10,3489,1
9443,12,4557,1
9444,27,7313,3
9445,19,643,1
9446,15,602,1
9447,55,2705,2
9448,35,2297,1
9449,30,1030,1
9450,13,4392,1
9451,46,2055,2
9452,25,4190,1
9453,55,7244,2
9454,20,507,1
9455,23,3348,1
9456,43,5855,3
9457,4,4487,1
9458,10,2909,1
9459,60,323,1
9460,44,6103,2
9461,41,3550,1
9462,34,1403,1
9463,41,2903,1
9464,19,7826,1
9465,31,4066,1
9466,6,4361,1
9467,30,5550,1
9468,55,784,1
9469,47,1225,1
9470,36,4514,1
9471,30,1799,1
9472,25,3973,1
9473,13,4769,1
9474,16,3501,1
9475,37,7006,1
9476,33,4745,1
9477,35,2508,1
9478,24,5028,1
9479,12,2542,1
9480,51,7746,3
9481,12,7583,1
9482,56,7278,2
9483,17,3956,1
9484,26,500,1
9485,2,2578,1
9486,19,3584,1
9487,14,1663,1
9488,53,873,2
9489,21,4150,1
9490,60,6404,1
9491,58,184,2
9492,10,2374,1
9493,9,6557,1
9494,20,6825,1
9495,18,1563,1
9496,39,2161,1
9497,48,7892,1
9498,7,7371,1
9499,30,6445,1
9500,34,4973,1
9501,29,3174,3
9502,32,5274,1
9503,6,5788,1
9504,34,703,4
9505,10,5643,1
9506,24,3328,1
9507,5,1429,1
9508,46,484,3
9509,28,2697,1
9510,20,3250,1
9511,25,6876,1
9512,52,2840,1
9513,7,583,1
9514,9,6719,1
9515,15,5523,1
9516,16,1822,1
9517,20,1577,1
9518,21,791,1
9519,53,6163,2
9520,30,1332,1
9521,56,4269,1
9522,13,1489,1
9523,13,4961,1
9524,46,2974,1
9525,15,4224,1
9526,55,3353,1
9527,24,5746,1
9528,43,5502,1
9529,8,5274,1
9530,10,7538,1
9531,23,3034,1
9532,30,6346,1
9533,21,2254,1
9534,39,5305,1
9535,25,5827,1
9536,12,6714,1
9537,26,2178,1
9538,26,5235,1
9539,26,4003,2
9540,48,5370,1
9541,12,5283,1
9542,9,7512,1
9543,48,7915,1
9544,8,2211,1
9545,30,1706,1
9546,29,752,1
9547,40,5553,1
9548,55,1262,1
9549,8,2054,1
9550,43,2880,3
9551,54,7387,2
9552,35,6984,1
9553,7,7329,1
9554,11,3915,1
9555,58,1612,3
9556,32,4333,2
9557,47,4115,2
9558,53,7235,1
9559,35,6084,1
9560,21,4549,1
9561,36,1173,1
9562,44,2701,3
9563,34,7597,1
9564,30,6966,1
9565,30,4036,1
9566,16,869,1
9567,52,4036,2
9568,50,4842,3
9569,42,4638,1
9570,29,2338,1
9571,8,1964,1
9572,32,3734,3
9573,53,6837,1
9574,48,1095,1
9575,59,4853,4
9576,19,3253,1
9577,23,7745,1
9578,33,1375,1
9579,32,2944,2
9580,39,6858,1
9581,18,3086,1
9582,41,1340,1
9583,32,6001,4
9584,39,7555,1
9585,22,7481,1
9586,53,5619,1
9587,58,4204,3
9588,51,1903,4
9589,19,2444,1
9590,55,3701,3
9591,11,6588,1
9592,34,1001,3
9593,52,4636,3
9594,25,812,1
9595,33,1709,1
9596,51,5072,3
9597,32,7739,1
9598,51,5982,3
9599,49,3183,1
9600,48,4841,1
9601,16,496,1
9602,32,1669,2
9603,34,7917,2
9604,42,2094,3
9605,18,7416,1
9606,50,4015,1
9607,32,5205,3
9608,48,4669,1
9609,34,4197,2
9610,24,7055,1
9611,15,1671,1
9612,25,7598,1
9613,44,3516,1
9614,13,7784,1
9615,19,6774,1
9616,45,7714,4
9617,1,1058,1
9618,35,6917,1
9619,34,2509,3
9620,29,4160,2
9621,30,98,1
9622,50,7126,3
9623,44,2807,3
9624,30,7455,1
9625,7,6713,1
9626,34,7492,1
9627,52,1719,1
9628,59,4339,2
9629,34,755,3
9630,49,2173,1
9631,24,3298,1
9632,51,3463,2
9633,11,3056,1
9634,25,3739,1
9635,41,7557,1
9636,37,4119,3
9637,8,984,1
9638,48,1477,1
9639,11,1817,1
9640,36,6097,1
9641,55,6478,2
9642,21,3524,1
9643,60,3761,1
9644,8,6563,1
9645,34,3290,3
9646,54,6098,1
9647,18,5446,1
9648,20,1559,1
9649,10,301,1
9650,15,6115,1
9651,15,171,1
9652,51,3680,2
9653,59,6223,1
9654,48,5693,1
9655,11,3345,1
9656,3,4874,1
9657,18,7846,1
9658,13,1127,1
9659,7,6520,1
9660,43,149,1
9661,28,7601,1
9662,43,5763,1
9663,26,5123,3
9664,58,6440,2
9665,26,2383,1
9666,39,6164,1
9667,4,5079,1
9668,28,2723,2
9669,26,5722,3
9670,21,6358,1
9671,6,2532,1
9672,48,3978,1
9673,53,2741,1
9674,54,233,1
9675,34,1339,1
9676,24,6457,1
9677,25,1104,1
9678,30,7389,1
9679,17,4113,1
9680,7,542,1
9681,44,815,3
9682,30,6046,1
9683,35,7704,1
9684,30,6715,1
9685,23,5391,1
9686,32,331,3
9687,56,2475,1
9688,46,1519,4
9689,28,1589,2
9690,1,1472,1
9691,1,3939,1
9692,30,1660,1
9693,25,5017,1
9694,30,6528,1
9695,59,1507,2
9696,17,7117,1
9697,35,111,1
9698,54,3037,1
9699,47,2393,1
9700,55,2992,2
9701,38,6736,1
9702,6,7900,1
9703,57,4569,3
9704,51,2317,1
9705,15,6455,1
9706,58,6818,1
9707,48,3906,1
9708,33,6147,1
9709,44,2628,2
9710,22,1524,1
9711,30,3074,1
9712,17,7173,1
9713,46,7444,3
9714,21,7574,1
9715,11,1580,1
9716,37,5077,2
9717,1,6416,1
9718,42,3639,3
9719,29,7088,3
9720,42,245,1
9721,22,6329,1
9722,41,398,1
9723,2,4438,1
9724,23,2942,1
9725,42,7674,4
9726,53,7558,2
9727,56,7391,3
9728,8,1748,1
9729,25,4348,1
9730,36,3935,1
9731,52,3713,2
9732,9,7291,1
9733,52,686,1
9734,2,2850,1
9735,39,7606,1
9736,49,1211,1
9737,10,5774,1
9738,20,3832,1
9739,1,3459,1
9740,21,3397,1
9741,23,1179,1
9742,1,5496,1
9743,17,7462,1
9744,21,4054,1
9745,16,669,1
9746,40,7446,1
9747,13,4196,1
9748,16,1144,1
9749,12,517,1
9750,48,5057,1
9751,50,3413,1
9752,2,1394,1
9753,27,4488,3
9754,13,526,1
9755,14,4080,1
9756,42,4072,1
9757,19,21,1
9758,19,6090,1
9759,23,6399,1
9760,51,999,2
9761,10,5541,1
9762,18,78,1
9763,5,4255,1
9764,44,1766,3
9765,44,5352,3
9766,11,3403,1
9767,19,451,1
9768,12,2725,1
9769,50,7201,1
9770,32,5914,2
9771,6,4118,1
9772,2,7204,1
9773,39,991,1
9774,40,5154,1
9775,14,1211,1
9776,18,1622,1
9777,22,4718,1
9778,15,421,1
9779,21,6065,1
9780,30,5948,1
9781,34,7809,1
9782,40,5197,1
9783,36,1934,1
9784,21,5393,1
9785,2,2609,1
9786,23,2231,1
9787,53,3131,3
9788,6,717,1
9789,27,6126,3
9790,17,101,1
9791,41,7791,1
9792,32,6663,3
9793,13,28,1
9794,11,7180,1
9795,2,4243,1
9796,26,7094,1
9797,48,229,1
9798,54,4812,1
9799,40,3381,1
9800,27,4942,1
9801,25,3743,1
9802,27,4843,3
9803,6,5097,1
9804,23,2378,1
9805,11,5741,1
9806,44,3057,1
9807,27,4061,1
9808,20,1380,1
9809,32,3995,2
9810,11,6154,1
9811,38,3208,1
9812,29,4447,1
9813,35,7416,1
9814,17,4588,1
9815,2,2649,1
9816,20,6765,1
9817,20,2435,1
9818,24,1957,1
9819,7,681,1
9820,44,7672,1
9821,32,7154,1
9822,33,1795,1
9823,48,4074,1
9824,24,4303,1
9825,11,3482,1
9826,56,1176,2
9827,50,1764,1
9828,36,1636,1
9829,1,909,1
9830,54,2510,3
9831,14,4111,1
9832,13,357,1
9833,16,7641,1
9834,60,972,1
9835,14,914,1
9836,52,5806,1
9837,4,2050,1
9838,28,410,2
9839,10,5746,1
9840,30,3983,1
9841,5,5689,1
9842,59,6004,1
9843,39,3982,1
9844,4,7024,1
9845,43,30,1
9846,52,3152,3
9847,14,6219,1
9848,3,743,1
9849,60,3275,1
9850,10,1351,1
9851,27,7363,2
9852,26,5158,3
9853,43,4649,1
9854,2,3056,1
9855,46,128,1
9856,18,4033,1
9857,59,10,1
9858,43,6864,2
9859,26,4436,1
9860,60,514,1
9861,25,4064,1
9862,13,2793,1
9863,15,6515,1
9864,37,6221,1
9865,58,7494,2
9866,57,3432,1
9867,10,5332,1
9868,45,3374,1
9869,44,1400,1
9870,55,4862,3
9871,15,683,1
9872,25,1646,1
9873,37,6870,3
9874,11,7089,1
9875,20,6575,1
9876,53,1867,1
9877,30,2134,1
9878,6,7218,1
9879,60,1235,1
9880,58,2214,3
9881,7,5610,1
9882,31,4434,1
9883,4,6088,1
9884,37,4655,1
9885,3,7836,1
9886,15,5281,1
9887,53,1054,1
9888,17,7420,1
9889,43,2328,3
9890,37,7348,1
9891,40,5323,1
9892,49,3136,1
9893,14,6788,1
9894,6,2402,1
9895,2,2622,1
9896,42,5945,1
9897,7,2755,1
9898,53,65,1
9899,59,3104,1
9900,36,3646,1
9901,53,6202,3
9902,38,3788,1
9903,27,4378,2
9904,7,1554,1
9905,41,3433,1
9906,47,5108,1
9907,41,4210,1
9908,38,6935,1
9909,8,7245,1
9910,1,7315,1
9911,26,5137,2
9912,29,1661,1
9913,51,399,1
9914,36,5354,1
9915,10,7400,1
9916,35,6349,1
9917,41,5938,1
9918,16,6511,1
9919,3,7416,1
9920,52,7384,1
9921,28,6422,2
9922,14,2838,1
9923,19,6987,1
9924,10,2125,1
9925,40,2528,1
9926,36,3909,1
9927,12,3814,1
9928,50,5502,2
9929,34,3621,1
9930,32,5089,1
9931,45,2690,2
9932,23,4921,1
9933,25,2213,1
9934,11,2263,1
9935,19,2222,1
9936,30,3861,1
9937,58,2485,1
9938,41,4044,1
9939,21,4022,1
9940,19,3707,1
9941,42,3326,1
9942,51,4349,1
9943,26,7283,1
9944,5,5330,1
9945,23,5639,1
9946,60,4794,1
9947,59,966,2
9948,11,2356,1
9949,32,3691,3
9950,25,2158,1
9951,55,7000,3
9952,4,7003,1
9953,37,2632,1
9954,15,5482,1
9955,36,1516,1
9956,43,4962,4
9957,18,7665,1
9958,32,3652,3
9959,44,1309,1
9960,60,5243,1
9961,11,3033,1
9962,35,1920,1
9963,1,7162,1
9964,31,6577,1
9965,48,4368,1
9966,59,4586,2
9967,50,3345,2
9968,46,1713,2
9969,15,4033,1
9970,23,873,1
9971,46,5567,1
9972,50,1824,3
9973,48,2437,1
9974,1,1067,1
9975,22,3594,1
9976,42,582,3
9977,36,2039,1
9978,14,445,1
9979,7,1040,1
9980,43,2426,3
9981,13,3308,1
9982,15,4720,1
9983,33,3516,1
9984,35,1417,1
9985,4,3412,1
9986,26,2427,3
9987,59,5073,1
9988,8,5005,1
9989,35,4943,1
9990,20,6165,1
9991,8,765,1
9992,20,2858,1
9993,33,5233,1
9994,5,6680,1
9995,20,6733,1
9996,37,4001,2
9997,47,3569,1
9998,48,875,1
9999,35,5328,1
10000,54,688,1
10001,22,1667,1
10002,30,5788,1
10003,39,3149,1
10004,54,490,3
10005,57,4908,3
10006,60,1423,1
10007,15,2381,1
10008,22,3801,1
10009,31,1328,1
10010,13,6991,1
10011,30,7932,1
10012,46,4045,3
10013,16,5320,1
10014,32,1189,3
10015,21,61,1
10016,45,6312,3
10017,59,3108,3
10018,50,1679,1
10019,38,494,1
10020,54,5840,3
10021,19,7040,1
10022,23,4187,1
10023,50,5202,1
10024,48,6473,1
10025,20,7164,1
10026,59,1752,2
10027,54,2519,3
10028,17,3817,1
10029,32,3594,1
10030,15,2422,1
10031,9,3271,1
10032,53,4373,2
10033,52,5062,2
10034,52,6662,3
10035,45,2212,2
10036,37,676,1
10037,29,881,1
10038,5,3458,1
10039,18,6400,1
10040,51,317,1
10041,8,2194,1
10042,33,6031,3
10043,58,496,1
10044,28,846,1
10045,21,6946,1
10046,5,6411,1
10047,55,600,1
10048,21,6627,1
10049,26,7426,4
10050,29,4592,4
10051,36,6970,1
10052,3,228,1
10053,54,6248,2
10054,2,897,1
10055,21,2832,1
10056,24,3361,1
10057,9,2857,1
10058,38,2198,1
10059,41,4946,1
10060,38,1115,1
10061,23,2858,1
10062,8,7598,1
10063,18,1471,1
10064,7,3899,1
10065,5,4677,1
10066,50,3848,2
10067,13,3216,1
10068,22,1974,1
10069,38,7416,1
10070,29,7217,4
10071,48,6955,1
10072,29,2507,1
10073,53,7673,1
10074,11,3352,1
10075,53,7875,2
10076,34,5504,3
10077,5,4146,1
10078,3,5317,1
10079,45,4650,3
10080,8,5655,1
10081,33,2853,3
10082,17,6036,1
10083,23,7611,1
10084,41,7553,1
10085,59,1447,1
10086,9,4187,1
10087,3,7637,1
10088,18,3860,1
10089,19,3873,1
10090,16,750,1
10091,19,1402,1
10092,32,346,3
10093,15,7463,1
10094,24,2695,1
10095,19,6376,1
10096,3,3327,1
10097,33,5054,4
10098,6,3192,1
10099,36,3809,1
10100,20,2383,1
10101,21,1769,1
10102,40,7436,1
10103,2,7872,1
10104,38,2806,1
10105,16,1609,1
10106,41,7808,1
10107,26,5640,2
10108,37,3932,1
10109,18,3446,1
10110,26,5577,2
10111,58,4703,1
10112,16,35,1
10113,23,825,1
10114,1,6255,1
10115,55,6661,1
10116,7,2710,1
10117,38,6454,1
10118,57,1871,2
10119,28,1154,1
10120,18,618,1
10121,54,3724,3
10122,37,5036,1
10123,14,7637,1
10124,3,4427,1
10125,7,2493,1
10126,13,6820,1
10127,8,7311,1
10128,30,4907,1
10129,30,2810,1
10130,55,130,1
10131,6,387,1
10132,12,2943,1
10133,50,7166,1
10134,32,542,2
10135,24,1835,1
10136,21,1405,1
10137,1,252,1
10138,8,1240,1
10139,59,6414,1
10140,3,5005,1
10141,9,4567,1
10142,52,3435,1
10143,50,7496,3
10144,19,2874,1
10145,27,81,3
10146,19,7267,1
10147,6,5140,1
10148,26,5980,3
10149,29,7170,3
10150,9,463,1
10151,53,7086,1
10152,33,4059,1
10153,3,4478,1
10154,19,7214,1
10155,28,2337,3
10156,1,3207,1
10157,33,4182,1
10158,19,5761,1
10159,20,6807,1
10160,58,1997,1
10161,12,5815,1
10162,6,3956,1
10163,29,5776,3
10164,41,504,1
10165,43,5840,2
10166,25,4603,1
10167,38,2449,1
10168,50,4798,1
10169,15,52,1
10170,58,3495,3
10171,38,5510,1
10172,60,2627,1
10173,16,7415,1
10174,57,7578,2
10175,57,1911,2
10176,1,2336,1
10177,9,2717,1
10178,51,2350,3
10179,6,7924,1
10180,50,4387,1
10181,45,4564,3
10182,20,3781,1
10183,22,6354,1
10184,3,2673,1
10185,47,4816,3
10186,35,3659,1
10187,57,7519,1
10188,30,4659,1
10189,21,7387,1
10190,2,5380,1
10191,9,488,1
10192,6,7428,1
10193,44,5964,3
10194,42,1542,4
10195,49,481,1
10196,53,565,2
10197,19,2801,1
10198,57,1537,4
10199,17,2111,1
10200,22,3566,1
10201,60,4036,1
10202,37,4219,3
10203,21,6057,1
10204,48,4536,1
10205,48,6600,1
10206,48,2063,1
10207,54,6767,3
10208,7,6259,1
10209,14,7499,1
10210,35,7423,1
10211,20,1238,1
10212,1,481,1
10213,4,5322,1
10214,27,6244,2
10215,49,1414,1
10216,30,3334,1
10217,17,938,1
10218,31,3274,2
10219,54,2970,3
10220,27,3194,2
10221,34,2631,2
10222,15,4659,1
10223,57,5973,1
10224,55,6224,4
10225,23,865,1
10226,45,1618,1
10227,57,3099,4
10228,12,6016,1
10229,9,3090,1
10230,22,1008,1
10231,4,1380,1
10232,41,1387,1
10233,2,4233,1
10234,9,5176,1
10235,47,4182,2
10236,24,7888,1
10237,34,7122,2
10238,13,7060,1
10239,56,6238,4
10240,36,6508,1
10241,19,4261,1
10242,51,2447,3
10243,8,2949,1
10244,47,6960,2
10245,33,914,1
10246,22,2546,1
10247,55,5396,3
10248,34,5076,1
10249,44,7435,2
10250,41,1311,1
10251,19,1629,1
10252,47,4364,1
10253,9,5904,1
10254,16,1481,1
10255,31,2846,1
10256,14,7264,1
10257,8,4763,1
10258,43,4523,3
10259,33,7717,1
10260,41,3901,1
10261,1,4281,1
10262,27,1725,3
10263,22,5549,1
10264,52,2698,2
10265,39,1737,1
10266,41,4153,1
10267,11,1892,1
10268,20,5418,1
10269,60,3071,1
10270,2,579,1
10271,31,876,2
10272,54,4768,2
10273,24,2670,1
10274,59,4652,1
10275,54,3342,1
10276,20,2534,1
10277,23,5009,1
10278,25,6314,1
10279,57,4935,1
10280,14,808,1
10281,23,3792,1
10282,8,6438,1
10283,41,3715,1
10284,15,6151,1
10285,26,3852,1
10286,9,2495,1
10287,29,5508,2
10288,16,943,1
10289,47,6328,1
10290,43,4584,2
10291,3,7287,1
10292,42,7254,2
10293,60,3387,1
10294,8,7214,1
10295,50,1469,2
10296,22,3167,1
10297,52,2678,1
10298,25,3949,1
10299,14,7289,1
10300,17,7195,1
10301,5,1267,1
10302,11,2753,1
10303,2,556,1
10304,19,6510,1
10305,21,6216,1
10306,16,225,1
10307,52,3938,1
10308,3,1633,1
10309,50,1945,1
10310,35,4299,1
10311,48,6771,1
10312,26,7344,1
10313,58,6879,1
10314,44,4068,2
10315,36,6310,1
10316,1,3916,1
10317,25,1129,1
10318,33,3408,4
10319,34,4925,3
10320,59,2904,1
10321,30,4241,1
10322,6,4185,1
10323,7,5741,1
10324,30,568,1
10325,44,6533,1
10326,7,4542,1
10327,44,4542,2
10328,42,5910,1
10329,42,616,2
10330,5,2785,1
10331,7,4086,1
10332,46,5067,1
10333,59,2868,3
10334,6,4467,1
10335,59,4886,3
10336,42,6060,3
10337,4,4775,1
10338,53,6670,2
10339,4,4131,1
10340,55,7108,3
10341,45,1238,1
10342,59,2962,3
10343,49,4913,1
10344,53,2710,1
10345,37,4077,3
10346,24,1836,1
10347,48,1782,1
10348,58,1908,2
10349,60,5613,1
10350,35,7715,1
10351,32,1412,1
10352,50,2614,1
10353,24,4189,1
10354,43,6718,2
10355,23,6446,1
10356,49,2703,1
10357,29,7324,2
10358,16,362,1
10359,15,4880,1
10360,33,32,1
10361,41,6058,1
10362,8,7424,1
10363,25,3759,1
10364,41,6313,1
10365,1,1999,1
10366,2,4336,1
10367,13,5374,1
10368,38,3825,1
10369,13,4698,1
10370,30,883,1
10371,59,7681,1
10372,39,2900,1
10373,25,6609,1
10374,53,5152,3
10375,45,3945,3
10376,57,94,2
10377,30,2314,1
10378,17,6769,1
10379,4,29,1
10380,23,7085,1
10381,39,7046,1
10382,55,704,2
10383,11,7764,1
10384,57,4365,4
10385,54,4387,2
10386,41,2657,1
10387,39,1231,1
10388,49,2578,1
10389,33,4456,1
10390,44,709,3
10391,10,3819,1
10392,28,5144,1
10393,32,5447,1
10394,43,6145,1
10395,49,993,1
10396,53,3619,3
10397,34,6538,3
10398,16,3229,1
10399,24,6808,1
10400,21,3062,1
10401,4,6991,1
10402,24,5326,1
10403,46,903,2
10404,23,297,1
10405,19,1983,1
10406,60,18,1
10407,53,3618,3
10408,39,1230,1
10409,44,7522,2
10410,59,6305,1
10411,33,6628,1
10412,27,7389,3
10413,28,4533,2
10414,11,195,1
10415,35,199,1
10416,20,7239,1
10417,34,1497,3
10418,57,7325,4
10419,25,6102,1
10420,9,6561,1
10421,2,5245,1
10422,7,5555,1
10423,52,594,1
10424,60,1131,1
10425,28,493,2
10426,9,1815,1
10427,58,5816,4
10428,49,518,1
10429,14,3309,1
10430,27,4966,2
10431,40,2520,1
10432,43,7714,2
10433,58,7782,1
10434,44,4038,2
10435,24,6820,1
10436,52,1291,1
10437,28,6348,1
10438,52,4630,2
10439,42,5264,2
10440,48,1099,1
10441,48,6937,1
10442,45,2829,2
10443,29,2242,2
10444,58,6933,4
10445,26,6723,3
10446,23,4064,1
10447,7,2326,1
10448,7,816,1
10449,32,7521,1
10450,10,182,1
10451,60,3335,1
10452,24,4279,1
10453,57,2980,3
10454,45,866,2
10455,1,2878,1
10456,10,876,1
10457,19,5785,1
10458,12,2665,1
10459,50,3151,1
10460,36,6578,1
10461,16,1898,1
10462,38,3776,1
10463,43,5495,1
10464,44,6367,1
10465,49,4603,1
10466,57,3276,2
10467,14,3812,1
10468,54,4878,2
10469,19,5346,1
10470,31,7189,1
10471,37,1124,3
10472,30,5614,1
10473,21,5112,1
10474,5,7722,1
10475,19,1744,1
10476,39,3165,1
10477,48,2537,1
10478,11,3295,1
10479,35,5953,1
10480,4,57,1
10481,31,4616,1
10482,59,7325,1
10483,30,580,1
10484,22,5264,1
10485,52,3522,1
10486,28,7554,3
10487,26,3625,1
10488,2,6895,1
10489,58,5459,3
10490,20,7165,1
10491,55,48,1
10492,8,4303,1
10493,29,4843,3
10494,35,2067,1
10495,36,3097,1
10496,42,5498,3
10497,11,6426,1
10498,13,5751,1
10499,10,2529,1
10500,17,650,1
10501,28,658,1
10502,23,240,1
10503,56,7294,1
10504,11,6833,1
10505,17,5516,1
10506,14,1022,1
10507,41,6075,1
10508,28,3063,2
10509,14,1968,1
10510,58,1087,3
10511,4,4286,1
10512,20,6938,1
10513,5,1522,1
10514,48,2645,1
10515,44,2616,2
10516,21,4635,1
10517,30,4088,1
10518,14,1633,1
10519,6,7360,1
10520,38,5945,1
10521,49,3957,1
10522,39,7030,1
10523,26,3620,1
10524,34,501,2
10525,25,6158,1
10526,55,3287,1
10527,48,659,1
10528,3,74,1
10529,30,2097,1
10530,58,355,2
10531,13,3872,1
10532,58,2167,1
10533,56,5794,4
10534,13,6489,1
10535,35,1985,1
10536,4,5812,1
10537,43,4772,2
10538,46,6399,1
10539,1,3580,1
10540,13,2344,1
10541,26,5348,1
10542,40,3951,1
10543,55,5426,1
10544,13,3125,1
10545,24,2946,1
10546,52,6590,2
10547,60,2470,1
10548,12,4699,1
10549,50,1936,2
10550,8,7380,1
10551,2,617,1
10552,33,4143,3
10553,44,4810,3
10554,55,2703,1
10555,40,90,1
10556,16,574,1
10557,52,5138,1
10558,36,4827,1
10559,36,4468,1
10560,27,5889,3
10561,16,3064,1
10562,42,5313,2
10563,11,6401,1
10564,31,2240,2
10565,54,4202,2
10566,57,3277,1
10567,20,7250,1
10568,41,6237,1
10569,2,437,1
10570,35,2013,1
10571,39,1019,1
10572,40,8,1
10573,18,2112,1
10574,46,4441,2
10575,2,6145,1
10576,35,6970,1
10577,60,4131,1
10578,34,1837,2
10579,1,2679,1
10580,46,31,2
10581,35,1878,1
10582,40,469,1
10583,35,2486,1
10584,38,4599,1
10585,17,377,1
10586,30,2208,1
10587,41,177,1
10588,55,2858,1
10589,46,3698,1
10590,57,6713,1
10591,15,1614,1
10592,58,814,2
10593,11,4189,1
10594,21,7854,1
10595,59,474,2
10596,42,7050,3
10597,53,129,1
10598,10,164,1
10599,54,5752,1
10600,55,5997,2
10601,24,6401,1
10602,27,3189,2
10603,43,6772,1
10604,10,752,1
10605,50,7497,4
10606,20,5410,1
10607,51,515,1
10608,19,1063,1
10609,6,1978,1
10610,23,4833,1
10611,37,7932,1
10612,56,1077,2
10613,2,6368,1
10614,34,1908,1
10615,42,4007,4
10616,44,1080,1
10617,15,4454,1
10618,8,5710,1
10619,43,884,1
10620,29,1486,1
10621,45,5046,3
10622,36,4618,1
10623,48,5322,1
10624,57,4898,2
10625,24,4716,1
10626,30,2779,1
10627,50,2508,1
10628,25,917,1
10629,47,5207,3
10630,16,1042,1
10631,41,5171,1
10632,53,1053,3
10633,43,121,1
10634,42,4446,1
10635,26,720,3
10636,51,3456,1
10637,33,2014,1
10638,8,2483,1
10639,4,7495,1
10640,53,1687,1
10641,4,5419,1
10642,31,3768,1
10643,8,2138,1
10644,53,2410,3
10645,3,1382,1
10646,32,5614,2
10647,58,7187,1
10648,8,7630,1
10649,23,7263,1
10650,44,7891,3
10651,47,7530,2
10652,28,915,1
10653,49,3006,1
10654,26,2702,3
10655,13,1093,1
10656,32,4883,1
10657,19,4360,1
10658,18,1244,1
10659,20,5633,1
10660,2,936,1
10661,39,4431,1
10662,36,680,1
10663,28,6442,2
10664,18,3080,1
10665,52,968,2
10666,36,167,1
10667,57,7374,1
10668,35,2578,1
10669,42,6306,1
10670,55,2396,4
10671,18,3502,1
10672,50,5851,2
10673,50,3356,1
10674,26,6960,3
10675,37,7168,1
10676,41,4441,1
10677,18,4514,1
10678,53,4361,3
10679,24,1301,1
10680,49,5439,1
10681,51,6890,1
10682,8,2438,1
10683,17,5069,1
10684,18,5932,1
10685,56,1384,2
10686,14,3850,1
10687,5,4214,1
10688,1,2141,1
10689,15,5500,1
10690,8,2260,1
10691,41,6139,1
10692,56,3448,1
10693,60,5801,1
10694,36,1533,1
10695,24,2772,1
10696,39,174,1
10697,39,5323,1
10698,34,2348,3
10699,35,4806,1
10700,24,1972,1
10701,22,1554,1
10702,53,2867,1
10703,27,2897,2
10704,57,6026,2
10705,2,744,1
10706,20,7439,1
10707,26,6616,1
10708,19,2736,1
10709,14,740,1
10710,51,4726,1
10711,1,6967,1
10712,31,3406,1
10713,21,2183,1
10714,42,682,1
10715,10,3085,1
10716,32,5208,1
10717,59,3657,2
10718,12,2287,1
10719,27,3235,1
10720,37,653,2
10721,27,4388,1
10722,35,6254,1
10723,39,5382,1
10724,19,5420,1
10725,13,1661,1
10726,41,3277,1
10727,7,5937,1
10728,41,5959,1
10729,55,4568,1
10730,5,2192,1
10731,28,6550,2
10732,32,2327,3
10733,43,128,2
10734,60,5456,1
10735,18,402,1
10736,51,997,1
10737,16,1701,1
10738,50,479,2
10739,33,1092,3
10740,4,3843,1
10741,45,2930,1
10742,33,2120,1
10743,30,5924,1
10744,41,5500,1
10745,36,4349,1
10746,38,7586,1
10747,37,2921,1
10748,21,7498,1
10749,45,3299,1
10750,7,5892,1
10751,14,6076,1
10752,32,3398,3
10753,45,961,1
10754,5,6999,1
10755,49,951,1
10756,18,62,1
10757,28,1656,2
10758,3,7789,1
10759,22,7312,1
10760,45,4631,3
10761,22,6841,1
10762,26,6055,3
10763,32,890,1
10764,28,7457,3
10765,24,7075,1
10766,5,1373,1
10767,23,4089,1
10768,5,317,1
10769,60,1918,1
10770,10,4097,1
10771,41,3133,1
10772,31,7242,2
10773,11,6273,1
10774,3,1909,1
10775,30,7685,1
10776,38,4154,1
10777,44,3735,2
10778,46,6983,2
10779,39,789,1
10780,26,2471,3
10781,11,3766,1
10782,2,874,1
10783,26,6573,2
10784,41,5629,1
10785,44,6261,2
10786,24,6502,1
10787,21,1659,1
10788,11,2728,1
10789,5,6535,1
10790,3,7082,1
10791,4,1152,1
10792,57,4430,1
10793,31,3470,2
10794,6,2567,1
10795,52,2580,1
10796,22,1448,1
10797,45,7074,1
10798,50,1730,3
10799,18,7380,1
10800,18,5764,1
10801,32,7308,1
10802,55,487,2
10803,10,5670,1
10804,10,7039,1
10805,10,3143,1
10806,29,6296,1
10807,54,5228,2
10808,24,6189,1
10809,53,1932,4
10810,40,3955,1
10811,16,6033,1
10812,24,119,1
10813,21,7770,1
10814,53,4957,1
10815,59,2855,1
10816,59,7374,4
10817,35,7737,1
10818,38,4957,1
10819,8,1180,1
10820,44,2483,1
10821,49,1826,1
10822,40,5932,1
10823,10,961,1
10824,32,1254,2
10825,57,478,1
10826,11,3002,1
10827,8,3740,1
10828,25,6348,1
10829,19,2027,1
10830,42,4546,3
10831,60,5962,1
10832,38,7136,1
10833,18,6866,1
10834,58,4200,3
10835,59,2446,3
10836,7,572,1
10837,7,2646,1
10838,38,1126,1
10839,27,6147,1
10840,41,2035,1
10841,18,5974,1
10842,35,892,1
10843,19,6081,1
10844,8,7618,1
10845,7,5336,1
10846,47,5070,4
10847,14,733,1
10848,33,7385,3
10849,60,3287,1
10850,46,5749,3
10851,35,2459,1
10852,7,6754,1
10853,14,7201,1
10854,8,2562,1
10855,48,2000,1
10856,4,1975,1
10857,55,2587,2
10858,38,3128,1
10859,2,4214,1
10860,32,3376,1
10861,34,134,1
10862,19,7552,1
10863,20,1242,1
10864,12,2194,1
10865,1,6845,1
10866,6,606,1
10867,46,3320,1
10868,14,200,1
10869,46,5235,1
10870,17,6090,1
10871,32,3520,2
10872,36,1668,1
10873,34,468,4
10874,22,5230,1
10875,6,3708,1
10876,2,944,1
10877,54,4830,4
10878,7,1614,1
10879,4,793,1
10880,20,5614,1
10881,15,5476,1
10882,39,2164,1
10883,47,2862,2
10884,5,5819,1
10885,44,4611,1
10886,15,7532,1
10887,16,5400,1
10888,15,6262,1
10889,29,5411,1
10890,23,5822,1
10891,1,2579,1
10892,49,4837,1
10893,16,2248,1
10894,29,4177,2
10895,58,1233,3
10896,25,6642,1
10897,51,7068,3
10898,32,1206,1
10899,53,6125,1
10900,60,5080,1
10901,57,1412,2
10902,11,3233,1
10903,37,2200,1
10904,54,3260,3
10905,57,630,1
10906,55,5610,2
10907,44,4242,3
10908,12,1151,1
10909,23,6947,1
10910,33,820,1
10911,49,6060,1
10912,49,571,1
10913,10,1607,1
10914,43,665,3
10915,50,716,1
10916,31,7684,2
10917,53,2262,1
10918,23,4465,1
10919,1,7925,1
10920,2,4742,1
10921,13,2341,1
10922,44,5651,2
10923,1,2767,1
10924,24,2701,1
10925,32,2857,2
10926,38,5287,1
10927,54,1539,1
10928,22,276,1
10929,53,7512,1
10930,44,3623,1
10931,4,4929,1
10932,3,7458,1
10933,36,7174,1
10934,40,7428,1
10935,15,7628,1
10936,30,2021,1
10937,14,147,1
10938,30,5324,1
10939,17,6154,1
10940,32,778,4
10941,16,606,1
10942,3,1190,1
10943,15,2246,1
10944,38,4840,1
10945,57,1047,2
10946,55,1603,1
10947,8,6386,1
10948,60,5379,1
10949,9,3060,1
10950,49,7725,1
10951,5,2487,1
10952,9,7734,1
10953,55,4456,1
10954,39,2738,1
10955,55,3399,1
10956,48,2071,1
10957,5,7280,1
10958,28,4759,1
10959,53,6493,1
10960,45,3009,3
10961,50,3830,1
10962,12,6629,1
10963,8,2761,1
10964,15,1933,1
10965,16,4313,1
10966,56,4439,1
10967,15,3834,1
10968,53,6000,3
10969,35,4507,1
10970,46,417,3
10971,8,3091,1
10972,2,6115,1
10973,38,6364,1
10974,51,5221,1
10975,27,4127,2
10976,25,79,1
10977,31,7806,2
10978,31,7720,1
10979,32,277,3
10980,17,6483,1
10981,40,3554,1
10982,28,4415,3
10983,40,6169,1
10984,40,5115,1
10985,22,395,1
10986,49,3571,1
10987,35,5746,1
10988,52,99,1
10989,23,2739,1
10990,55,7715,3
10991,13,4070,1
10992,39,5884,1
10993,57,5935,3
10994,40,7869,1
10995,34,2617,4
10996,44,2667,3
10997,15,619,1
10998,31,537,4
10999,34,5849,1
11000,46,6851,1
11001,58,5730,2
11002,57,3522,1
11003,9,3183,1
11004,21,481,1
11005,10,2983,1
11006,21,5463,1
11007,59,40,1
11008,12,7494,1
11009,2,2979,1
11010,56,3708,2
11011,14,2202,1
11012,11,3207,1
11013,48,7133,1
11014,49,4284,1
11015,16,4218,1
11016,45,7070,3
11017,58,4522,3
11018,58,989,1
11019,13,2361,1
11020,43,6668,4
11021,27,7336,2
11022,12,2512,1
11023,49,3939,1
11024,11,7418,1
11025,38,7651,1
11026,8,586,1
11027,36,922,1
11028,23,2817,1
11029,40,2068,1
11030,48,356,1
11031,55,242,1
11032,58,5363,1
11033,53,6566,1
11034,58,3263,2
11035,42,2360,1
11036,60,735,1
11037,45,7852,2
11038,25,2896,1
11039,42,7600,3
11040,20,1521,1
11041,12,2610,1
11042,20,154,1
11043,10,411,1
11044,35,2086,1
11045,56,1463,3
11046,24,6315,1
11047,19,1281,1
11048,29,6736,1
11049,13,4937,1
11050,58,683,2
11051,25,7901,1
11052,9,2317,1
11053,50,7299,1
11054,23,6809,1
11055,41,2218,1
11056,17,4430,1
11057,24,3121,1
11058,24,5937,1
11059,41,1081,1
11060,38,1582,1
11061,7,349,1
11062,53,7164,3
11063,30,2778,1
11064,1,89,1
11065,3,5656,1
11066,44,5047,1
11067,48,7466,1
11068,1,5368,1
11069,37,7289,3
11070,50,2352,1
11071,47,3193,2
11072,51,5131,1
11073,8,3592,1
11074,57,6756,3
11075,32,6962,1
11076,26,6924,1
11077,29,4503,2
11078,32,2584,2
11079,18,5403,1
11080,50,5099,1
11081,21,3648,1
11082,12,1611,1
11083,8,1619,1
11084,4,6536,1
11085,53,351,1
11086,47,2335,3
11087,15,1498,1
11088,47,1834,3
11089,41,6837,1
11090,5,7608,1
11091,59,2680,3
11092,32,2371,3
11093,25,3525,1
11094,51,2855,3
11095,46,2886,2
11096,17,3711,1
11097,7,5124,1
11098,33,7358,1
11099,19,5690,1
11100,50,1487,1
11101,2,6659,1
11102,23,45,1
11103,18,5306,1
11104,23,2509,1
11105,30,2698,1
11106,41,6420,1
11107,60,1547,1
11108,44,6656,1
11109,57,980,1
11110,28,708,2
11111,34,7553,1
11112,28,1980,2
11113,58,5779,1
11114,60,7177,1
11115,48,1431,1
11116,5,6114,1
11117,13,543,1
11118,51,5746,2
11119,10,3668,1
11120,42,408,3
11121,14,2158,1
11122,48,6165,1
11123,25,5458,1
11124,32,5197,2
11125,46,4585,3
11126,46,7319,3
11127,31,7603,1
11128,5,5373,1
11129,16,3710,1
11130,39,1027,1
11131,36,5470,1
11132,26,2816,1
11133,19,3509,1
11134,38,3476,1
11135,27,7024,3
11136,46,5724,3
11137,18,4787,1
11138,18,5606,1
11139,5,1604,1
11140,52,6632,3
11141,3,5795,1
11142,5,6247,1
11143,1,7498,1
11144,27,1922,1
11145,23,7387,1
11146,3,1561,1
11147,10,3397,1
11148,54,6712,1
11149,48,2521,1
11150,9,5425,1
11151,32,2447,1
11152,42,6019,2
11153,5,6089,1
11154,3,3123,1
11155,27,5058,1
11156,8,5568,1
11157,14,5775,1
11158,21,5504,1
11159,28,7083,2
11160,53,1492,2
11161,14,6363,1
11162,59,2641,2
11163,18,4023,1
11164,45,2422,3
11165,9,6327,1
11166,23,428,1
11167,10,2608,1
11168,21,5055,1
11169,1,2170,1
11170,29,3996,3
11171,30,3950,1
11172,49,5316,1
11173,19,2657,1
11174,34,6217,2
11175,19,3516,1
11176,60,5686,1
11177,31,6249,2
11178,23,3717,1
11179,35,1890,1
11180,25,2264,1
11181,37,6205,1
11182,60,7044,1
11183,31,5914,1
11184,43,3630,1
11185,44,7151,1
11186,26,3262,3
11187,17,6021,1
11188,47,4559,2
11189,53,7309,1
11190,18,99,1
11191,6,4553,1
11192,39,3567,1
11193,43,484,1
11194,13,4587,1
11195,20,7183,1
11196,10,4850,1
11197,10,6141,1
11198,25,1319,1
11199,38,6808,1
11200,50,1612,1
11201,19,646,1
11202,56,4727,3
11203,38,6974,1
11204,11,3957,1
11205,56,3426,3
11206,47,5027,4
11207,3,817,1
11208,10,2616,1
11209,59,1035,1
11210,16,1831,1
11211,16,2089,1
11212,15,1154,1
11213,1,4760,1
11214,35,3318,1
11215,13,5573,1
11216,24,4056,1
11217,12,1636,1
11218,31,316,1
11219,44,2054,1
11220,2,7901,1
11221,16,7072,1
11222,17,4961,1
11223,6,7647,1
11224,5,3107,1
11225,19,4437,1
11226,39,3216,1
11227,19,4890,1
11228,44,6606,1
11229,25,2275,1
11230,50,2404,1
11231,41,4246,1
11232,16,6362,1
11233,38,673,1
11234,10,380,1
11235,13,4034,1
11236,59,3052,2
11237,48,1021,1
11238,38,6912,1
11239,44,3132,3
11240,22,7753,1
11241,44,199,2
11242,12,4112,1
11243,35,7340,1
11244,41,976,1
11245,37,5920,1
11246,54,1521,1
11247,10,6383,1
11248,47,6735,2
11249,14,7916,1
11250,13,4452,1
11251,28,3789,1
11252,49,322,1
11253,58,1420,4
11254,50,824,2
11255,53,4535,2
11256,54,6186,1
11257,53,3869,1
11258,60,2323,1
11259,57,4070,1
11260,18,6000,1
11261,3,5426,1
11262,28,2527,2
11263,60,2295,1
11264,55,4359,2
11265,7,3696,1
11266,9,6862,1
11267,8,4002,1
11268,8,1108,1
11269,13,6444,1
11270,2,5907,1
11271,5,7517,1
11272,55,5421,3
11273,25,979,1
11274,41,6218,1
11275,53,2995,1
11276,44,3929,1
11277,3,6498,1
11278,58,3297,1
11279,27,3545,1
11280,56,7436,2
11281,27,6957,3
11282,52,7608,2
11283,28,5875,1
11284,16,6079,1
11285,27,908,1
11286,15,3749,1
11287,34,2394,1
11288,17,1155,1
11289,32,2528,3
11290,3,2045,1
11291,38,1538,1
11292,16,6414,1
11293,37,347,3
11294,55,995,1
11295,58,1055,1
11296,4,2286,1
11297,56,3317,4
11298,41,6485,1
11299,26,4807,3
11300,51,4638,1
11301,33,3420,1
11302,44,6082,4
11303,43,6922,1
11304,57,2810,1
11305,56,6703,2
11306,54,3223,4
11307,19,3588,1
11308,35,876,1
11309,1,3422,1
11310,47,27,2
11311,53,4756,1
11312,43,547,2
11313,11,3965,1
11314,44,4998,4
11315,37,6343,2
11316,45,4673,2
11317,47,4046,3
11318,23,4392,1
11319,27,608,3
11320,22,6724,1
11321,59,890,3
11322,7,1235,1
11323,24,4661,1
11324,60,7389,1
11325,37,2540,2
11326,27,4674,3
11327,19,5924,1
11328,25,7936,1
11329,17,6574,1
11330,14,5007,1
11331,36,4564,1
11332,21,3897,1
11333,32,3880,1
11334,59,6388,2
11335,59,5180,1
11336,59,3814,4
11337,8,7376,1
11338,26,6927,1
11339,15,3376,1
11340,55,3336,2
11341,49,6549,1
11342,54,7186,3
11343,25,1160,1
11344,41,5756,1
11345,14,2508,1
11346,26,4219,1
11347,26,2451,1
11348,11,4929,1
11349,27,3928,1
11350,9,4543,1
11351,45,3414,3
11352,22,1714,1
11353,33,2513,1
11354,26,4720,1
11355,51,5755,3
11356,34,7111,1
11357,54,6620,1
11358,5,860,1
11359,3,2207,1
11360,53,899,2
11361,50,7909,2
11362,47,7414,2
11363,20,1376,1
11364,54,1949,2
11365,43,3181,1
11366,39,4314,1
11367,48,2100,1
11368,53,6221,2
11369,43,5453,1
11370,46,6845,3
11371,33,1403,1
11372,27,2106,1
11373,29,1379,1
11374,10,7859,1
11375,24,3980,1
11376,18,5014,1
11377,32,6303,2
11378,15,2815,1
11379,12,7477,1
11380,46,6351,1
11381,23,5373,1
11382,25,4592,1
11383,48,1834,1
11384,2,7714,1
11385,51,7755,3
11386,60,3407,1
11387,49,557,1
11388,20,808,1
11389,24,846,1
11390,58,2152,3
11391,16,2658,1
11392,21,1057,1
11393,12,7239,1
11394,57,4747,1
11395,54,4646,1
11396,43,7381,2
11397,8,34,1
11398,23,6989,1
11399,58,5882,1
11400,27,375,3
11401,49,2351,1
11402,23,1219,1
11403,41,6247,1
11404,37,3486,1
11405,9,2059,1
11406,31,7599,1
11407,41,2975,1
11408,42,7208,2
11409,41,2202,1
11410,44,1334,3
11411,58,5571,3
11412,2,4734,1
11413,28,3626,3
11414,24,5364,1
11415,33,7387,1
11416,21,6618,1
11417,29,5976,2
11418,15,7110,1
11419,5,4103,1
11420,14,3768,1
11421,56,1103,2
11422,18,125,1
11423,31,4278,4
11424,33,7761,2
11425,16,514,1
11426,55,3744,1
11427,33,728,2
11428,34,3578,2
11429,21,2508,1
11430,57,2427,1
11431,57,7009,1
11432,9,6081,1
11433,37,3673,3
11434,9,4779,1
11435,37,3615,1
11436,27,4403,2
11437,10,5383,1
11438,46,1653,1
11439,6,7688,1
11440,32,4474,1
11441,37,7217,3
11442,13,3035,1
11443,12,5324,1
11444,60,5707,1
11445,38,4738,1
11446,30,4218,1
11447,32,7036,1
11448,55,1809,3
11449,46,2858,2
11450,59,6287,1
11451,57,1023,2
11452,47,3158,2
11453,3,7879,1
11454,52,7773,1
11455,29,160,1
11456,14,6837,1
11457,18,1987,1
11458,53,3286,1
11459,7,1855,1
11460,18,3841,1
11461,12,3353,1
11462,59,7933,4
11463,48,5029,1
11464,20,2141,1
11465,39,1270,1
11466,22,3284,1
11467,50,6307,1
11468,2,3396,1
11469,17,3998,1
11470,36,1277,1
11471,10,6140,1
11472,31,813,3
11473,16,4942,1
11474,49,1120,1
11475,11,2773,1
11476,20,3383,1
11477,52,7835,2
11478,19,3886,1
11479,2,2172,1
11480,59,7114,2
11481,23,5766,1
11482,49,3110,1
11483,50,1958,3
11484,46,7409,3
11485,42,2139,3
11486,60,3137,1
11487,30,1000,1
11488,34,4866,3
11489,6,1007,1
11490,41,3587,1
11491,57,2218,1
11492,39,1595,1
11493,58,2529,3
11494,41,7724,1
11495,3,5050,1
11496,9,64,1
11497,26,7860,2
11498,17,3900,1
11499,30,2829,1
11500,8,6770,1
11501,55,1765,3
11502,47,1983,1
11503,6,748,1
11504,44,3274,2
11505,23,439,1
11506,42,5444,1
11507,20,3645,1
11508,45,5596,3
11509,6,4978,1
11510,49,1651,1
11511,38,2477,1
11512,47,3812,2
11513,26,7897,1
11514,3,2092,1
11515,51,93,2
11516,55,7447,1
11517,59,531,3
11518,12,5984,1
11519,30,6447,1
11520,10,6123,1
11521,40,5484,1
11522,23,255,1
11523,1,3722,1
11524,53,6990,1
11525,43,3412,1
11526,45,5935,3
11527,26,6228,1
11528,18,4,1
11529,1,4291,1
11530,31,2515,2
11531,41,3424,1
11532,26,2066,2
11533,26,5305,2
11534,21,4416,1
11535,38,5022,1
11536,21,644,1
11537,47,1969,1
11538,50,7184,1
11539,16,4460,1
11540,33,5164,1
11541,60,919,1
11542,30,4313,1
11543,34,2331,3
11544,47,2732,2
11545,44,7493,2
11546,21,5651,1
11547,33,4634,2
11548,37,4320,2
11549,26,2841,1
11550,51,3077,1
11551,43,722,1
11552,19,2416,1
11553,25,2636,1
11554,10,5307,1
11555,20,6724,1
11556,25,6773,1
11557,3,2031,1
11558,27,4385,1
11559,12,522,1
11560,51,1697,2
11561,11,6136,1
11562,34,7757,2
11563,19,7332,1
11564,49,6553,1
11565,57,22,1
11566,58,6352,1
11567,18,3684,1
11568,6,7267,1
11569,37,3779,2
11570,43,7330,1
11571,27,7362,2
11572,15,5758,1
11573,2,2586,1
11574,6,1585,1
11575,17,2792,1
11576,15,335,1
11577,30,4847,1
11578,10,7727,1
11579,13,5876,1
11580,19,70,1
11581,58,6892,3
11582,35,3388,1
11583,29,7617,1
11584,18,2831,1
11585,16,1167,1
11586,59,5698,2
11587,45,3386,2
11588,44,7147,1
11589,4,4117,1
11590,31,4574,1
11591,50,6689,2
11592,57,1539,1
11593,23,7498,1
11594,13,5302,1
11595,57,2890,4
11596,28,5384,1
11597,45,7180,4
11598,36,7210,1
11599,15,3112,1
11600,49,7788,1
11601,25,1012,1
11602,60,4717,1
11603,30,6354,1
11604,60,570,1
11605,22,2180,1
11606,1,6698,1
11607,32,4889,3
11608,53,2924,1
11609,37,7227,2
11610,8,1770,1
11611,39,2555,1
11612,32,2666,2
11613,38,258,1
11614,11,6699,1
11615,52,4809,1
11616,19,6998,1
11617,50,3964,3
11618,11,3742,1
11619,15,1960,1
11620,30,3353,1
11621,47,1727,4
11622,20,3901,1
11623,36,2291,1
11624,39,811,1
11625,14,4805,1
11626,42,6166,3
11627,17,7051,1
11628,52,5464,1
11629,23,6375,1
11630,6,5638,1
11631,8,7019,1
11632,29,7899,1
11633,13,2972,1
11634,9,5233,1
11635,50,4474,1
11636,48,4696,1
11637,51,2367,1
11638,15,1443,1
11639,17,7833,1
11640,11,795,1
11641,27,5965,1
11642,46,4583,2
11643,25,3247,1
11644,41,5068,1
11645,51,3476,4
11646,38,3887,1
11647,16,7933,1
11648,48,6300,1
11649,43,6268,2
11650,8,3446,1
11651,43,7230,1
11652,58,1234,3
11653,31,4574,3
11654,26,4656,1
11655,38,299,1
11656,9,4348,1
11657,20,7098,1
11658,46,3215,2
11659,47,6015,3
11660,56,917,2
11661,60,3305,1
11662,16,4619,1
11663,12,1021,1
11664,58,3318,3
11665,3,7941,1
11666,26,6133,3
11667,6,6234,1
11668,47,3204,1
11669,20,1172,1
11670,6,2779,1
11671,58,5412,2
11672,31,2699,3
11673,11,6974,1
11674,28,2447,2
11675,28,7614,2
11676,41,6471,1
11677,30,5871,1
11678,22,1248,1
11679,4,7774,1
11680,44,6995,2
11681,41,6374,1
11682,60,2199,1
11683,32,3196,1
11684,36,5347,1
11685,36,1838,1
11686,4,7440,1
11687,14,3322,1
11688,13,6336,1
11689,25,5701,1
11690,53,7856,4
11691,58,5529,4
11692,2,1743,1
11693,3,7560,1
11694,31,5522,1
11695,28,1709,2
11696,27,1570,1
11697,10,5559,1
11698,3,6120,1
11699,24,982,1
11700,7,7115,1
11701,27,2365,3
11702,16,1589,1
11703,18,2507,1
11704,59,3738,3
11705,25,7599,1
11706,23,6672,1
11707,9,31,1
11708,47,6357,3
11709,30,3839,1
11710,36,570,1
11711,24,2242,1
11712,23,3405,1
11713,21,3905,1
11714,32,7466,2
11715,22,3261,1
11716,58,2782,2
11717,11,2531,1
11718,16,4165,1
11719,45,4566,1
11720,34,696,2
11721,31,3829,1
11722,60,2479,1
11723,59,7088,1
11724,16,977,1
11725,9,6480,1
11726,6,3167,1
11727,8,2522,1
11728,50,1721,1
11729,57,5571,3
11730,24,4977,1
11731,53,80,3
11732,48,6596,1
11733,25,114,1
11734,36,1145,1
11735,50,6258,2
11736,40,6572,1
11737,6,7459,1
11738,32,7228,2
11739,24,1407,1
11740,42,5881,1
11741,47,3985,1
11742,24,5915,1
11743,5,4456,1
11744,11,5413,1
11745,1,1378,1
11746,11,6758,1
11747,38,3907,1
11748,49,212,1
11749,59,3478,1
11750,4,7923,1
11751,10,7209,1
11752,51,6779,1
11753,51,972,2
11754,50,3030,1
11755,36,3378,1
11756,11,6707,1
11757,1,2360,1
11758,50,4500,3
11759,5,125,1
11760,11,225,1
11761,35,760,1
11762,38,5190,1
11763,21,5188,1
11764,37,4178,1
11765,11,7738,1
11766,10,1274,1
11767,55,4101,2
11768,31,1137,1
11769,51,790,2
11770,2,2980,1
11771,48,823,1
11772,34,7628,1
11773,14,5585,1
11774,30,5727,1
11775,13,6512,1
11776,13,2536,1
11777,31,4851,3
11778,29,653,2
11779,39,197,1
11780,53,7536,2
11781,35,3940,1
11782,43,4855,3
11783,58,4331,1
11784,9,458,1
11785,59,4013,3
11786,16,6451,1
11787,53,1916,2
11788,22,4401,1
11789,41,2040,1
11790,37,1910,2
11791,24,5680,1
11792,39,2499,1
11793,17,2487,1
11794,38,7564,1
11795,42,6952,2
11796,45,2329,2
11797,49,2538,1
11798,10,5468,1
11799,23,6698,1
11800,28,4002,2
11801,16,840,1
11802,50,3243,1
11803,35,5653,1
11804,21,1334,1
11805,28,4724,3
11806,6,6516,1
11807,48,439,1
11808,48,5181,1
11809,17,2790,1
11810,10,5670,1
11811,32,6025,2
11812,13,7734,1
11813,41,7593,1
11814,28,1308,2
11815,40,7693,1
11816,19,6871,1
11817,31,6753,3
11818,34,2866,2
11819,54,7474,2
11820,45,3778,2
11821,19,4735,1
11822,40,5258,1
11823,13,4180,1
11824,3,4425,1
11825,2,1940,1
11826,22,5295,1
11827,51,2693,1
11828,27,3509,1
11829,57,970,3
11830,40,6130,1
11831,56,5037,1
11832,29,7246,2
11833,2,2455,1
11834,26,5779,1
11835,47,4432,3
11836,42,5618,2
11837,39,5683,1
11838,33,1357,2
11839,15,6615,1
11840,56,6809,1
11841,41,2201,1
11842,51,4678,2
11843,3,7472,1
11844,29,2222,2
11845,9,3706,1
11846,47,3545,2
11847,19,5004,1
11848,29,4748,2
11849,34,5979,3
11850,36,6541,1
11851,54,3085,3
11852,50,5460,2
11853,17,6804,1
11854,17,3677,1
11855,8,5850,1
11856,36,5676,1
11857,14,4852,1
11858,21,7135,1
11859,34,1925,1
11860,60,1570,1
11861,48,6200,1
11862,44,2247,1
11863,24,1256,1
11864,54,7407,1
11865,54,7054,1
11866,3,5317,1
11867,41,2297,1
11868,41,2826,1
11869,35,49,1
11870,36,4985,1
11871,26,5357,3
11872,23,1306,1
11873,6,291,1
11874,32,6640,3
11875,38,359,1
11876,40,5255,1
11877,12,6116,1
11878,23,2537,1
11879,27,358,2
11880,4,5030,1
11881,23,34,1
11882,48,7438,1
11883,33,7440,1
11884,23,5123,1
11885,29,6699,2
11886,35,3196,1
11887,10,5653,1
11888,1,59,1
11889,13,5122,1
11890,32,3740,1
11891,15,3025,1
11892,50,1010,3
11893,19,6305,1
11894,28,5561,1
11895,47,3562,2
11896,40,228,1
11897,30,7754,1
11898,51,2814,1
11899,34,7656,1
11900,29,5331,4
11901,10,6605,1
11902,20,3027,1
11903,26,442,1
11904,48,1626,1
11905,36,5679,1
11906,2,7294,1
11907,41,3357,1
11908,44,3875,3
11909,25,5428,1
11910,31,1102,1
11911,55,5779,4
11912,33,5664,1
11913,24,1592,1
11914,7,5246,1
11915,27,850,2
11916,1,609,1
11917,24,5229,1
11918,35,2780,1
11919,15,5522,1
11920,44,2678,2
11921,49,7152,1
11922,20,3368,1
11923,36,7558,1
11924,39,1564,1
11925,27,5431,1
11926,4,748,1
11927,20,6680,1
11928,40,3634,1
11929,32,4563,1
11930,10,7864,1
11931,57,5614,3
11932,32,1213,2
11933,3,5583,1
11934,36,718,1
11935,22,2221,1
11936,56,905,3
11937,16,3988,1
11938,16,322,1
11939,24,1052,1
11940,34,5107,2
11941,23,3176,1
11942,32,2465,2
11943,13,3570,1
11944,2,7742,1
11945,59,3509,4
11946,14,7410,1
11947,6,1098,1
11948,6,6823,1
11949,36,539,1
11950,47,3794,1
11951,17,1225,1
11952,17,3299,1
11953,56,7631,2
11954,21,4702,1
11955,1,6057,1
11956,22,2472,1
11957,40,1870,1
11958,43,6441,3
11959,12,3569,1
11960,13,3894,1
11961,21,801,1
11962,13,6856,1
11963,10,3666,1
11964,45,2577,1
11965,27,2413,1
11966,44,1605,1
11967,25,4414,1
11968,10,2787,1
11969,22,7649,1
11970,27,2959,2
11971,41,2113,1
11972,49,2418,1
11973,24,6015,1
11974,58,744,1
11975,35,7581,1
11976,47,7524,1
11977,60,5674,1
11978,16,6326,1
11979,23,4911,1
11980,35,3354,1
11981,43,7334,1
11982,33,3858,2
11983,41,3153,1
11984,40,1830,1
11985,4,1705,1
11986,56,3024,1
11987,37,5693,4
11988,20,5954,1
11989,25,2647,1
11990,23,3710,1
11991,20,1233,1
11992,31,2420,1
11993,7,2156,1
11994,59,3836,2
11995,22,6681,1
11996,60,7090,1
11997,36,4360,1
11998,38,2547,1
11999,58,604,2
12000,39,3643,1
12001,59,5689,3
12002,10,3466,1
12003,1,2247,1
12004,17,3295,1
12005,32,1065,1
12006,45,4017,3
12007,12,3568,1
12008,3,419,1
12009,43,4701,1
12010,45,5409,2
12011,43,4885,1
12012,29,171,3
12013,9,7367,1
12014,52,7640,1
12015,12,6040,1
12016,35,6680,1
12017,17,136,1
12018,52,3003,1
12019,58,2707,1
12020,5,4540,1
12021,60,461,1
12022,23,3163,1
12023,3,5236,1
12024,18,1769,1
12025,43,6103,1
12026,48,6992,1
12027,30,5992,1
12028,41,7576,1
12029,26,3458,1
12030,4,5129,1
12031,28,4612,1
12032,4,1810,1
12033,16,520,1
12034,25,3598,1
12035,3,1486,1
12036,27,439,1
12037,27,5017,2
12038,33,6322,3
12039,25,2425,1
12040,17,2155,1
12041,21,3764,1
12042,18,4987,1
12043,55,4941,2
12044,53,4068,2
12045,45,5289,3
12046,6,1205,1
12047,48,3720,1
12048,18,1418,1
12049,20,5733,1
12050,6,1940,1
12051,16,3918,1
12052,20,4016,1
12053,36,4408,1
12054,3,7151,1
12055,49,1811,1
12056,2,4814,1
12057,19,2448,1
12058,11,3878,1
12059,10,1967,1
12060,20,4920,1
12061,13,1680,1
12062,49,1642,1
12063,52,4627,3
12064,49,1180,1
12065,58,6518,2
12066,29,2085,1
12067,12,6551,1
12068,14,7456,1
12069,19,2785,1
12070,36,1631,1
12071,40,1921,1
12072,12,7191,1
12073,12,6842,1
12074,59,5099,1
12075,15,1600,1
12076,45,6096,1
12077,10,4977,1
12078,60,1750,1
12079,35,7322,1
12080,23,558,1
12081,38,449,1
12082,14,4411,1
12083,33,1252,3
12084,44,1486,1
12085,17,6911,1
12086,25,6500,1
12087,3,7082,1
12088,26,1686,1
12089,46,6266,3
12090,15,7237,1
12091,35,1325,1
12092,17,2311,1
12093,51,7926,3
12094,26,5268,2
12095,40,7346,1
12096,22,6116,1
12097,54,7174,1
12098,41,3639,1
12099,47,7705,1
12100,18,2400,1
12101,23,2183,1
12102,8,227,1
12103,6,7861,1
12104,22,5647,1
12105,32,7900,1
12106,17,4429,1
12107,38,6008,1
12108,27,6245,2
12109,7,6752,1
12110,58,3666,3
12111,49,1118,1
12112,56,2531,1
12113,47,6206,1
12114,44,7938,1
12115,3,7734,1
12116,60,4056,1
12117,2,7127,1
12118,5,2096,1
12119,46,4487,3
12120,43,6515,1
12121,55,3316,2
12122,49,6958,1
12123,57,804,4
12124,9,3052,1
12125,7,5872,1
12126,12,3693,1
12127,26,7822,1
12128,38,5786,1
12129,35,3956,1
12130,56,1738,3
12131,28,7036,1
12132,7,7733,1
12133,56,6650,1
12134,24,6719,1
12135,28,7448,3
12136,4,2936,1
12137,43,2654,3
12138,12,7281,1
12139,37,3564,3
12140,20,6347,1
12141,9,6452,1
12142,40,7917,1
12143,41,1938,1
12144,30,5961,1
12145,49,3729,1
12146,36,1343,1
12147,4,4058,1
12148,60,412,1
12149,30,6588,1
12150,42,5066,3
12151,32,4592,1
12152,21,3396,1
12153,14,3323,1
12154,58,3297,1
12155,18,695,1
12156,11,2399,1
12157,21,910,1
12158,29,1970,2
12159,27,7875,1
12160,59,6791,2
12161,56,6854,3
12162,57,324,1
12163,43,7281,3
12164,49,7812,1
12165,58,4890,1
12166,52,2421,1
12167,6,4141,1
12168,43,2852,3
12169,55,4466,1
12170,5,361,1
12171,58,4994,1
12172,17,7628,1
12173,37,4264,3
12174,45,3582,2
12175,4,1964,1
12176,1,1212,1
12177,16,983,1
12178,49,4393,1
12179,2,3641,1
12180,35,7064,1
12181,58,1197,3
12182,1,6346,1
12183,36,3601,1
12184,56,2512,3
12185,53,5306,1
12186,4,2403,1
12187,59,3174,1
12188,6,6834,1
12189,57,6731,1
12190,21,7318,1
12191,1,7199,1
12192,60,6337,1
12193,22,3453,1
12194,41,5542,1
12195,23,4395,1
12196,10,6515,1
12197,17,1563,1
12198,39,1647,1
12199,24,4936,1
12200,11,6838,1
12201,30,23,1
12202,30,6611,1
12203,52,7818,2
12204,45,1133,3
12205,27,6519,1
12206,3,7157,1
12207,17,2577,1
12208,41,1530,1
12209,51,2145,3
12210,58,1303,2
12211,33,485,1
12212,12,3731,1
12213,9,6968,1
12214,37,5452,2
12215,1,6946,1
12216,1,5377,1
12217,28,5204,1
12218,57,538,1
12219,28,1305,1
12220,11,6606,1
12221,28,3149,2
12222,56,7755,2
12223,47,751,3
12224,19,7574,1
12225,20,1645,1
12226,10,5399,1
12227,30,237,1
12228,36,673,1
12229,8,7648,1
12230,27,6392,2
12231,50,7378,2
12232,26,2877,1
12233,1,1754,1
12234,47,3624,1
12235,57,4494,2
12236,48,5895,1
12237,21,3781,1
12238,42,178,1
12239,9,4443,1
12240,13,5331,1
12241,41,703,1
12242,15,7402,1
12243,24,1718,1
12244,50,5740,1
12245,53,3215,2
12246,54,1771,3
12247,7,3861,1
12248,56,5240,2
12249,8,311,1
12250,41,6101,1
12251,26,30,2
12252,8,165,1
12253,33,7641,1
12254,52,3798,1
12255,27,204,1
12256,26,6684,3
12257,57,5250,2
12258,56,7145,3
12259,30,1809,1
12260,56,3334,1
12261,50,7248,2
12262,19,4723,1
12263,47,6450,1
12264,44,5787,1
12265,3,4939,1
12266,6,273,1
12267,51,361,1
12268,36,5333,1
12269,48,3283,1
12270,32,1290,1
12271,36,1978,1
12272,37,3235,1
12273,26,2731,1
12274,32,7849,1
12275,28,6034,1
12276,54,3571,3
12277,37,2010,3
12278,44,1325,3
12279,3,7049,1
12280,49,3303,1
12281,7,1020,1
12282,1,2207,1
12283,2,4113,1
12284,10,684,1
12285,25,6484,1
12286,12,7551,1
12287,26,2349,4
12288,47,6480,3
12289,52,6578,2
12290,44,1506,2
12291,6,6718,1
12292,47,190,1
12293,44,877,1
12294,10,3238,1
12295,32,3373,2
12296,32,224,3
12297,39,142,1
12298,18,1819,1
12299,46,1431,1
12300,28,6913,3
12301,24,5631,1
12302,43,4212,3
12303,2,5782,1
12304,11,4619,1
12305,28,5733,1
12306,12,5176,1
12307,24,2615,1
12308,11,433,1
12309,14,3142,1
12310,10,6005,1
12311,57,7740,1
12312,19,7011,1
12313,2,3257,1
12314,23,7596,1
12315,34,2154,1
12316,30,4775,1
12317,18,2776,1
12318,53,7747,1
12319,31,7320,1
12320,32,6635,1
12321,57,1906,1
12322,53,2514,1
12323,15,5860,1
12324,6,4024,1
12325,8,6422,1
12326,37,3102,2
12327,59,6723,1
12328,18,7362,1
12329,58,6297,3
12330,52,3632,1
12331,8,7819,1
12332,18,1031,1
12333,52,2978,2
12334,37,7454,1
12335,58,3423,2
12336,45,5070,3
12337,31,787,3
12338,20,7262,1
12339,3,3047,1
12340,55,5834,2
12341,45,575,1
12342,51,806,3
12343,29,334,3
12344,59,4423,3
12345,47,7566,1
12346,15,308,1
12347,58,7841,1
12348,22,4355,1
12349,16,4614,1
12350,57,3904,1
12351,23,6686,1
12352,18,3479,1
12353,36,6300,1
12354,50,7532,3
12355,22,7480,1
12356,9,7577,1
12357,32,5277,2
12358,60,5681,1
12359,28,1163,1
12360,12,3656,1
12361,42,6324,1
12362,2,6260,1
12363,40,2015,1
12364,37,780,1
12365,21,7511,1
12366,15,1216,1
12367,21,5134,1
12368,7,257,1
12369,7,7325,1
12370,28,2427,1
12371,33,3808,1
12372,5,6616,1
12373,42,4151,3
12374,1,6448,1
12375,14,3098,1
12376,56,381,1
12377,4,2095,1
12378,6,3197,1
12379,25,7633,1
12380,32,4467,2
12381,5,3210,1
12382,34,7323,2
12383,27,2058,2
12384,14,5399,1
12385,42,3379,1
12386,50,6413,2
12387,46,963,1
12388,54,2476,1
12389,33,5094,3
12390,56,3686,3
12391,54,3171,3
12392,20,4493,1
12393,16,3834,1
12394,24,3308,1
12395,38,401,1
12396,2,408,1
12397,3,4336,1
12398,58,122,1
12399,59,921,1
12400,36,1513,1
12401,10,6785,1
12402,8,4108,1
12403,30,2017,1
12404,53,5219,3
12405,36,4897,1
12406,31,1011,3
12407,18,5603,1
12408,20,5214,1
12409,51,1944,1
12410,6,1811,1
12411,7,1165,1
12412,13,2673,1
12413,30,6259,1
12414,21,6221,1
12415,43,1861,3
12416,55,6520,1
12417,48,7109,1
12418,47,5327,1
12419,35,731,1
12420,56,2950,1
12421,39,4403,1
12422,29,1745,1
12423,17,5753,1
12424,35,6231,1
12425,28,3638,4
12426,28,7474,1
12427,7,2550,1
12428,7,3920,1
12429,43,4284,1
12430,56,7234,2
12431,43,6112,1
12432,59,119,3
12433,32,3514,3
12434,13,5586,1
12435,15,6822,1
12436,51,182,4
12437,46,7546,2
12438,48,5322,1
12439,46,4243,1
12440,20,5781,1
12441,47,4052,3
12442,56,6560,1
12443,58,2631,1
12444,10,3840,1
12445,39,463,1
12446,49,848,1
12447,27,247,1
12448,10,3250,1
12449,15,6090,1
12450,43,2859,2
12451,46,2738,1
12452,55,3719,1
12453,46,3604,2
12454,60,6916,1
12455,5,6128,1
12456,50,2074,3
12457,18,2581,1
12458,41,728,1
12459,10,5493,1
12460,27,111,1
12461,49,796,1
12462,31,2979,3
12463,17,5681,1
12464,29,3844,2
12465,51,4607,1
12466,16,3224,1
12467,51,7555,1
12468,4,6176,1
12469,58,4170,3
12470,28,1060,3
12471,23,2763,1
12472,28,6432,1
12473,57,330,2
12474,8,4732,1
12475,12,1705,1
12476,32,2635,1
12477,52,7378,3
12478,32,3786,2
12479,22,2015,1
12480,18,2314,1
12481,59,2916,3
12482,26,6681,2
12483,57,7275,3
12484,9,3908,1
12485,17,3824,1
12486,8,594,1
12487,8,7499,1
12488,38,3,1
12489,57,4931,3
12490,43,4122,2
12491,7,5296,1
12492,60,2081,1
12493,52,6731,3
12494,12,4926,1
12495,18,7073,1
12496,13,3416,1
12497,6,5760,1
12498,54,3876,2
12499,17,1294,1
12500,38,2656,1
12501,5,4098,1
12502,40,7305,1
12503,26,1277,4
12504,45,643,1
12505,12,4759,1
12506,49,2325,1
12507,41,4376,1
12508,3,6704,1
12509,52,3224,3
12510,23,6317,1
12511,8,4044,1
12512,28,3929,4
12513,36,763,1
12514,50,5219,3
12515,36,2273,1
12516,7,1017,1
12517,13,3392,1
12518,43,6930,1
12519,40,5425,1
12520,15,5461,1
12521,34,7220,1
12522,26,2797,2
12523,43,5114,2
12524,5,5349,1
12525,26,4001,4
12526,8,4454,1
12527,54,5424,2
12528,38,6954,1
12529,18,7258,1
12530,22,5601,1
12531,30,1282,1
12532,2,3408,1
12533,25,6300,1
12534,41,3528,1
12535,55,3721,3
12536,51,3845,1
12537,43,7235,2
12538,22,5824,1
12539,40,4152,1
12540,23,2265,1
12541,26,7253,1
12542,20,7459,1
12543,28,7530,2
12544,40,1639,1
12545,42,864,1
12546,22,2173,1
12547,52,6785,1
12548,17,1986,1
12549,46,912,3
12550,38,5991,1
12551,28,4911,3
12552,18,150,1
12553,56,6813,1
12554,34,4921,1
12555,32,947,1
12556,21,59,1
12557,14,2866,1
12558,33,5868,3
12559,46,4907,1
12560,54,45,3
12561,7,6848,1
12562,31,1763,1
12563,24,2677,1
12564,48,2085,1
12565,52,1562,2
12566,48,3056,1
12567,30,2390,1
12568,19,7365,1
12569,16,4776,1
12570,35,3815,1
12571,28,5612,2
12572,35,2788,1
12573,32,1330,3
12574,10,2839,1
12575,12,7900,1
12576,51,3230,2
12577,44,954,3
12578,14,4681,1
12579,51,1091,3
12580,36,3262,1
12581,34,6760,4
12582,44,3342,1
12583,56,3815,2
12584,15,2323,1
12585,35,4609,1
12586,53,7787,3
12587,21,4905,1
12588,41,4573,1
12589,41,2165,1
12590,33,146,3
12591,48,4311,1
12592,44,2883,3
12593,4,3086,1
12594,35,7655,1
12595,45,7586,1
12596,30,2359,1
12597,45,7535,1
12598,3,3063,1
12599,38,3337,1
12600,54,3180,1
12601,57,3543,1
12602,1,5276,1
12603,51,4436,1
12604,15,7853,1
12605,41,3013,1
12606,19,1950,1
12607,39,3789,1
12608,21,3720,1
12609,17,599,1
12610,52,5051,2
12611,25,3582,1
12612,20,7081,1
12613,21,5210,1
12614,33,554,2
12615,9,4424,1
12616,15,5212,1
12617,44,4622,2
12618,37,3026,2
12619,21,7865,1
12620,31,3173,3
12621,15,4481,1
12622,6,4493,1
12623,31,1165,2
12624,38,516,1
12625,51,1406,3
12626,9,3282,1
12627,31,177,2
12628,34,2033,1
12629,47,4254,1
12630,25,1294,1
12631,20,2462,1
12632,9,1155,1
12633,2,4305,1
12634,11,423,1
12635,33,4849,2
12636,55,5600,2
12637,57,7843,2
12638,20,2340,1
12639,28,126,3
12640,4,7068,1
12641,27,5442,2
12642,41,3632,1
12643,22,7532,1
12644,55,319,1
12645,46,1601,1
12646,12,2721,1
12647,58,3934,2
12648,48,3787,1
12649,5,259,1
12650,49,189,1
12651,43,4429,1
12652,56,7485,1
12653,22,1346,1
12654,13,5665,1
12655,60,7900,1
12656,15,3748,1
12657,58,7199,3
12658,18,7118,1
12659,12,2286,1
12660,28,202,3
12661,48,4446,1
12662,42,4858,2
12663,32,7453,2
12664,20,3315,1
12665,8,4452,1
12666,9,6773,1
12667,20,6832,1
12668,32,3987,1
12669,50,3449,1
12670,5,6623,1
12671,23,6873,1
12672,35,5976,1
12673,1,1347,1
12674,15,4158,1
12675,49,4211,1
12676,18,2187,1
12677,22,5527,1
12678,10,1821,1
12679,28,4906,2
12680,45,3041,1
12681,4,6891,1
12682,45,7120,3
12683,42,6609,1
12684,3,6624,1
12685,37,3226,1
12686,52,1064,1
12687,24,7733,1
12688,6,4903,1
12689,32,2633,3
12690,33,6876,1
12691,5,6196,1
12692,54,739,3
12693,31,1878,1
12694,50,4251,2
12695,13,4024,1
12696,30,7792,1
12697,10,1322,1
12698,47,4740,1
12699,50,2389,4
12700,34,7827,1
12701,47,7378,1
12702,26,7413,1
12703,48,6795,1
12704,17,2118,1
12705,42,2269,2
12706,43,6167,1
12707,43,1349,2
12708,37,127,2
12709,19,1144,1
12710,4,2118,1
12711,56,5695,1
12712,41,4629,1
12713,2,6014,1
12714,2,7277,1
12715,29,2643,1
12716,4,7574,1
12717,29,3685,1
12718,39,5637,1
12719,16,4949,1
12720,49,5431,1
12721,57,3050,1
12722,16,1321,1
12723,8,5492,1
12724,31,6943,2
12725,37,1736,1
12726,32,4717,3
12727,10,2818,1
12728,30,3516,1
12729,47,7628,1
12730,27,183,3
12731,37,1531,2
12732,50,4735,1
12733,46,1652,1
12734,21,3907,1
12735,30,4660,1
12736,56,270,2
12737,56,2290,1
12738,20,3854,1
12739,45,194,1
12740,14,7911,1
12741,56,2869,2
12742,8,7086,1
12743,37,5049,2
12744,30,4766,1
12745,28,4223,1
12746,50,5893,1
12747,52,1503,2
12748,14,3615,1
12749,9,4575,1
12750,50,2466,2
12751,31,5635,3
12752,56,2719,1
12753,54,2569,1
12754,11,5177,1
12755,6,2842,1
12756,47,1443,1
12757,16,960,1
12758,19,1487,1
12759,39,3463,1
12760,8,6198,1
12761,45,2162,1
12762,52,3545,2
12763,60,2110,1
12764,30,1074,1
12765,23,1730,1
12766,33,6625,3
12767,21,4845,1
12768,19,3607,1
12769,16,2671,1
12770,42,2220,3
12771,27,1990,2
12772,37,516,2
12773,47,2783,3
12774,17,5635,1
12775,58,3648,1
12776,44,5511,3
12777,2,1728,1
12778,33,5273,2
12779,19,5720,1
12780,2,636,1
12781,13,3001,1
12782,44,4605,2
12783,24,7775,1
12784,28,3842,1
12785,7,60,1
12786,45,6653,2
12787,2,568,1
12788,11,6040,1
12789,3,2071,1
12790,29,5757,2
12791,30,6954,1
12792,37,2249,3
12793,53,4739,3
12794,1,3622,1
12795,44,3529,1
12796,56,1893,3
12797,40,1971,1
12798,52,2019,3
12799,19,3848,1
12800,18,1257,1
12801,16,4453,1
12802,28,2043,3
12803,45,4344,3
12804,33,225,1
12805,4,4610,1
12806,54,1072,3
12807,47,1906,2
12808,28,2665,2
12809,31,3783,2
12810,22,7448,1
12811,58,2771,2
12812,39,1444,1
12813,22,7169,1
12814,34,6636,2
12815,49,4977,1
12816,42,5273,1
12817,50,1264,3
12818,40,519,1
12819,50,1442,1
12820,43,7446,3
12821,9,3644,1
12822,44,4059,4
12823,27,7101,1
12824,58,706,1
12825,58,5252,1
12826,41,4138,1
12827,51,3038,1
12828,13,2114,1
12829,28,7125,2
12830,35,3510,1
12831,2,2730,1
12832,5,7543,1
12833,8,2375,1
12834,55,753,1
12835,25,6314,1
12836,44,2480,1
12837,54,4761,1
12838,53,389,3
12839,21,2273,1
12840,31,978,1
12841,44,2185,3
12842,20,1132,1
12843,28,149,1
12844,17,6569,1
12845,52,7784,2
12846,4,6791,1
12847,31,4985,1
12848,32,217,2
12849,35,4252,1
12850,36,3204,1
12851,13,3351,1
12852,10,7104,1
12853,24,2239,1
12854,37,3382,1
12855,40,4400,1
12856,58,4549,1
12857,19,123,1
12858,52,4571,3
12859,40,6245,1
12860,8,7158,1
12861,51,6000,3
12862,42,2912,1
12863,45,7571,2
12864,26,256,2
12865,44,1575,1
12866,57,7228,2
12867,17,2226,1
12868,24,1636,1
12869,3,2405,1
12870,4,5175,1
12871,58,191,3
12872,56,3089,2
12873,11,4498,1
12874,49,7069,1
12875,33,2150,1
12876,10,1289,1
12877,29,5538,1
12878,35,4227,1
12879,10,2022,1
12880,14,3521,1
12881,17,1944,1
12882,33,4563,1
12883,42,4794,2
12884,2,1607,1
12885,48,5230,1
12886,36,6185,1
12887,38,4009,1
12888,18,7501,1
12889,40,7389,1
12890,52,5609,2
12891,17,3178,1
12892,28,3024,1
12893,45,2055,2
12894,19,4593,1
12895,26,2605,3
12896,28,3367,4
12897,11,90,1
12898,42,4606,1
12899,55,4811,1
12900,40,7262,1
12901,55,3974,1
12902,55,7075,2
12903,47,22,1
12904,35,1008,1
12905,36,1324,1
12906,48,5909,1
12907,40,1905,1
12908,47,2003,1
12909,60,3993,1
12910,48,3026,1
12911,7,5655,1
12912,53,4636,1
12913,27,5838,3
12914,54,1864,2
12915,3,6722,1
12916,34,6603,1
12917,3,6468,1
12918,42,601,2
12919,55,5505,3
12920,54,6454,2
12921,30,4892,1
12922,7,5793,1
12923,34,7468,3
12924,20,627,1
12925,28,7167,1
12926,9,7708,1
12927,36,1939,1
12928,19,3511,1
12929,5,5433,1
12930,14,7300,1
12931,23,2109,1
12932,55,5875,2
12933,45,5350,3
12934,34,2514,1
12935,43,1814,2
12936,49,773,1
12937,31,5126,1
12938,49,5678,1
12939,16,5618,1
12940,10,1415,1
12941,38,7941,1
12942,17,6649,1
12943,7,4199,1
12944,4,1670,1
12945,27,7071,1
12946,23,3486,1
12947,37,7557,1
12948,5,5808,1
12949,15,3582,1
12950,53,2583,2
12951,7,5062,1
12952,50,895,3
12953,6,6815,1
12954,39,4407,1
12955,30,896,1
12956,17,7264,1
12957,44,909,1
12958,56,1621,1
12959,38,3716,1
12960,31,2546,3
12961,57,7430,3
12962,21,5947,1
12963,34,5173,2
12964,16,217,1
12965,34,2250,1
12966,54,5354,1
12967,37,3921,4
12968,26,4715,3
12969,7,716,1
12970,47,3720,2
12971,7,4238,1
12972,28,1037,1
12973,34,443,2
12974,41,6064,1
12975,38,5280,1
12976,42,293,1
12977,1,3610,1
12978,56,5366,2
12979,48,7040,1
12980,6,1300,1
12981,14,2677,1
12982,24,2901,1
12983,15,578,1
12984,6,5683,1
12985,13,2027,1
12986,38,4028,1
12987,34,2603,1
12988,38,3909,1
12989,54,2460,3
12990,59,3708,3
12991,58,2272,2
12992,53,4433,1
12993,29,7740,3
12994,20,4701,1
12995,30,2285,1
12996,44,1318,1
12997,57,1488,2
12998,38,1741,1
12999,33,1471,4
13000,23,2086,1
13001,13,44,1
13002,32,7795,3
13003,57,1005,3
13004,6,7222,1
13005,16,4989,1
13006,48,7640,1
13007,43,1073,1
13008,25,1012,1
13009,49,4436,1
13010,4,838,1
13011,44,5775,1
13012,4,4896,1
13013,25,6894,1
13014,2,273,1
13015,40,2509,1
13016,44,2873,3
13017,37,6754,2
13018,23,7221,1
13019,19,4916,1
13020,46,2511,1
13021,56,2176,1
13022,16,4528,1
13023,59,4426,1
13024,36,865,1
13025,44,2497,1
13026,55,363,3
13027,39,3601,1
13028,20,6336,1
13029,2,1894,1
13030,28,7632,1
13031,20,6220,1
13032,40,7662,1
13033,3,4353,1
13034,54,2686,1
13035,38,4248,1
13036,16,356,1
13037,20,2135,1
13038,44,3823,1
13039,57,338,2
13040,30,6840,1
13041,43,7531,2
13042,36,8,1
13043,44,437,1
13044,28,4663,3
13045,47,6917,2
13046,2,2116,1
13047,31,3012,2
13048,50,1286,1
13049,21,622,1
13050,25,6542,1
13051,12,1986,1
13052,30,1965,1
13053,45,7255,3
13054,57,1167,2
13055,26,5616,2
13056,32,6158,1
13057,40,7095,1
13058,31,4058,1
13059,1,5572,1
13060,44,5184,2
13061,29,5253,3
13062,53,5470,3
13063,10,2396,1
13064,9,5420,1
13065,21,2209,1
13066,57,3016,3
13067,18,5181,1
13068,7,2361,1
13069,33,7022,1
13070,49,7208,1
13071,54,4366,1
13072,4,4426,1
13073,44,6175,1
13074,27,2502,2
13075,28,5607,1
13076,19,7826,1
13077,31,3435,1
13078,23,1741,1
13079,38,6006,1
13080,39,3126,1
13081,40,6499,1
13082,60,5673,1
13083,60,7438,1
13084,25,3571,1
13085,33,7857,1
13086,51,1448,2
13087,60,300,1
13088,44,794,2
13089,16,7265,1
13090,38,4054,1
13091,46,831,3
13092,41,6859,1
13093,60,3432,1
13094,35,6893,1
13095,34,4806,1
13096,20,7123,1
13097,58,2558,1
13098,22,2916,1
13099,32,1063,1
13100,41,5932,1
13101,21,314,1
13102,59,5016,2
13103,23,401,1
13104,59,6987,1
13105,28,4062,1
13106,30,6085,1
13107,7,68,1
13108,48,1832,1
13109,2,6594,1
13110,30,3570,1
13111,6,1906,1
13112,56,3006,2
13113,50,141,3
13114,21,5908,1
13115,60,2505,1
13116,24,5438,1
13117,15,4922,1
13118,47,4686,1
13119,49,4516,1
13120,16,3685,1
13121,24,2900,1
13122,15,4779,1
13123,56,4586,3
13124,16,1584,1
13125,27,4771,3
13126,50,3726,3
13127,2,3042,1
13128,17,3483,1
13129,49,2359,1
13130,50,4683,4
13131,1,7055,1
13132,31,697,3
13133,17,842,1
13134,11,4713,1
13135,18,5920,1
13136,59,1258,1
13137,27,7082,2
13138,60,4515,1
13139,14,5594,1
13140,22,443,1
13141,7,3686,1
13142,43,5106,2
13143,7,2552,1
13144,58,1032,3
13145,23,2105,1
13146,14,878,1
13147,12,4793,1
13148,52,7107,1
13149,51,554,1
13150,59,1909,3
13151,47,500,2
13152,8,5862,1
13153,2,6952,1
13154,36,4657,1
13155,47,2354,3
13156,6,6869,1
13157,56,7677,3
13158,15,2980,1
13159,15,404,1
13160,19,7650,1
13161,37,3674,3
13162,52,2449,1
13163,24,2555,1
13164,26,2135,1
13165,60,7194,1
13166,16,5365,1
13167,24,1251,1
13168,48,5933,1
13169,24,3914,1
13170,27,1914,1
13171,11,7658,1
13172,24,5122,1
13173,42,1639,3
13174,45,7300,2
13175,28,4371,1
13176,53,2726,2
13177,12,6720,1
13178,2,1230,1
13179,54,3976,1
13180,36,1140,1
13181,51,2826,3
13182,25,2087,1
13183,1,3774,1
13184,34,7484,1
13185,34,224,1
13186,50,3032,4
13187,47,6008,1
13188,14,1618,1
13189,37,6929,3
13190,20,6745,1
13191,44,3831,2
13192,22,5726,1
13193,21,7700,1
13194,34,6873,2
13195,30,28,1
13196,4,3701,1
13197,37,5494,1
13198,5,5512,1
13199,21,5524,1
13200,8,6069,1
13201,45,1689,2
13202,15,6830,1
13203,37,3926,3
13204,60,4271,1
13205,37,5045,2
13206,17,982,1
13207,38,166,1
13208,2,2920,1
13209,2,5482,1
13210,16,4530,1
13211,36,4225,1
13212,54,3690,1
13213,52,2292,3
13214,23,5765,1
13215,21,2284,1
13216,39,5743,1
13217,36,3411,1
13218,31,290,1
13219,27,6480,2
13220,45,7728,3
13221,49,7129,1
13222,60,3985,1
13223,49,5546,1
13224,45,4902,3
13225,43,3329,1
13226,48,3987,1
13227,33,1895,2
13228,43,5874,1
13229,16,7218,1
13230,54,6008,1
13231,15,1846,1
13232,17,2072,1
13233,40,906,1
13234,22,2996,1
13235,11,3804,1
13236,34,3786,1
13237,33,3509,1
13238,21,2625,1
13239,5,1389,1
13240,26,7420,2
13241,24,6796,1
13242,27,5361,2
13243,25,5427,1
13244,46,2486,1
13245,58,2180,1
13246,46,2844,3
13247,51,1220,1
13248,22,3896,1
13249,49,570,1
13250,11,7115,1
13251,50,5721,3
13252,1,238,1
13253,35,7857,1
13254,58,615,1
13255,44,649,2
13256,16,2341,1
13257,22,2913,1
13258,45,4826,1
13259,55,5590,1
13260,43,7141,1
13261,20,6216,1
13262,28,3610,1
13263,48,3324,1
13264,51,1975,4
13265,22,4414,1
13266,34,7203,1
13267,44,202,3
13268,10,6950,1
13269,32,5505,2
13270,39,7870,1
13271,22,7167,1
13272,43,2280,1
13273,52,1573,3
13274,33,1928,1
13275,18,2409,1
13276,58,2394,4
13277,56,3882,3
13278,39,1041,1
13279,4,944,1
13280,22,3180,1
13281,48,47,1
13282,58,6859,1
13283,5,6703,1
13284,27,7674,2
13285,35,3410,1
13286,44,5156,2
13287,40,5508,1
13288,44,265,2
13289,11,6087,1
13290,12,7716,1
13291,46,5880,1
13292,28,3809,1
13293,1,5251,1
13294,17,3991,1
13295,5,471,1
13296,53,1356,1
13297,23,2159,1
13298,47,641,1
13299,42,3649,2
13300,17,5209,1
13301,28,1846,2
13302,59,569,3
13303,51,453,2
13304,23,6081,1
13305,31,4201,3
13306,40,6651,1
13307,37,96,1
13308,23,6566,1
13309,39,1107,1
13310,35,6581,1
13311,41,1762,1
13312,26,7847,2
13313,43,69,2
13314,31,6191,1
13315,29,2779,1
13316,20,5766,1
13317,22,2038,1
13318,19,7434,1
13319,24,4249,1
13320,30,4442,1
13321,58,7093,2
13322,12,6290,1
13323,23,7839,1
13324,8,2339,1
13325,31,4620,3
13326,15,5568,1
13327,44,3781,3
13328,2,775,1
13329,15,4309,1
13330,16,6871,1
13331,16,4339,1
13332,5,1311,1
13333,53,2234,2
13334,58,6537,1
13335,59,2893,2
13336,46,2750,3
13337,10,4819,1
13338,54,7030,4
13339,42,6859,2
13340,3,6137,1
13341,56,7193,1
13342,14,177,1
13343,29,6969,3
13344,55,5317,1
13345,59,3819,2
13346,22,6545,1
13347,28,6587,4
13348,60,7859,1
13349,14,6188,1
13350,47,273,2
13351,1,6007,1
13352,51,2978,4
13353,37,4992,3
13354,48,4199,1
13355,6,1727,1
13356,52,324,3
13357,1,4558,1
13358,34,2747,3
13359,35,4583,1
13360,44,4598,2
13361,38,7126,1
13362,5,6818,1
13363,24,5426,1
13364,14,5975,1
13365,1,953,1
13366,11,4907,1
13367,46,2432,2
13368,2,6697,1
13369,37,1081,1
13370,58,7106,3
13371,52,2882,1
13372,29,3643,3
13373,1,5870,1
13374,13,6092,1
13375,33,4815,3
13376,22,7542,1
13377,56,5188,1
13378,3,2441,1
13379,52,7103,1
13380,37,3214,2
13381,24,5347,1
13382,48,6244,1
13383,18,2866,1
13384,21,6094,1
13385,34,2266,3
13386,34,767,3
13387,2,492,1
13388,42,7407,1
13389,35,4356,1
13390,30,4086,1
13391,30,7268,1
13392,32,6863,2
13393,49,5255,1
13394,19,4342,1
13395,3,4231,1
13396,49,7227,1
13397,27,766,4
13398,24,3946,1
13399,35,2879,1
13400,26,5368,1
13401,52,5605,2
13402,7,4404,1
13403,55,4497,2
13404,16,2835,1
13405,57,313,1
13406,17,147,1
13407,43,5941,1
13408,2,3193,1
13409,10,4289,1
13410,8,5098,1
13411,33,1875,1
13412,46,681,2
13413,13,7692,1
13414,39,6899,1
13415,58,1529,1
13416,6,420,1
13417,15,5555,1
13418,14,5448,1
13419,2,3208,1
13420,23,1215,1
13421,60,5773,1
13422,31,108,1
13423,22,3979,1
13424,32,3784,1
13425,43,2706,2
13426,9,3545,1
13427,11,2989,1
13428,44,552,1
13429,14,6301,1
13430,6,6903,1
13431,28,4834,2
13432,36,4782,1
13433,39,162,1
13434,31,1045,1
13435,60,2844,1
13436,2,3700,1
13437,26,6073,3
13438,34,2639,2
13439,52,4920,3
13440,55,7078,1
13441,30,1512,1
13442,33,1119,3
13443,46,6107,1
13444,30,2905,1
13445,25,24,1
13446,52,6073,1
13447,44,1796,3
13448,21,1558,1
13449,53,2781,2
13450,55,6691,1
13451,52,1960,1
13452,20,804,1
13453,52,1707,1
13454,52,2056,4
13455,54,3082,2
13456,60,5604,1
13457,24,1634,1
13458,12,5795,1
13459,49,1889,1
13460,46,2748,1
13461,32,7646,2
13462,55,483,1
13463,5,5706,1
13464,6,4993,1
13465,56,4077,2
13466,23,4369,1
13467,11,2149,1
13468,37,6262,3
13469,49,6965,1
13470,32,72,3
13471,29,4693,3
13472,32,4977,3
13473,27,1195,3
13474,22,3729,1
13475,5,125,1
13476,7,228,1
13477,12,1312,1
13478,42,235,2
13479,40,3897,1
13480,30,894,1
13481,36,5087,1
13482,5,1908,1
13483,41,7889,1
13484,3,6851,1
13485,51,5613,2
13486,56,6071,1
13487,33,3727,1
13488,36,1298,1
13489,54,7621,2
13490,59,6342,2
13491,40,1258,1
13492,59,5008,1
13493,26,1046,1
13494,5,2614,1
13495,37,4945,1
13496,60,3408,1
13497,48,7828,1
13498,8,3464,1
13499,53,948,1
13500,22,475,1
13501,23,6867,1
13502,13,561,1
13503,8,128,1
13504,14,5209,1
13505,53,3741,3
13506,59,7807,1
13507,8,2593,1
13508,16,5206,1
13509,41,215,1
13510,43,2648,2
13511,50,3371,4
13512,9,7849,1
13513,59,5837,1
13514,20,4849,1
13515,3,6137,1
13516,20,1592,1
13517,6,7908,1
13518,31,4534,2
13519,35,7837,1
13520,22,6252,1
13521,27,4393,3
13522,54,2366,3
13523,19,5685,1
13524,41,6307,1
13525,50,2649,2
13526,52,3094,1
13527,10,4195,1
13528,17,499,1
13529,24,2690,1
13530,15,2611,1
13531,18,4377,1
13532,8,5075,1
13533,59,3057,1
13534,13,1587,1
13535,18,4881,1
13536,39,4512,1
13537,21,4025,1
13538,11,2754,1
13539,47,6576,1
13540,28,4951,1
13541,20,4340,1
13542,2,7533,1
13543,59,272,1
13544,33,972,3
13545,38,3949,1
13546,12,3270,1
13547,31,6648,2
13548,47,4975,1
13549,25,5844,1
13550,13,7389,1
13551,21,576,1
13552,53,1642,1
13553,39,18,1
13554,18,1685,1
13555,58,407,1
13556,48,7102,1
13557,5,3768,1
13558,9,3520,1
13559,5,5246,1
13560,10,590,1
13561,22,1662,1
13562,43,6896,3
13563,12,3817,1
13564,50,7769,3
13565,17,4152,1
13566,36,7617,1
13567,26,914,1
13568,11,7500,1
13569,56,3639,2
13570,14,3834,1
13571,19,7873,1
13572,44,6022,1
13573,19,4100,1
13574,8,1204,1
13575,35,5677,1
13576,29,3165,2
13577,32,506,3
13578,13,4585,1
13579,6,1729,1
13580,41,727,1
13581,22,3614,1
13582,28,3348,1
13583,46,6246,2
13584,31,2880,4
13585,6,7236,1
13586,51,5263,1
13587,57,1430,2
13588,60,4636,1
13589,39,1142,1
13590,43,2947,1
13591,11,1332,1
13592,31,1921,2
13593,2,2643,1
13594,2,5613,1
13595,15,3340,1
13596,15,6096,1
13597,10,3117,1
13598,39,5716,1
13599,54,3115,3
13600,3,2888,1
13601,60,2082,1
13602,24,961,1
13603,35,1130,1
13604,25,4607,1
13605,31,1546,2
13606,3,5763,1
13607,44,3208,2
13608,38,541,1
13609,13,7182,1
13610,60,7437,1
13611,38,1727,1
13612,21,6327,1
13613,30,7085,1
13614,51,7699,3
13615,50,564,2
13616,2,7717,1
13617,15,3711,1
13618,18,6214,1
13619,1,218,1
13620,29,1265,3
13621,23,3570,1
13622,11,1619,1
13623,1,2062,1
13624,50,30,1
13625,25,1024,1
13626,5,3987,1
13627,6,6105,1
13628,10,254,1
13629,43,4101,3
13630,35,1017,1
13631,4,6560,1
13632,6,6439,1
13633,9,6329,1
13634,44,3988,1
13635,60,5528,1
13636,19,433,1
13637,8,4626,1
13638,51,580,1
13639,20,2018,1
13640,37,5808,3
13641,1,1487,1
13642,4,4185,1
13643,32,1089,1
13644,43,4271,3
13645,10,776,1
13646,23,965,1
13647,27,5858,1
13648,10,188,1
13649,19,5830,1
13650,50,5004,2
13651,13,4262,1
13652,41,5335,1
13653,8,7634,1
13654,10,5606,1
13655,33,2531,1
13656,45,5655,1
13657,46,2,2
13658,44,2007,2
13659,41,7575,1
13660,16,3856,1
13661,55,1921,4
13662,44,1891,1
13663,2,2654,1
13664,13,4403,1
13665,8,1590,1
13666,38,6695,1
13667,55,4400,2
13668,2,3393,1
13669,29,5568,3
13670,50,2051,1
13671,38,7804,1
13672,58,503,1
13673,47,1156,1
13674,35,7671,1
13675,28,5256,1
13676,51,7507,2
13677,29,4602,1
13678,31,1208,2
13679,32,2651,1
13680,31,2566,2
13681,5,3175,1
13682,30,2520,1
13683,5,637,1
13684,53,1176,3
13685,48,2088,1
13686,8,2374,1
13687,49,3707,1
13688,39,1929,1
13689,18,2238,1
13690,16,7114,1
13691,55,1025,1
13692,23,1743,1
13693,36,1135,1
13694,25,7473,1
13695,17,5289,1
13696,57,6497,2
13697,15,3559,1
13698,44,7156,4
13699,6,1841,1
13700,39,7544,1
13701,34,39,1
13702,26,2282,1
13703,28,1960,1
13704,8,65,1
13705,55,1933,1
13706,12,294,1
13707,13,6754,1
13708,18,3211,1
13709,56,7571,1
13710,21,1548,1
13711,4,5690,1
13712,53,6985,3
13713,41,7236,1
13714,41,2974,1
13715,35,4016,1
13716,45,5531,1
13717,30,5248,1
13718,26,1583,2
13719,7,4809,1
13720,18,3933,1
13721,46,1123,1
13722,5,6653,1
13723,59,4708,2
13724,1,4205,1
13725,12,7403,1
13726,20,3033,1
13727,53,2392,3
13728,58,6829,1
13729,37,6134,1
13730,6,2201,1
13731,37,7524,1
13732,15,1009,1
13733,55,4921,3
13734,48,7708,1
13735,46,4811,1
13736,56,2479,2
13737,11,3095,1
13738,55,5226,2
13739,15,4494,1
13740,52,3630,1
13741,57,7143,2
13742,57,6922,2
13743,55,5246,4
13744,23,1670,1
13745,12,5196,1
13746,49,4668,1
13747,2,333,1
13748,54,4247,2
13749,24,3800,1
13750,25,930,1
13751,2,48,1
13752,8,1854,1
13753,14,5531,1
13754,59,7654,1
13755,58,2709,2
13756,59,6673,3
13757,24,763,1
13758,52,5418,3
13759,9,477,1
13760,16,2219,1
13761,26,5006,3
13762,5,164,1
13763,39,4318,1
13764,51,3261,2
13765,59,4261,3
13766,59,3355,1
13767,20,6206,1
13768,36,1075,1
13769,13,3757,1
13770,35,3626,1
13771,16,3676,1
13772,43,1110,2
13773,33,485,1
13774,49,3579,1
13775,19,756,1
13776,51,4148,1
13777,57,682,1
13778,6,7004,1
13779,60,1422,1
13780,5,874,1
13781,52,6188,2
13782,1,2809,1
13783,35,7380,1
13784,40,4397,1
13785,30,32,1
13786,26,6919,3
13787,38,665,1
13788,23,3237,1
13789,5,2655,1
13790,48,1994,1
13791,30,6137,1
13792,60,2951,1
13793,40,2870,1
13794,36,7569,1
13795,50,5503,3
13796,9,2662,1
13797,23,5172,1
13798,46,6174,2
13799,2,1935,1
13800,4,7825,1
13801,36,4332,1
13802,34,5288,1
13803,32,5532,1
13804,46,1526,1
13805,12,4762,1
13806,35,653,1
13807,8,7686,1
13808,43,7093,2
13809,41,6591,1
13810,15,4543,1
13811,9,870,1
13812,6,2174,1
13813,12,473,1
13814,43,4260,1
13815,42,4701,1
13816,58,3162,1
13817,56,6185,1
13818,27,24,1
13819,21,4635,1
13820,19,3763,1
13821,32,889,3
13822,33,6017,3
13823,19,5969,1
13824,32,217,1
13825,7,5015,1
13826,56,4154,1
13827,34,4577,2
13828,24,7740,1
13829,30,4363,1
13830,31,254,3
13831,58,939,3
13832,35,6413,1
13833,51,5957,1
13834,2,6121,1
13835,46,1216,2
13836,60,4410,1
13837,32,6210,1
13838,30,2489,1
13839,10,7729,1
13840,12,7274,1
13841,21,6289,1
13842,8,6614,1
13843,4,6892,1
13844,53,12,2
13845,36,2158,1
13846,23,7012,1
13847,56,3437,2
13848,44,7321,3
13849,18,3895,1
13850,15,3302,1
13851,21,337,1
13852,40,2704,1
13853,35,7233,1
13854,48,1081,1
13855,45,5072,1
13856,49,6171,1
13857,19,6911,1
13858,42,2864,3
13859,51,2889,2
13860,10,1670,1
13861,57,3693,1
13862,49,2910,1
13863,33,2820,2
13864,41,1721,1
13865,11,6361,1
13866,31,7849,3
13867,13,6655,1
13868,24,922,1
13869,11,1296,1
13870,32,5088,2
13871,23,134,1
13872,30,3456,1
13873,31,5386,1
13874,16,7754,1
13875,32,962,3
13876,20,6795,1
13877,35,5034,1
13878,8,3935,1
13879,48,3431,1
13880,4,5073,1
13881,55,5260,3
13882,36,1068,1
13883,26,4090,1
13884,28,3859,2
13885,10,3515,1
13886,21,6403,1
13887,9,4461,1
13888,22,3417,1
13889,28,984,3
13890,6,4102,1
13891,51,7600,4
13892,57,6596,4
13893,42,3252,3
13894,20,6429,1
13895,29,7166,3
13896,38,1509,1
13897,31,691,2
13898,51,3458,2
13899,2,7328,1
13900,33,5927,1
13901,37,6891,3
13902,7,5483,1
13903,57,2922,3
13904,1,5365,1
13905,6,6206,1
13906,57,1152,1
13907,48,3757,1
13908,10,6159,1
13909,41,5151,1
13910,13,2590,1
13911,47,222,1
13912,23,766,1
13913,43,5124,2
13914,54,4817,1
13915,16,4976,1
13916,36,115,1
13917,18,2040,1
13918,48,6921,1
13919,2,7652,1
13920,8,6447,1
13921,33,1901,4
13922,45,4320,4
13923,16,6376,1
13924,12,7349,1
13925,19,1413,1
13926,26,1545,3
13927,11,1515,1
13928,31,1425,3
13929,34,5251,1
13930,17,6692,1
13931,25,2528,1
13932,37,7156,1
13933,37,1535,3
13934,34,310,2
13935,23,7160,1
13936,18,4758,1
13937,17,433,1
13938,42,1635,3
13939,59,2897,1
13940,3,4296,1
13941,53,4061,3
13942,50,5853,1
13943,21,6670,1
13944,19,7897,1
13945,35,2835,1
13946,21,4471,1
13947,11,6104,1
13948,14,3138,1
13949,17,243,1
13950,2,5691,1
13951,3,1859,1
13952,46,829,2
13953,5,2041,1
13954,40,6858,1
13955,8,4409,1
13956,10,1412,1
13957,51,5043,2
13958,32,1601,3
13959,32,3476,4
13960,59,2941,2
13961,48,3914,1
13962,47,3608,2
13963,49,4828,1
13964,18,1608,1
13965,40,2411,1
13966,18,6534,1
13967,56,1076,1
13968,57,3116,1
13969,36,2555,1
13970,7,2102,1
13971,41,5917,1
13972,30,6162,1
13973,35,4584,1
13974,3,5059,1
13975,16,6764,1
13976,23,3407,1
13977,27,3186,3
13978,60,7620,1
13979,47,17,2
13980,45,4040,1
13981,1,5339,1
13982,59,6471,2
13983,51,2297,2
13984,23,3360,1
13985,53,1357,2
13986,50,3099,1
13987,17,2010,1
13988,7,6009,1
13989,53,628,3
13990,42,516,1
13991,37,2562,1
13992,4,2019,1
13993,35,7075,1
13994,33,1857,1
13995,46,3035,1
13996,56,3008,1
13997,37,2189,2
13998,46,4909,2
13999,38,7512,1
14000,25,7703,1
14001,47,1329,2
14002,60,5970,1
14003,37,2936,2
14004,54,5411,1
14005,34,7204,2
14006,51,1117,1
14007,34,1045,2
14008,52,6933,3
14009,48,2190,1
14010,14,7544,1
14011,56,6223,2
14012,19,3649,1
14013,38,614,1
14014,31,3492,3
14015,53,2461,4
14016,13,7656,1
14017,36,6959,1
14018,27,4334,2
14019,35,6508,1
14020,54,6447,3
14021,38,6597,1
14022,42,4366,1
14023,23,7536,1
14024,18,374,1
14025,14,5873,1
14026,26,1944,2
14027,20,7149,1
14028,16,6177,1
14029,8,5918,1
14030,13,2389,1
14031,32,2439,2
14032,6,2558,1
14033,3,1616,1
14034,23,3614,1
14035,55,4560,1
14036,24,162,1
14037,23,6475,1
14038,55,6269,2
14039,52,3483,1
14040,59,1145,1
14041,3,4828,1
14042,28,4782,4
14043,3,1890,1
14044,54,6396,1
14045,13,3941,1
14046,16,2733,1
14047,42,4150,1
14048,39,3035,1
14049,25,5486,1
14050,26,2033,1
14051,47,5306,3
14052,31,6237,1
14053,49,7474,1
14054,19,4711,1
14055,35,4313,1
14056,47,7137,1
14057,6,1591,1
14058,15,3341,1
14059,58,7742,3
14060,4,4867,1
14061,11,668,1
14062,6,6168,1
14063,12,1237,1
14064,35,1361,1
14065,60,6096,1
14066,36,7928,1
14067,51,2249,2
14068,12,2272,1
14069,30,6151,1
14070,34,5595,3
14071,13,1275,1
14072,60,4097,1
14073,14,6562,1
14074,48,6276,1
14075,4,78,1
14076,12,4903,1
14077,56,3727,2
14078,5,4773,1
14079,57,6548,1
14080,44,7473,2
14081,52,534,1
14082,20,6926,1
14083,49,7352,1
14084,37,6410,4
14085,14,3178,1
14086,44,6650,1
14087,43,1714,1
14088,2,3541,1
14089,38,3807,1
14090,40,6847,1
14091,23,5481,1
14092,60,4496,1
14093,60,3925,1
14094,34,3986,1
14095,15,4912,1
14096,3,3910,1
14097,22,1127,1
14098,43,2650,1
14099,23,2025,1
14100,17,2577,1
14101,3,550,1
14102,59,1773,1
14103,43,2017,2
14104,48,6777,1
14105,19,7404,1
14106,19,4276,1
14107,49,3129,1
14108,30,1325,1
14109,48,31,1
14110,1,4213,1
14111,44,1183,2
14112,22,7773,1
14113,23,1567,1
14114,13,3756,1
14115,20,7205,1
14116,48,7267,1
14117,36,2395,1
14118,33,1593,3
14119,2,2516,1
14120,55,7748,3
14121,14,6233,1
14122,60,4142,1
14123,31,1808,3
14124,22,7918,1
14125,59,4737,2
14126,30,184,1
14127,23,1990,1
14128,41,5879,1
14129,5,2784,1
14130,41,4337,1
14131,47,7938,2
14132,46,7306,1
14133,16,3164,1
14134,37,2422,4
14135,10,1560,1
14136,26,7815,2
14137,12,2149,1
14138,49,7875,1
14139,8,1221,1
14140,50,4822,2
14141,5,1717,1
14142,60,6988,1
14143,19,6806,1
14144,17,3269,1
14145,45,581,2
14146,59,1966,3
14147,8,7753,1
14148,18,82,1
14149,2,7696,1
14150,49,4905,1
14151,21,2654,1
14152,31,4169,2
14153,27,6982,2
14154,47,7513,1
14155,39,4883,1
14156,40,4183,1
14157,13,4364,1
14158,24,1513,1
14159,6,5763,1
14160,42,4611,2
14161,25,1057,1
14162,36,502,1
14163,45,5162,2
14164,59,4190,1
14165,36,4475,1
14166,38,5800,1
14167,50,2144,3
14168,9,6501,1
14169,42,1627,2
14170,27,4851,2
14171,19,4761,1
14172,12,5136,1
14173,42,2666,3
14174,22,5508,1
14175,52,7285,3
14176,22,5501,1
14177,40,4515,1
14178,26,2633,1
14179,60,1163,1
14180,59,6172,3
14181,15,3912,1
14182,28,1554,3
14183,15,213,1
14184,17,3791,1
14185,28,5729,2
14186,8,4357,1
14187,9,3158,1
14188,47,3426,3
14189,55,6527,1
14190,6,6018,1
14191,58,3555,1
14192,12,3857,1
14193,27,6855,1
14194,8,2637,1
14195,25,7603,1
14196,31,1051,2
14197,43,993,3
14198,44,2589,1
14199,33,5924,3
14200,46,1391,3
14201,51,5228,3
14202,15,3049,1
14203,32,337,2
14204,37,6450,2
14205,5,451,1
14206,16,58,1
14207,21,2861,1
14208,31,5234,1
14209,3,6311,1
14210,28,2483,1
14211,13,1456,1
14212,21,1472,1
14213,30,1620,1
14214,48,7518,1
14215,26,3671,2
14216,27,5703,1
14217,48,6218,1
14218,33,4732,3
14219,2,4120,1
14220,44,3979,1
14221,54,4154,3
14222,37,4771,2
14223,58,4330,3
14224,10,6657,1
14225,24,7516,1
14226,7,3860,1
14227,5,6814,1
14228,19,2403,1
14229,51,4679,2
14230,37,1900,3
14231,56,4135,3
14232,22,7625,1
14233,32,6128,1
14234,27,681,1
14235,40,4033,1
14236,55,48,3
14237,18,4927,1
14238,11,3436,1
14239,34,6523,3
14240,39,4231,1
14241,18,6139,1
14242,9,7794,1
14243,52,2964,3
14244,46,1694,1
14245,54,2213,1
14246,57,7042,3
14247,4,7795,1
14248,36,5031,1
14249,33,5174,2
14250,50,293,2
14251,28,6367,1
14252,37,3104,3
14253,7,4061,1
14254,46,7797,2
14255,28,479,2
14256,26,3679,4
14257,26,1794,3
14258,13,628,1
14259,53,3848,3
14260,17,7570,1
14261,1,466,1
14262,42,3528,2
14263,6,6043,1
14264,45,7461,2
14265,3,1700,1
14266,21,589,1
14267,15,3449,1
14268,34,1204,1
14269,1,5946,1
14270,33,5534,2
14271,28,5033,2
14272,11,1512,1
14273,39,2602,1
14274,13,351,1
14275,34,2207,1
14276,4,1315,1
14277,12,6555,1
14278,8,2334,1
14279,29,5349,3
14280,31,3280,1
14281,12,297,1
14282,39,6053,1
14283,37,3938,1
14284,49,6741,1
14285,9,6203,1
14286,39,4321,1
14287,2,5762,1
14288,21,3305,1
14289,2,5029,1
14290,8,2670,1
14291,4,7358,1
14292,50,1453,4
14293,26,3233,1
14294,59,394,1
14295,24,6275,1
14296,15,5298,1
14297,56,6521,2
14298,60,2472,1
14299,39,7484,1
14300,20,5316,1
14301,36,7567,1
14302,15,1506,1
14303,22,2529,1
14304,14,7848,1
14305,15,5672,1
14306,1,7325,1
14307,21,1350,1
14308,16,3330,1
14309,13,1572,1
14310,53,4094,3
14311,34,5075,1
14312,24,5012,1
14313,35,7834,1
14314,24,4991,1
14315,8,310,1
14316,55,3581,1
14317,5,5623,1
14318,27,2238,4
14319,26,5968,1
14320,32,35,1
14321,37,1277,4
14322,4,1029,1
14323,17,7622,1
14324,4,7475,1
14325,15,5814,1
14326,34,4652,2
14327,37,3478,1
14328,60,6129,1
14329,49,5899,1
14330,24,4340,1
14331,8,7871,1
14332,56,5839,1
14333,30,7084,1
14334,4,7278,1
14335,20,5362,1
14336,35,2036,1
14337,26,758,1
14338,13,4643,1
14339,45,6077,2
14340,16,6351,1
14341,14,203,1
14342,57,3237,2
14343,35,7577,1
14344,23,3255,1
14345,56,1553,2
14346,4,755,1
14347,41,3918,1
14348,54,2739,1
14349,60,3052,1
14350,8,6834,1
14351,11,2798,1
14352,42,785,2
14353,7,7561,1
14354,32,6403,2
14355,52,6260,1
14356,44,6134,2
14357,37,2129,1
14358,25,2167,1
14359,19,1203,1
14360,55,6026,2
14361,39,3782,1
14362,44,2087,1
14363,10,1984,1
14364,2,516,1
14365,41,7813,1
14366,30,2501,1
14367,24,1791,1
14368,20,5087,1
14369,49,3200,1
14370,52,2269,1
14371,28,6439,1
14372,11,3473,1
14373,2,1583,1
14374,43,6074,3
14375,4,760,1
14376,5,1560,1
14377,26,3429,3
14378,56,7451,1
14379,47,4263,2
14380,26,688,1
14381,44,4311,4
14382,19,3464,1
14383,22,564,1
14384,54,6709,2
14385,29,4125,1
14386,38,6762,1
14387,25,1308,1
14388,21,4830,1
14389,18,4857,1
14390,2,7732,1
14391,58,3637,1
14392,60,2170,1
14393,2,6782,1
14394,39,5663,1
14395,9,2650,1
14396,39,200,1
14397,57,2700,3
14398,29,6461,1
14399,3,7395,1
14400,25,3014,1
14401,25,2227,1
14402,54,658,2
14403,58,2939,2
14404,18,5394,1
14405,31,7239,1
14406,4,801,1
14407,2,5303,1
14408,55,4779,2
14409,14,1821,1
14410,9,4794,1
14411,52,7483,1
14412,14,1955,1
14413,36,4546,1
14414,25,4703,1
14415,25,1114,1
14416,59,4249,1
14417,10,1002,1
14418,14,3994,1
14419,36,6338,1
14420,3,4907,1
14421,51,5856,1
14422,59,1539,3
14423,27,7059,3
14424,15,747,1
14425,14,2716,1
14426,22,3417,1
14427,19,5845,1
14428,4,7129,1
14429,33,2608,1
14430,21,4458,1
14431,22,502,1
14432,2,1541,1
14433,12,2262,1
14434,12,2718,1
14435,25,6119,1
14436,3,6321,1
14437,38,4556,1
14438,31,7475,1
14439,23,7095,1
14440,49,1262,1
14441,28,3126,1
14442,46,4502,1
14443,10,5761,1
14444,37,6765,1
14445,5,1391,1
14446,50,5051,3
14447,19,489,1
14448,3,3244,1
14449,7,2659,1
14450,60,4952,1
14451,42,3389,1
14452,55,380,1
14453,9,3104,1
14454,40,6888,1
14455,12,4105,1
14456,25,6256,1
14457,51,5066,1
14458,8,3540,1
14459,30,6920,1
14460,15,6175,1
14461,18,2752,1
14462,19,6450,1
14463,56,4554,1
14464,41,7866,1
14465,35,7419,1
14466,24,3664,1
14467,46,2963,4
14468,4,2702,1
14469,56,6379,1
14470,42,1238,2
14471,55,2689,1
14472,30,7173,1
14473,26,4893,4
14474,60,2626,1
14475,41,6757,1
14476,5,560,1
14477,29,5030,2
14478,30,1245,1
14479,10,6829,1
14480,20,4093,1
14481,27,842,1
14482,56,614,3
14483,52,5123,1
14484,32,4409,1
14485,41,6041,1
14486,47,5693,2
14487,7,7466,1
14488,38,2854,1
14489,44,4850,2
14490,23,5194,1
14491,16,7478,1
14492,38,5588,1
14493,55,4586,1
14494,2,2733,1
14495,51,521,1
14496,11,5742,1
14497,48,1991,1
14498,21,2241,1
14499,55,5173,1
14500,55,4190,1
14501,8,3425,1
14502,27,7496,3
14503,46,4339,3
14504,1,7690,1
14505,44,710,2
14506,46,7016,2
14507,16,1528,1
14508,11,6234,1
14509,22,7234,1
14510,22,512,1
14511,8,3362,1
14512,48,776,1
14513,55,1819,2
14514,56,2651,2
14515,55,5425,1
14516,3,1231,1
14517,20,6293,1
14518,7,4716,1
14519,13,417,1
14520,36,2563,1
14521,53,4655,1
14522,28,4744,2
14523,17,1686,1
14524,15,2100,1
14525,57,5977,1
14526,44,3043,2
14527,27,2470,1
14528,25,6907,1
14529,11,6569,1
14530,6,7763,1
14531,13,721,1
14532,57,1059,1
14533,20,4558,1
14534,3,4562,1
14535,41,324,1
14536,11,868,1
14537,24,2377,1
14538,54,5263,1
14539,53,299,3
14540,56,1863,2
14541,28,3941,2
14542,7,7102,1
14543,16,6707,1
14544,23,7460,1
14545,50,7013,2
14546,54,2099,1
14547,35,2273,1
14548,18,4071,1
14549,50,2331,3
14550,57,5289,3
14551,44,311,2
14552,42,642,1
14553,59,4034,1
14554,56,788,3
14555,10,6288,1
14556,29,2612,3
14557,59,1485,1
14558,10,545,1
14559,51,5381,2
14560,51,7354,1
14561,60,3186,1
14562,33,4043,3
14563,21,702,1
14564,25,803,1
14565,1,1461,1
14566,45,7301,1
14567,60,1013,1
14568,4,2854,1
14569,25,3296,1
14570,48,7214,1
14571,23,3654,1
14572,60,2119,1
14573,29,6877,2
14574,48,5101,1
14575,44,2768,2
14576,25,2483,1
14577,6,6257,1
14578,10,3840,1
14579,23,6552,1
14580,25,4633,1
14581,34,332,3
14582,4,461,1
14583,53,4887,3
14584,31,3348,1
14585,60,5389,1
14586,7,6519,1
14587,7,4235,1
14588,31,213,1
14589,38,6048,1
14590,33,3469,1
14591,30,138,1
14592,55,5129,2
14593,15,6261,1
14594,16,3145,1
14595,32,2609,1
14596,38,6814,1
14597,53,1999,1
14598,39,1483,1
14599,33,672,1
14600,11,7604,1
14601,6,402,1
14602,26,1069,2
14603,5,3939,1
14604,58,3365,1
14605,38,3081,1
14606,31,1706,3
14607,58,6822,2
14608,25,6062,1
14609,3,4895,1
14610,27,4146,3
14611,16,5604,1
14612,17,2198,1
14613,41,1356,1
14614,36,957,1
14615,33,2079,1
14616,8,2638,1
14617,31,2255,3
14618,2,3064,1
14619,32,5484,2
14620,43,203,3
14621,43,7648,3
14622,45,545,2
14623,12,3275,1
14624,53,5818,2
14625,47,2376,2
14626,36,343,1
14627,49,4143,1
14628,27,2869,3
14629,42,3496,3
14630,35,6289,1
14631,52,3128,3
14632,19,7629,1
14633,49,3563,1
14634,2,4382,1
14635,3,6250,1
14636,4,537,1
14637,8,1177,1
14638,4,1695,1
14639,15,976,1
14640,8,6414,1
14641,7,7879,1
14642,9,6639,1
14643,9,917,1
14644,19,1656,1
14645,24,6695,1
14646,1,760,1
14647,38,5460,1
14648,27,2833,1
14649,30,7166,1
14650,22,5471,1
14651,8,1846,1
14652,13,4015,1
14653,28,5632,3
14654,14,7307,1
14655,4,5111,1
14656,39,260,1
14657,36,5,1
14658,42,4491,2
14659,5,1617,1
14660,45,2522,1
14661,19,5203,1
14662,5,2461,1
14663,9,1063,1
14664,13,7163,1
14665,33,836,3
14666,51,4780,2
14667,28,3909,1
14668,15,4797,1
14669,18,4574,1
14670,34,4668,1
14671,48,3242,1
14672,22,5634,1
14673,48,4074,1
14674,13,4014,1
14675,53,6257,2
14676,51,1104,3
14677,6,5040,1
14678,7,7562,1
14679,48,3796,1
14680,10,5540,1
14681,50,7604,2
14682,26,1331,2
14683,47,5698,4
14684,44,3754,2
14685,27,1320,1
14686,59,1988,4
14687,48,7114,1
14688,58,6180,1
14689,17,6862,1
14690,11,3674,1
14691,21,4029,1
14692,7,6224,1
14693,9,3880,1
14694,35,2647,1
14695,11,2333,1
14696,26,5120,2
14697,38,2337,1
14698,14,5986,1
14699,7,4244,1
14700,3,4329,1
14701,13,2082,1
14702,46,2406,2
14703,43,5137,1
14704,49,211,1
14705,51,4813,1
14706,1,7933,1
14707,27,3134,2
14708,50,2827,3
14709,32,1759,3
14710,38,1851,1
14711,59,5628,3
14712,40,1480,1
14713,48,400,1
14714,35,2668,1
14715,18,3088,1
14716,27,6086,1
14717,28,3140,1
14718,26,3448,3
14719,40,5172,1
14720,30,3518,1
14721,12,5315,1
14722,37,4335,2
14723,30,6369,1
14724,3,1756,1
14725,9,88,1
14726,12,4217,1
14727,22,3370,1
14728,20,6230,1
14729,51,5775,4
14730,56,473,2
14731,30,3266,1
14732,29,1977,3
14733,23,2452,1
14734,5,1840,1
14735,11,2201,1
14736,3,588,1
14737,10,6992,1
14738,50,3017,2
14739,44,5901,2
14740,7,1281,1
14741,57,7719,2
14742,10,5936,1
14743,44,2733,1
14744,10,1452,1
14745,44,4695,3
14746,2,7476,1
14747,35,5133,1
14748,1,6735,1
14749,45,4443,3
14750,21,6435,1
14751,45,2361,2
14752,11,1356,1
14753,2,3105,1
14754,60,2294,1
14755,10,7921,1
14756,8,5258,1
14757,20,4788,1
14758,47,6239,1
14759,15,4282,1
14760,43,7699,1
14761,34,1500,2
14762,59,4339,3
14763,27,4486,1
14764,31,3377,3
14765,38,7816,1
14766,35,6675,1
14767,38,6750,1
14768,53,7905,2
14769,40,539,1
14770,47,2978,1
14771,3,4102,1
14772,24,6849,1
14773,41,1134,1
14774,36,6077,1
14775,26,2973,3
14776,35,2408,1
14777,18,7700,1
14778,56,606,1
14779,10,7167,1
14780,14,1883,1
14781,31,6201,3
14782,55,1341,2
14783,45,1148,1
14784,52,5462,2
14785,55,291,3
14786,45,6210,1
14787,42,5107,3
14788,41,3287,1
14789,15,3953,1
14790,50,7492,1
14791,6,1689,1
14792,14,3724,1
14793,53,6467,1
14794,59,6130,1
14795,9,7821,1
14796,19,5164,1
14797,26,3665,2
14798,41,687,1
14799,39,856,1
14800,38,4139,1
14801,56,1255,1
14802,22,7856,1
14803,15,1490,1
14804,27,4927,2
14805,56,5814,1
14806,22,7128,1
14807,23,5087,1
14808,43,6275,3
14809,38,4224,1
14810,49,2849,1
14811,35,7208,1
14812,49,5393,1
14813,45,7096,1
14814,19,776,1
14815,31,1756,3
14816,43,4495,3
14817,34,6817,2
14818,3,596,1
14819,8,2511,1
14820,22,3849,1
14821,18,5401,1
14822,36,5790,1
14823,43,3938,2
14824,44,999,1
14825,45,7341,2
14826,5,2380,1
14827,7,7355,1
14828,41,4650,1
14829,15,1882,1
14830,49,5529,1
14831,30,5238,1
14832,4,2459,1
14833,24,2168,1
14834,22,4791,1
14835,43,2487,1
14836,6,7569,1
14837,3,3756,1
14838,12,2436,1
14839,35,5484,1
14840,38,5458,1
14841,52,131,1
14842,45,7249,1
14843,43,4307,1
14844,31,7210,1
14845,40,4512,1
14846,56,810,1
14847,50,1661,3
14848,34,677,2
14849,49,3929,1
14850,2,7677,1
14851,5,7730,1
14852,23,3767,1
14853,34,1472,1
14854,2,7583,1
14855,1,7659,1
14856,47,5364,3
14857,6,5231,1
14858,33,4930,3
14859,50,5517,1
14860,3,7625,1
14861,31,235,1
14862,15,5588,1
14863,36,128,1
14864,20,5236,1
14865,3,6475,1
14866,14,1306,1
14867,59,5356,1
14868,51,4624,3
14869,40,4052,1
14870,56,3855,1
14871,10,4900,1
14872,38,1123,1
14873,32,5457,2
14874,60,4294,1
14875,32,4147,1
14876,56,2187,1
14877,31,1473,1
14878,17,113,1
14879,27,245,2
14880,30,7002,1
14881,2,2347,1
14882,46,6753,1
14883,15,2823,1
14884,28,4873,2
14885,54,7074,1
14886,25,427,1
14887,19,3505,1
14888,14,7774,1
14889,24,4684,1
14890,33,6083,1
14891,39,452,1
14892,20,7054,1
14893,20,6741,1
14894,2,1937,1
14895,18,4100,1
14896,12,2412,1
14897,7,7801,1
14898,53,1608,1
14899,7,298,1
14900,23,2895,1
14901,39,1227,1
14902,29,4111,2
14903,41,53,1
14904,41,2962,1
14905,7,26,1
14906,55,2250,2
14907,45,6378,3
14908,13,5039,1
14909,31,943,1
14910,17,1953,1
14911,42,5391,1
14912,28,3265,1
14913,40,6533,1
14914,11,2982,1
14915,20,2709,1
14916,6,7167,1
14917,7,2884,1
14918,44,344,2
14919,36,2812,1
14920,9,1921,1
14921,19,7511,1
14922,50,4642,1
14923,34,246,1
14924,46,7450,2
14925,31,6930,1
14926,42,5711,1
14927,14,7417,1
14928,59,6547,1
14929,19,2827,1
14930,8,6018,1
14931,51,6155,2
14932,1,2971,1
14933,10,6105,1
14934,13,4876,1
14935,5,7751,1
14936,33,4176,1
14937,16,7373,1
14938,4,2168,1
14939,15,7508,1
14940,11,1650,1
14941,16,1399,1
14942,20,5737,1
14943,21,4557,1
14944,34,7105,1
14945,41,6593,1
14946,5,5373,1
14947,13,7112,1
14948,40,4449,1
14949,33,1201,1
14950,43,3670,2
14951,3,417,1
14952,16,5390,1
14953,11,4855,1
14954,14,5835,1
14955,52,2954,3
14956,26,2915,2
14957,22,7383,1
14958,15,3711,1
14959,25,5307,1
14960,35,5837,1
14961,57,2131,2
14962,58,5710,3
14963,55,7929,1
14964,8,2751,1
14965,51,3804,3
14966,30,4179,1
14967,6,5495,1
14968,42,6985,2
14969,41,1476,1
14970,54,6949,1
14971,9,3309,1
14972,52,7939,1
14973,33,1612,1
14974,34,7914,1
14975,25,7575,1
14976,52,7059,3
14977,45,5100,1
14978,1,904,1
14979,12,4832,1
14980,29,4082,3
14981,26,7120,2
14982,41,1060,1
14983,17,7334,1
14984,55,5803,3
14985,52,6788,1
14986,20,4875,1
14987,38,4662,1
14988,33,5991,2
14989,33,2048,2
14990,17,2597,1
14991,34,1522,1
14992,12,693,1
14993,27,529,1
14994,26,7480,2
14995,18,2243,1
14996,36,3085,1
14997,45,1087,1
14998,23,5156,1
14999,52,6525,2
15000,23,2625,1
15001,57,4447,1
15002,1,31,1
15003,4,4936,1
15004,23,5191,1
15005,36,3513,1
15006,14,300,1
15007,38,909,1
15008,5,4984,1
15009,23,4033,1
15010,18,6089,1
15011,12,3055,1
15012,8,6032,1
15013,52,2850,1
15014,26,1377,2
15015,32,1129,1
15016,53,7439,3
15017,27,1385,3
15018,51,1987,1
15019,25,1696,1
15020,8,2678,1
15021,57,3962,2
15022,8,6646,1
15023,4,3748,1
15024,48,4102,1
15025,48,123,1
15026,20,7113,1
15027,17,4119,1
15028,17,2498,1
15029,20,6397,1
15030,52,5402,1
15031,22,3573,1
15032,55,5783,3
15033,2,7691,1
15034,17,7114,1
15035,4,7226,1
15036,47,5494,3
15037,14,2302,1
15038,5,7412,1
15039,23,2137,1
15040,37,4680,1
15041,6,6930,1
15042,14,1041,1
15043,27,3962,3
15044,27,4472,2
15045,41,2672,1
15046,10,6358,1
15047,41,3909,1
15048,6,3156,1
15049,40,5281,1
15050,26,986,1
15051,9,7666,1
15052,25,113,1
15053,55,4222,3
15054,45,1844,3
15055,32,3596,2
15056,43,5367,3
15057,22,4255,1
15058,45,5058,3
15059,60,711,1
15060,36,6360,1
15061,17,3121,1
15062,26,7756,3
15063,1,6415,1
15064,44,6798,1
15065,32,6642,2
15066,27,581,1
15067,56,7926,3
15068,4,5857,1
15069,48,6651,1
15070,6,5900,1
15071,43,3516,2
15072,11,1228,1
15073,2,6510,1
15074,28,464,3
15075,30,1401,1
15076,9,7238,1
15077,30,2564,1
15078,39,7556,1
15079,18,4421,1
15080,52,1132,2
15081,26,6088,1
15082,59,920,1
15083,14,4809,1
15084,13,593,1
15085,19,2185,1
15086,42,3719,3
15087,4,2888,1
15088,42,862,2
15089,5,6176,1
15090,20,2060,1
15091,46,2179,1
15092,6,7732,1
15093,18,1733,1
15094,52,1882,2
15095,48,58,1
15096,60,4854,1
15097,35,6092,1
15098,7,516,1
15099,54,2045,2
15100,29,7183,1
15101,53,2535,1
15102,23,4113,1
15103,45,7177,1
15104,38,4011,1
15105,55,1529,4
15106,39,110,1
15107,57,6047,2
15108,30,4824,1
15109,40,7178,1
15110,2,5149,1
15111,34,4542,1
15112,28,2347,1
15113,16,1787,1
15114,17,6486,1
15115,4,3177,1
15116,28,511,2
15117,25,4534,1
15118,53,6928,1
15119,21,1589,1
15120,1,1807,1
15121,25,379,1
15122,46,4848,2
15123,44,6654,3
15124,39,5307,1
15125,52,2233,4
15126,14,7260,1
15127,54,852,1
15128,37,3272,3
15129,15,1403,1
15130,36,7288,1
15131,6,3691,1
15132,43,5503,1
15133,7,2236,1
15134,31,1804,1
15135,19,3193,1
15136,48,1953,1
15137,12,1122,1
15138,58,6038,1
15139,16,2030,1
15140,42,2621,3
15141,4,389,1
15142,11,3651,1
15143,25,5345,1
15144,54,4940,1
15145,30,2543,1
15146,5,2157,1
15147,31,5080,1
15148,40,3387,1
15149,44,3167,2
15150,4,2937,1
15151,30,5183,1
15152,15,7246,1
15153,34,5569,1
15154,48,7152,1
15155,54,2374,1
15156,16,1201,1
15157,53,5732,1
15158,22,3467,1
15159,42,4218,1
15160,22,2293,1
15161,50,1959,3
15162,11,828,1
15163,26,5548,2
15164,19,7231,1
15165,48,4444,1
15166,32,3407,1
15167,6,5033,1
15168,56,6884,3
15169,54,6770,2
15170,37,4938,2
15171,54,7379,1
15172,30,6498,1
15173,33,2603,1
15174,54,1586,1
15175,38,6729,1
15176,34,1999,3
15177,25,146,1
15178,47,6918,3
15179,18,380,1
15180,12,5603,1
15181,15,4560,1
15182,21,1514,1
15183,38,1999,1
15184,18,3749,1
15185,3,5450,1
15186,1,4003,1
15187,19,3503,1
15188,34,7395,1
15189,40,6590,1
15190,8,4105,1
15191,11,7549,1
15192,23,701,1
15193,47,2774,4
15194,18,4600,1
15195,52,492,2
15196,21,3871,1
15197,25,702,1
15198,46,5128,4
15199,3,4145,1
15200,34,4306,4
15201,44,6262,1
15202,59,770,2
15203,42,5316,2
15204,57,1810,2
15205,32,6864,2
15206,14,2239,1
15207,42,2804,2
15208,46,4682,1
15209,21,5200,1
15210,4,7061,1
15211,11,771,1
15212,16,4332,1
15213,52,2885,2
15214,37,2529,1
15215,54,429,2
15216,26,3846,1
15217,49,7273,1
15218,4,3520,1
15219,53,1804,2
15220,37,706,2
15221,1,6095,1
15222,39,7506,1
15223,54,1595,1
15224,31,262,2
15225,21,5347,1
15226,33,6500,2
15227,42,5483,1
15228,10,6665,1
15229,48,1048,1
15230,15,7146,1
15231,44,1036,2
15232,7,1622,1
15233,57,3208,3
15234,14,3426,1
15235,52,7489,1
15236,11,2417,1
15237,9,2577,1
15238,38,5221,1
15239,43,2097,3
15240,37,7320,1
15241,50,5477,3
15242,39,5993,1
15243,33,102,2
15244,50,2205,1
15245,37,646,1
15246,5,598,1
15247,11,4954,1
15248,47,1854,3
15249,53,2056,3
15250,57,3645,3
15251,48,6366,1
15252,36,6800,1
15253,3,4085,1
15254,5,3093,1
15255,16,4884,1
15256,29,3328,1
15257,43,1018,3
15258,36,2266,1
15259,42,464,3
15260,50,6404,1
15261,27,3754,1
15262,14,6308,1
15263,60,2870,1
15264,20,4690,1
15265,54,6136,1
15266,5,3504,1
15267,2,2777,1
15268,50,1727,2
15269,59,6940,3
15270,19,1277,1
15271,4,3245,1
15272,1,4047,1
15273,5,5335,1
15274,11,7505,1
15275,5,1435,1
15276,27,5158,3
15277,11,7409,1
15278,19,5404,1
15279,20,7295,1
15280,44,7603,3
15281,36,1222,1
15282,19,1377,1
15283,55,6430,2
15284,42,4765,1
15285,24,1597,1
15286,9,5253,1
15287,46,2865,1
15288,10,272,1
15289,59,6387,1
15290,47,3358,2
15291,20,5946,1
15292,55,7038,1
15293,27,5211,1
15294,59,6635,2
15295,32,42,1
15296,30,77,1
15297,35,7884,1
15298,24,1429,1
15299,24,2632,1
15300,22,7935,1
15301,7,3554,1
15302,40,3394,1
15303,5,6911,1
15304,48,1367,1
15305,6,3306,1
15306,40,4938,1
15307,60,4608,1
15308,21,2621,1
15309,18,2047,1
15310,35,5644,1
15311,58,2095,1
15312,47,53,2
15313,13,3371,1
15314,3,5218,1
15315,41,2303,1
15316,59,2275,2
15317,32,5237,4
15318,47,6887,4
15319,9,4660,1
15320,52,365,1
15321,39,6056,1
15322,27,940,2
15323,34,7369,2
15324,31,271,2
15325,18,4907,1
15326,23,2873,1
15327,42,7311,3
15328,53,1464,2
15329,24,7665,1
15330,15,5657,1
15331,55,1565,2
15332,10,2847,1
15333,4,1437,1
15334,55,644,2
15335,57,1702,1
15336,47,2357,1
15337,15,5246,1
15338,44,5624,2
15339,53,7343,2
15340,14,788,1
15341,11,2786,1
15342,4,6166,1
15343,11,4726,1
15344,9,2420,1
15345,48,3271,1
15346,20,5956,1
15347,10,7738,1
15348,7,7859,1
15349,46,2749,3
15350,44,1319,3
15351,39,3938,1
15352,60,2199,1
15353,22,6431,1
15354,39,3642,1
15355,36,284,1
15356,19,697,1
15357,58,6937,1
15358,9,4931,1
15359,46,1457,1
15360,41,7243,1
15361,10,747,1
15362,15,3737,1
15363,11,4963,1
15364,48,567,1
15365,23,87,1
15366,48,833,1
15367,48,6601,1
15368,40,744,1
15369,21,1841,1
15370,13,3302,1
15371,48,7604,1
15372,38,1539,1
15373,23,626,1
15374,14,5150,1
15375,45,7166,3
15376,40,2907,1
15377,52,2572,3
15378,12,5873,1
15379,42,5548,2
15380,59,2721,1
15381,5,1686,1
15382,6,5744,1
15383,3,1127,1
15384,11,2218,1
15385,12,6998,1
15386,40,6779,1
15387,3,6792,1
15388,23,1126,1
15389,11,6760,1
15390,21,2064,1
15391,31,5738,3
15392,52,6058,1
15393,35,7515,1
15394,7,1951,1
15395,49,2849,1
15396,59,5051,1
15397,16,3916,1
15398,18,2990,1
15399,33,7255,3
15400,41,3439,1
15401,20,2987,1
15402,36,1080,1
15403,41,1501,1
15404,18,6212,1
15405,41,7872,1
15406,41,1384,1
15407,28,5062,1
15408,9,5092,1
15409,46,1768,1
15410,60,711,1
15411,41,971,1
15412,37,1146,1
15413,59,32,1
15414,49,7545,1
15415,26,2378,2
15416,14,1696,1
15417,6,6325,1
15418,50,6674,2
15419,1,6056,1
15420,45,4945,1
15421,56,1494,3
15422,8,4664,1
15423,60,5427,1
15424,55,5615,2
15425,29,2056,2
15426,33,2313,3
15427,9,5896,1
15428,45,1735,3
15429,31,5810,3
15430,53,2504,2
15431,3,6739,1
15432,58,3823,3
15433,11,5134,1
15434,30,7406,1
15435,44,6857,3
15436,11,153,1
15437,23,2764,1
15438,22,3934,1
15439,60,4638,1
15440,36,513,1
15441,58,3193,2
15442,27,3454,2
15443,19,5754,1
15444,12,3062,1
15445,47,3920,1
15446,48,1712,1
15447,25,3888,1
15448,18,2084,1
15449,40,2008,1
15450,43,477,3
15451,30,2194,1
15452,28,3128,3
15453,14,2894,1
15454,2,5681,1
15455,4,2904,1
15456,41,7921,1
15457,10,5419,1
15458,26,5026,2
15459,34,4493,1
15460,2,1690,1
15461,21,3466,1
15462,52,3288,1
15463,55,5121,1
15464,54,6817,1
15465,1,7453,1
15466,46,3278,1
15467,48,6723,1
15468,45,5790,3
15469,47,2600,2
15470,9,2798,1
15471,31,890,1
15472,41,6361,1
15473,52,547,1
15474,28,5907,1
15475,24,7376,1
15476,8,1951,1
15477,35,6850,1
15478,4,1803,1
15479,39,5471,1
15480,60,3674,1
15481,25,594,1
15482,26,1020,1
15483,34,1705,2
15484,37,5156,3
15485,42,3036,1
15486,24,1659,1
15487,18,7729,1
15488,14,1009,1
15489,50,1865,3
15490,23,4240,1
15491,46,2687,1
15492,10,3346,1
15493,60,5258,1
15494,40,7647,1
15495,54,4986,1
15496,22,6875,1
15497,32,2134,1
15498,33,7477,2
15499,14,848,1
15500,15,6751,1
15501,41,2188,1
15502,53,4985,3
15503,18,647,1
15504,37,215,1
15505,23,734,1
15506,20,3661,1
15507,12,997,1
15508,56,6847,3
15509,37,5181,1
15510,50,7905,4
15511,38,5393,1
15512,40,6115,1
15513,52,4006,1
15514,20,4176,1
15515,58,241,2
15516,34,5940,1
15517,10,4539,1
15518,52,313,2
15519,55,6698,4
15520,9,1754,1
15521,22,2171,1
15522,53,451,2
15523,41,4638,1
15524,46,4341,3
15525,34,5728,2
15526,24,7059,1
15527,50,6304,1
15528,36,3215,1
15529,39,3732,1
15530,33,5952,1
15531,60,7746,1
15532,37,1805,2
15533,21,6158,1
15534,33,997,1
15535,33,6084,1
15536,30,3072,1
15537,55,6910,2
15538,58,2089,3
15539,16,4683,1
15540,27,7423,1
15541,58,1919,1
15542,33,2134,2
15543,19,4608,1
15544,53,3488,1
15545,58,7057,1
15546,39,6309,1
15547,55,2245,3
15548,47,4558,3
15549,27,2674,1
15550,57,6957,2
15551,9,7823,1
15552,8,1922,1
15553,59,883,3
15554,40,4887,1
15555,50,7604,2
15556,1,7941,1
15557,17,2892,1
15558,47,2653,3
15559,54,3408,1
15560,15,3289,1
15561,12,6178,1
15562,8,1520,1
15563,33,4864,3
15564,14,1137,1
15565,15,5226,1
15566,2,1946,1
15567,49,1697,1
15568,15,4863,1
15569,32,5074,1
15570,52,3242,1
15571,19,2343,1
15572,45,3918,4
15573,44,182,3
15574,34,4615,1
15575,42,4236,1
15576,11,4411,1
15577,18,4754,1
15578,41,7637,1
15579,47,3688,2
15580,4,715,1
15581,23,2164,1
15582,54,2584,1
15583,54,5235,1
15584,3,6017,1
15585,1,21,1
15586,38,1974,1
15587,50,7082,3
15588,26,1104,1
15589,31,5694,2
15590,22,2299,1
15591,44,1922,3
15592,30,2766,1
15593,59,5993,3
15594,25,1889,1
15595,48,6645,1
15596,57,4804,1
15597,25,7134,1
15598,57,890,4
15599,48,7720,1
15600,14,7644,1
15601,7,3385,1
15602,46,1689,1
15603,43,4995,2
15604,16,1660,1
15605,32,2040,1
15606,41,7810,1
15607,60,3810,1
15608,26,2808,2
15609,33,6157,3
15610,9,5127,1
15611,41,5264,1
15612,46,3095,2
15613,44,1761,2
15614,44,1779,3
15615,38,5733,1
15616,7,634,1
15617,48,1191,1
15618,43,3111,4
15619,58,1567,2
15620,54,4531,3
15621,58,7121,1
15622,36,2575,1
15623,19,7373,1
15624,26,4347,3
15625,47,3677,2
15626,32,687,1
15627,27,269,1
15628,11,2367,1
15629,35,1578,1
15630,21,3827,1
15631,53,1828,1
15632,16,2787,1
15633,29,2964,2
15634,5,7102,1
15635,4,4214,1
15636,36,5381,1
15637,56,1315,1
15638,57,3150,3
15639,14,7530,1
15640,2,5508,1
15641,47,4843,4
15642,31,2286,1
15643,17,3783,1
15644,20,654,1
15645,21,5368,1
15646,35,6165,1
15647,24,1178,1
15648,55,3039,1
15649,59,3413,3
15650,2,531,1
15651,55,469,2
15652,17,4189,1
15653,1,6924,1
15654,29,4021,2
15655,27,6646,2
15656,23,4604,1
15657,26,2047,1
15658,22,2653,1
15659,26,2449,2
15660,30,1774,1
15661,50,3211,1
15662,38,1841,1
15663,30,2444,1
15664,19,6213,1
15665,51,2786,1
15666,48,2630,1
15667,25,4434,1
15668,32,4772,2
15669,9,4227,1
15670,7,2894,1
15671,43,6223,1
15672,58,2155,1
15673,19,6995,1
15674,49,3370,1
15675,56,3108,2
15676,8,7784,1
15677,12,3311,1
15678,11,2746,1
15679,25,3250,1
15680,7,237,1
15681,36,5406,1
15682,30,6577,1
15683,13,1997,1
15684,2,1106,1
15685,56,2023,1
15686,27,2461,1
15687,50,2415,1
15688,9,7400,1
15689,53,1504,1
15690,13,4283,1
15691,37,6525,1
15692,2,778,1
15693,4,7345,1
15694,21,4681,1
15695,16,4806,1
15696,39,6927,1
15697,48,218,1
15698,38,6041,1
15699,27,91,4
15700,1,2011,1
15701,46,3342,1
15702,31,6551,2
15703,57,2089,3
15704,33,6215,1
15705,14,2144,1
15706,46,5461,3
15707,46,1804,2
15708,2,3167,1
15709,7,4596,1
15710,43,3390,1
15711,55,2203,1
15712,38,5184,1
15713,19,6549,1
15714,21,4017,1
15715,37,549,3
15716,25,6933,1
15717,7,1487,1
15718,51,7606,1
15719,24,3974,1
15720,17,1717,1
15721,51,2103,3
15722,39,370,1
15723,12,691,1
15724,33,7388,3
15725,55,5695,1
15726,50,3908,2
15727,6,4265,1
15728,29,7335,1
15729,35,1335,1
15730,49,3042,1
15731,36,6626,1
15732,42,1,3
15733,21,610,1
15734,42,5050,1
15735,55,1950,1
15736,13,1061,1
15737,29,3864,1
15738,56,6482,1
15739,31,4837,3
15740,21,6020,1
15741,42,5800,2
15742,32,6252,1
15743,41,1281,1
15744,54,1457,1
15745,44,4172,2
15746,38,1286,1
15747,24,2566,1
15748,3,1366,1
15749,20,624,1
15750,27,5311,2
15751,27,3776,1
15752,55,5494,1
15753,13,4547,1
15754,57,4301,2
15755,44,43,4
15756,51,3194,3
15757,15,7478,1
15758,1,2483,1
15759,10,473,1
15760,38,3358,1
15761,38,4519,1
15762,29,6446,1
15763,15,4922,1
15764,9,986,1
15765,42,5968,2
15766,32,5883,2
15767,44,5204,2
15768,29,7151,2
15769,44,6344,3
15770,49,4028,1
15771,1,5760,1
15772,58,6346,1
15773,26,4235,1
15774,43,6654,1
15775,33,1685,2
15776,5,2054,1
15777,19,6936,1
15778,43,5867,3
15779,27,7072,2
15780,9,7799,1
15781,33,6498,1
15782,35,27,1
15783,52,3162,2
15784,9,6655,1
15785,53,6654,1
15786,24,6195,1
15787,38,3139,1
15788,59,2119,1
15789,23,6384,1
15790,52,5249,3
15791,5,4437,1
15792,19,63,1
15793,53,6278,3
15794,17,6909,1
15795,17,4475,1
15796,21,5536,1
15797,26,206,1
15798,56,6558,3
15799,13,2075,1
15800,18,238,1
15801,32,5086,1
15802,32,5060,2
15803,34,2809,1
15804,5,5321,1
15805,3,4747,1
15806,33,5493,3
15807,20,5618,1
15808,51,1136,1
15809,22,5292,1
15810,59,745,2
15811,40,4950,1
15812,10,4986,1
15813,7,3351,1
15814,43,7421,2
15815,3,5119,1
15816,7,138,1
15817,48,5023,1
15818,41,5552,1
15819,47,775,3
15820,28,929,1
15821,16,6948,1
15822,48,7401,1
15823,26,2897,2
15824,34,3887,2
15825,4,262,1
15826,49,4064,1
15827,43,4505,1
15828,17,7851,1
15829,37,97,1
15830,48,170,1
15831,1,1891,1
15832,54,3480,3
15833,7,5480,1
15834,15,5744,1
15835,55,4457,1
15836,39,727,1
15837,30,4023,1
15838,23,4760,1
15839,17,218,1
15840,14,7331,1
15841,37,2319,2
15842,51,1387,2
15843,44,1151,1
15844,3,4642,1
15845,46,194,1
15846,55,2800,3
15847,46,7063,2
15848,31,4553,2
15849,35,2614,1
15850,29,2008,1
15851,33,2431,1
15852,52,731,3
15853,48,7388,1
15854,6,1675,1
15855,1,2619,1
15856,38,805,1
15857,1,7903,1
15858,17,5747,1
15859,43,6362,3
15860,53,6159,3
15861,43,2252,1
15862,6,5067,1
15863,46,7718,4
15864,52,304,2
15865,4,5671,1
15866,45,5340,2
15867,2,1249,1
15868,11,5110,1
15869,12,7838,1
15870,16,5038,1
15871,7,6099,1
15872,28,4544,2
15873,43,405,2
15874,35,2034,1
15875,27,4810,3
15876,1,5899,1
15877,27,4424,2
15878,59,921,1
15879,44,5170,2
15880,20,3036,1
15881,44,6259,1
15882,7,6018,1
15883,27,822,3
15884,2,5496,1
15885,26,2556,3
15886,37,4048,2
15887,54,3849,3
15888,32,1359,1
15889,43,3733,3
15890,37,3606,2
15891,23,1556,1
15892,17,390,1
15893,6,5142,1
15894,38,2419,1
15895,21,6504,1
15896,51,2237,1
15897,27,1513,1
15898,40,3924,1
15899,56,3119,1
15900,38,5951,1
15901,17,4838,1
15902,18,2303,1
15903,8,5355,1
15904,15,2951,1
15905,26,5100,1
15906,40,1076,1
15907,10,5169,1
15908,11,7545,1
15909,16,4491,1
15910,27,5082,1
15911,33,7761,2
15912,45,3858,1
15913,7,2710,1
15914,14,6517,1
15915,16,1177,1
15916,59,7135,3
15917,48,3227,1
15918,28,5810,3
15919,20,309,1
15920,50,4888,1
15921,18,170,1
15922,5,1269,1
15923,19,1843,1
15924,57,1074,1
15925,52,5416,3
15926,17,1180,1
15927,22,3248,1
15928,10,7535,1
15929,17,633,1
15930,60,5304,1
15931,6,781,1
15932,33,2684,1
15933,49,6306,1
15934,14,3423,1
15935,54,4560,4
15936,21,133,1
15937,56,1804,1
15938,58,7860,1
15939,2,3826,1
15940,44,2410,1
15941,48,5378,1
15942,40,4667,1
15943,47,5530,3
15944,10,3818,1
15945,12,3690,1
15946,39,4455,1
15947,22,7437,1
15948,22,4476,1
15949,8,4684,1
15950,26,3111,2
15951,15,4224,1
15952,17,3562,1
15953,44,152,3
15954,26,4846,2
15955,18,7324,1
15956,8,1440,1
15957,36,2558,1
15958,6,7556,1
15959,48,3986,1
15960,44,5128,3
15961,50,7925,1
15962,35,7739,1
15963,49,6316,1
15964,56,1750,2
15965,1,2618,1
15966,32,5104,3
15967,1,1145,1
15968,42,1769,3
15969,52,5699,1
15970,12,7007,1
15971,26,6334,1
15972,56,2271,3
15973,36,1489,1
15974,17,377,1
15975,21,2908,1
15976,55,4297,1
15977,17,4093,1
15978,10,3364,1
15979,41,5419,1
15980,5,7782,1
15981,44,4693,1
15982,3,3786,1
15983,22,1710,1
15984,44,5382,3
15985,8,3640,1
15986,4,480,1
15987,31,6754,1
15988,14,6417,1
15989,6,2357,1
15990,23,4923,1
15991,55,1574,2
15992,44,3211,1
15993,4,7753,1
15994,50,5052,2
15995,42,1240,1
15996,16,4757,1
15997,10,1224,1
15998,20,2157,1
15999,7,7719,1
16000,47,2074,3
16001,1,4672,1
16002,4,5741,1
16003,4,6769,1
16004,24,5913,1
16005,12,4361,1
16006,43,2031,2
16007,44,6058,2
16008,28,7197,2
16009,58,2445,3
16010,44,3972,1
16011,34,7607,2
16012,39,39,1
16013,7,6172,1
16014,56,6199,3
16015,21,1984,1
16016,17,6657,1
16017,6,502,1
16018,24,4762,1
16019,58,7938,1
16020,11,6717,1
16021,48,5005,1
16022,57,4552,1
16023,32,3272,1
16024,14,3987,1
16025,60,3181,1
16026,29,3009,2
16027,36,1903,1
16028,3,4799,1
16029,6,7566,1
16030,10,1437,1
16031,56,110,1
16032,26,5238,3
16033,32,7833,3
16034,18,5301,1
16035,51,4702,2
16036,24,5443,1
16037,56,4790,2
16038,38,6369,1
16039,8,6416,1
16040,39,1323,1
16041,18,4371,1
16042,9,5271,1
16043,11,7003,1
16044,44,4697,1
16045,56,7876,1
16046,30,4625,1
16047,33,680,1
16048,15,7735,1
16049,15,2913,1
16050,40,5141,1
16051,6,5260,1
16052,38,1745,1
16053,42,3046,3
16054,7,1096,1
16055,52,581,2
16056,35,5700,1
16057,39,6372,1
16058,42,4814,3
16059,55,730,2
16060,11,3891,1
16061,37,5392,2
16062,13,5978,1
16063,26,1120,1
16064,32,834,2
16065,44,5133,1
16066,49,2263,1
16067,51,794,1
16068,29,7739,3
16069,18,4298,1
16070,2,5307,1
16071,48,243,1
16072,48,3109,1
16073,16,724,1
16074,58,758,1
16075,13,6255,1
16076,42,3177,2
16077,4,4703,1
16078,37,5403,2
16079,35,1136,1
16080,31,1570,2
16081,23,3834,1
16082,50,1699,1
16083,60,2604,1
16084,45,7477,1
16085,51,1474,1
16086,20,7892,1
16087,59,1740,3
16088,19,2866,1
16089,37,2489,1
16090,22,3406,1
16091,30,3145,1
16092,33,1910,1
16093,8,4781,1
16094,60,1429,1
16095,26,7265,1
16096,55,3331,2
16097,33,3195,1
16098,26,4721,1
16099,40,3762,1
16100,22,2187,1
16101,58,7413,2
16102,24,5750,1
16103,50,245,3
16104,49,3954,1
16105,55,2831,2
16106,50,6901,3
16107,6,5741,1
16108,15,7432,1
16109,5,5288,1
16110,56,5084,1
16111,3,5076,1
16112,45,1754,1
16113,57,5955,2
16114,50,5258,1
16115,27,1338,1
16116,54,6777,2
16117,13,7249,1
16118,43,4030,4
16119,29,7062,2
16120,36,635,1
16121,34,1962,1
16122,5,3828,1
16123,12,119,1
16124,15,2102,1
16125,40,5986,1
16126,3,6486,1
16127,59,7042,1
16128,12,5797,1
16129,60,2715,1
16130,31,3646,2
16131,34,4162,1
16132,4,6415,1
16133,13,3870,1
16134,6,5376,1
16135,31,1674,2
16136,4,4534,1
16137,44,337,1
16138,24,1762,1
16139,36,7152,1
16140,17,2630,1
16141,53,3735,1
16142,54,6654,1
16143,8,4039,1
16144,29,1975,1
16145,6,883,1
16146,60,351,1
16147,26,996,1
16148,54,2022,3
16149,8,2035,1
16150,11,7787,1
16151,9,3598,1
16152,57,6507,4
16153,36,632,1
16154,34,5931,3
16155,47,1666,1
16156,23,7526,1
16157,57,5505,3
16158,7,3007,1
16159,32,206,1
16160,29,6233,3
16161,18,1359,1
16162,27,4345,2
16163,3,1793,1
16164,1,4539,1
16165,25,43,1
16166,51,913,3
16167,13,3398,1
16168,39,3434,1
16169,57,532,1
16170,15,6951,1
16171,49,1351,1
16172,10,3272,1
16173,9,7265,1
16174,19,5375,1
16175,36,5281,1
16176,4,6740,1
16177,40,5991,1
16178,16,4958,1
16179,44,2878,1
16180,52,847,1
16181,24,1462,1
16182,6,7445,1
16183,50,3731,1
16184,39,217,1
16185,28,3773,3
16186,20,2225,1
16187,43,5088,1
16188,33,1810,1
16189,44,7905,1
16190,12,6257,1
16191,21,4272,1
16192,15,3971,1
16193,10,4900,1
16194,37,6341,3
16195,39,5973,1
16196,60,4425,1
16197,9,2551,1
16198,37,4369,1
16199,6,7832,1
16200,31,663,3
16201,22,6103,1
16202,56,4714,3
16203,54,7406,1
16204,46,2524,1
16205,32,5410,3
16206,21,6366,1
16207,23,6311,1
16208,54,3772,2
16209,19,5991,1
16210,45,7287,3
16211,54,141,1
16212,22,946,1
16213,19,3968,1
16214,27,6700,2
16215,4,6780,1
16216,9,1684,1
16217,56,7213,3
16218,60,6544,1
16219,7,1186,1
16220,13,5968,1
16221,24,4253,1
16222,44,88,1
16223,8,1524,1
16224,38,6144,1
16225,51,4301,1
16226,17,5042,1
16227,28,5956,4
16228,48,3838,1
16229,29,1599,3
16230,31,4444,1
16231,18,746,1
16232,29,3560,3
16233,12,6605,1
16234,10,7602,1
16235,18,2434,1
16236,52,4384,1
16237,50,5380,1
16238,24,658,1
16239,32,3182,1
16240,59,3769,3
16241,36,3736,1
16242,29,486,2
16243,18,5984,1
16244,43,7343,1
16245,39,2953,1
16246,27,2861,4
16247,28,6913,4
16248,46,1271,1
16249,20,2213,1
16250,47,6213,2
16251,50,1886,1
16252,33,3067,1
16253,40,2434,1
16254,27,1644,2
16255,10,7745,1
16256,5,7680,1
16257,22,3566,1
16258,17,6766,1
16259,22,1747,1
16260,5,6493,1
16261,29,188,1
16262,31,5509,2
16263,57,7385,1
16264,59,3369,1
16265,17,5590,1
16266,60,4031,1
16267,24,2033,1
16268,33,787,1
16269,34,4682,3
16270,11,3734,1
16271,43,2517,3
16272,58,7772,3
16273,48,2034,1
16274,40,6524,1
16275,22,3602,1
16276,41,438,1
16277,53,4804,1
16278,20,4430,1
16279,16,5327,1
16280,33,5478,2
16281,26,2401,2
16282,29,2031,1
16283,2,1266,1
16284,34,7033,2
16285,59,3354,3
16286,22,1601,1
16287,25,5300,1
16288,19,5422,1
16289,44,3549,1
16290,18,3155,1
16291,14,37,1
16292,59,743,1
16293,8,156,1
16294,57,2694,3
16295,48,6893,1
16296,2,1583,1
16297,12,3913,1
16298,22,5162,1
16299,46,5005,2
16300,53,7050,1
16301,51,2548,3
16302,52,183,1
16303,26,4019,1
16304,17,4788,1
16305,47,2956,3
16306,33,4253,2
16307,45,159,3
16308,42,2982,3
16309,8,151,1
16310,48,7411,1
16311,32,130,2
16312,38,1631,1
16313,45,1049,3
16314,45,6735,1
16315,56,6430,1
16316,55,776,2
16317,17,2416,1
16318,5,6827,1
16319,36,2219,1
16320,13,7594,1
16321,48,851,1
16322,29,674,3
16323,12,6625,1
16324,54,2883,1
16325,1,4892,1
16326,37,5456,2
16327,5,7769,1
16328,52,7223,3
16329,33,2025,3
16330,12,4818,1
16331,7,2917,1
16332,10,1837,1
16333,8,1628,1
16334,50,6460,2
16335,15,2194,1
16336,45,1108,2
16337,22,630,1
16338,29,6782,2
16339,45,4236,2
16340,24,2417,1
16341,34,4057,2
16342,35,3811,1
16343,55,494,2
16344,23,2168,1
16345,31,6302,1
16346,6,2364,1
16347,11,7251,1
16348,25,7711,1
16349,53,430,4
16350,37,2867,3
16351,57,7750,2
16352,28,5037,1
16353,6,5097,1
16354,11,118,1
16355,25,6183,1
16356,17,4472,1
16357,2,4178,1
16358,24,5554,1
16359,17,5659,1
16360,4,7928,1
16361,28,719,3
16362,6,340,1
16363,11,2422,1
16364,27,3552,4
16365,60,4390,1
16366,8,4961,1
16367,56,2415,1
16368,50,3736,2
16369,30,592,1
16370,23,7302,1
16371,5,4924,1
16372,20,7060,1
16373,51,5417,3
16374,34,845,3
16375,36,4817,1
16376,35,7025,1
16377,44,456,2
16378,53,468,1
16379,8,6400,1
16380,29,2053,2
16381,12,262,1
16382,38,6557,1
16383,46,7373,1
16384,48,4661,1
16385,24,713,1
16386,10,6815,1
16387,19,1522,1
16388,2,6088,1
16389,37,152,3
16390,18,4617,1
16391,5,6348,1
16392,50,7318,1
16393,38,5111,1
16394,9,6263,1
16395,56,6945,3
16396,17,2485,1
16397,1,6641,1
16398,48,2515,1
16399,25,2915,1
16400,1,6179,1
16401,14,6633,1
16402,49,6672,1
16403,2,3898,1
16404,22,5530,1
16405,16,1348,1
16406,10,33,1
16407,18,5338,1
16408,13,357,1
16409,58,4414,1
16410,10,6098,1
16411,44,5812,4
16412,42,2195,2
16413,60,2369,1
16414,12,6546,1
16415,30,6242,1
16416,58,7230,1
16417,25,1527,1
16418,45,6223,1
16419,37,3075,2
16420,44,4336,3
16421,19,5135,1
16422,24,4809,1
16423,55,7509,2
16424,18,958,1
16425,2,7694,1
16426,16,30,1
16427,41,633,1
16428,24,2488,1
16429,43,4282,2
16430,40,1777,1
16431,39,7938,1
16432,1,6472,1
16433,33,2143,1
16434,43,7383,2
16435,48,4924,1
16436,25,7728,1
16437,59,7173,1
16438,59,7423,1
16439,18,7652,1
16440,59,3777,2
16441,18,148,1
16442,6,7694,1
16443,5,3427,1
16444,21,3449,1
16445,29,77,2
16446,44,4065,4
16447,25,5252,1
16448,50,2444,1
16449,55,1089,3
16450,47,2321,3
16451,42,3433,1
16452,21,2712,1
16453,59,7773,1
16454,23,1695,1
16455,42,6649,1
16456,18,7384,1
16457,10,7527,1
16458,5,5397,1
16459,53,1104,1
16460,35,1330,1
16461,57,3449,2
16462,28,5583,3
16463,60,5800,1
16464,36,1692,1
16465,54,2185,1
16466,58,3110,1
16467,30,3237,1
16468,60,6850,1
16469,54,6146,1
16470,26,7458,1
16471,21,205,1
16472,18,2378,1
16473,8,2113,1
16474,33,5299,1
16475,3,324,1
16476,58,2152,1
16477,45,7080,2
16478,18,5100,1
16479,2,1001,1
16480,7,6171,1
16481,3,139,1
16482,48,1116,1
16483,9,7564,1
16484,60,7354,1
16485,44,7136,1
16486,6,518,1
16487,17,4874,1
16488,28,6357,1
16489,56,7547,2
16490,8,1448,1
16491,54,478,1
16492,35,60,1
16493,15,1397,1
16494,41,2086,1
16495,22,2987,1
16496,38,4513,1
16497,3,1885,1
16498,16,1286,1
16499,10,3799,1
16500,13,6396,1
16501,31,5749,2
16502,51,4215,1
16503,45,1775,1
16504,49,3695,1
16505,29,4942,2
16506,38,5627,1
16507,49,760,1
16508,56,5487,3
16509,5,7151,1
16510,5,7792,1
16511,38,6823,1
16512,56,2836,3
16513,49,3923,1
16514,3,5944,1
16515,17,1468,1
16516,43,3388,2
16517,10,1154,1
16518,31,5173,1
16519,50,772,1
16520,25,7790,1
16521,23,3873,1
16522,54,2419,1
16523,60,4756,1
16524,59,3207,1
16525,42,3541,4
16526,44,1726,4
16527,16,4662,1
16528,26,7540,3
16529,31,3069,3
16530,3,6977,1
16531,34,6926,4
16532,9,2256,1
16533,57,4373,2
16534,36,2711,1
16535,48,753,1
16536,48,6336,1
16537,15,3292,1
16538,52,3151,3
16539,24,406,1
16540,10,659,1
16541,43,7465,1
16542,9,5517,1
16543,40,3619,1
16544,21,1215,1
16545,13,7111,1
16546,1,5996,1
16547,19,1047,1
16548,10,5374,1
16549,39,4827,1
16550,37,7197,2
16551,44,5855,2
16552,59,6331,1
16553,16,3486,1
16554,10,1992,1
16555,27,2762,2
16556,3,575,1
16557,8,2350,1
16558,46,7205,1
16559,8,4061,1
16560,2,868,1
16561,38,120,1
16562,54,6935,3
16563,38,994,1
16564,34,7273,1
16565,12,6243,1
16566,45,216,3
16567,25,6846,1
16568,31,2503,2
16569,11,5218,1
16570,32,1466,4
16571,28,7597,2
16572,49,2288,1
16573,5,6619,1
16574,28,1629,2
16575,7,6836,1
16576,27,4305,2
16577,34,235,2
16578,13,5050,1
16579,37,2776,2
16580,60,6991,1
16581,41,4328,1
16582,8,4785,1
16583,25,6955,1
16584,57,7103,2
16585,35,5738,1
16586,34,7708,1
16587,7,5130,1
16588,56,2215,3
16589,23,7490,1
16590,6,2560,1
16591,48,4005,1
16592,54,3418,2
16593,21,6647,1
16594,12,4120,1
16595,58,1843,3
16596,45,5654,1
16597,41,5967,1
16598,6,6436,1
16599,39,1454,1
16600,28,4402,1
16601,13,4014,1
16602,25,7286,1
16603,19,3663,1
16604,16,1013,1
16605,6,4710,1
16606,35,3490,1
16607,29,7076,3
16608,49,7758,1
16609,40,6747,1
16610,23,6761,1
16611,14,7225,1
16612,58,6992,2
16613,37,1102,1
16614,27,6644,2
16615,18,2277,1
16616,16,7175,1
16617,5,6451,1
16618,8,4995,1
16619,17,7048,1
16620,37,7018,1
16621,31,7784,2
16622,14,7716,1
16623,19,6217,1
16624,40,2658,1
16625,29,5312,2
16626,60,2758,1
16627,16,3856,1
16628,15,6656,1
16629,21,231,1
16630,54,959,3
16631,41,4061,1
16632,11,566,1
16633,37,2926,3
16634,41,4185,1
16635,20,4381,1
16636,56,855,3
16637,43,5726,1
16638,8,470,1
16639,26,405,1
16640,57,7615,1
16641,11,2823,1
16642,28,5454,2
16643,11,6830,1
16644,17,2576,1
16645,16,6355,1
16646,40,5442,1
16647,58,167,2
16648,21,5616,1
16649,2,7458,1
16650,44,4222,1
16651,29,7065,1
16652,40,6710,1
16653,33,6561,3
16654,58,2999,2
16655,41,6979,1
16656,3,3381,1
16657,45,1855,3
16658,9,2001,1
16659,59,6628,2
16660,49,2151,1
16661,41,5341,1
16662,51,7224,3
16663,51,282,2
16664,13,4928,1
16665,17,7468,1
16666,49,471,1
16667,11,1464,1
16668,34,7140,2
16669,39,5626,1
16670,1,3671,1
16671,42,5418,1
16672,11,3605,1
16673,30,6004,1
16674,18,239,1
16675,20,7521,1
16676,54,2791,3
16677,12,4211,1
16678,44,2361,4
16679,36,3890,1
16680,9,3837,1
16681,17,1407,1
16682,44,2542,2
16683,19,2606,1
16684,56,275,2
16685,35,5395,1
16686,32,5756,2
16687,22,5670,1
16688,11,5083,1
16689,34,6818,3
16690,18,5817,1
16691,21,381,1
16692,31,946,3
16693,55,68,3
16694,43,7489,2
16695,45,6436,1
16696,5,7209,1
16697,20,3370,1
16698,26,2847,1
16699,43,6565,4
16700,42,1828,1
16701,32,3862,2
16702,28,2030,1
16703,8,6153,1
16704,10,6190,1
16705,15,7382,1
16706,49,6608,1
16707,44,823,4
16708,22,6283,1
16709,2,4458,1
16710,19,3830,1
16711,12,5212,1
16712,18,7307,1
16713,23,4322,1
16714,25,5566,1
16715,55,5994,2
16716,17,2995,1
16717,14,4786,1
16718,55,2768,2
16719,18,3179,1
16720,56,1520,2
16721,30,2795,1
16722,29,4132,3
16723,6,715,1
16724,12,1591,1
16725,14,5881,1
16726,26,4482,2
16727,12,6786,1
16728,3,6844,1
16729,60,416,1
16730,46,7232,3
16731,60,938,1
16732,46,7261,3
16733,30,3873,1
16734,6,1072,1
16735,13,1580,1
16736,59,5521,1
16737,38,3566,1
16738,43,3559,3
16739,15,821,1
16740,37,1246,1
16741,46,1858,1
16742,38,4186,1
16743,38,5017,1
16744,40,2710,1
16745,43,634,1
16746,46,7004,3
16747,15,1668,1
16748,21,3911,1
16749,29,387,2
16750,41,4483,1
16751,59,852,2
16752,2,3184,1
16753,54,6222,1
16754,1,6365,1
16755,1,6918,1
16756,58,7385,1
16757,53,1291,1
16758,33,2480,1
16759,59,1178,1
16760,30,7389,1
16761,18,5305,1
16762,4,6568,1
16763,32,2435,2
16764,28,1164,3
16765,22,2129,1
16766,46,4445,3
16767,22,4965,1
16768,46,1562,1
16769,25,1046,1
16770,6,1459,1
16771,18,2588,1
16772,45,5201,1
16773,55,3381,1
16774,56,5637,1
16775,15,6592,1
16776,24,1781,1
16777,51,4067,3
16778,43,2656,4
16779,22,1955,1
16780,25,3759,1
16781,20,6112,1
16782,10,393,1
16783,9,1886,1
16784,28,2244,2
16785,16,1847,1
16786,7,4040,1
16787,36,7370,1
16788,53,1956,1
16789,39,3525,1
16790,59,1488,2
16791,22,997,1
16792,49,838,1
16793,29,6374,1
16794,31,7029,2
16795,25,346,1
16796,9,1209,1
16797,25,260,1
16798,35,5546,1
16799,5,4290,1
16800,10,53,1
16801,52,577,1
16802,51,5186,2
16803,54,1275,3
16804,49,6004,1
16805,36,6884,1
16806,42,4459,2
16807,5,4915,1
16808,19,2575,1
16809,35,4865,1
16810,12,2821,1
16811,24,6642,1
16812,46,7291,1
16813,51,1489,1
16814,29,1013,1
16815,25,4618,1
16816,31,6965,2
16817,19,7119,1
16818,58,2476,1
16819,54,6152,2
16820,58,2097,3
16821,44,1310,1
16822,51,5685,2
16823,60,835,1
16824,39,3604,1
16825,46,2742,3
16826,34,3446,1
16827,46,2344,1
16828,33,1206,2
16829,58,5717,2
16830,59,3424,1
16831,10,3273,1
16832,2,779,1
16833,56,5407,1
16834,25,7591,1
16835,51,6225,1
16836,10,7903,1
16837,19,1086,1
16838,48,6129,1
16839,49,3121,1
16840,24,5500,1
16841,55,5961,3
16842,21,4136,1
16843,47,1632,4
16844,38,3605,1
16845,40,5045,1
16846,59,1608,2
16847,53,3235,3
16848,48,6215,1
16849,59,5275,2
16850,24,5581,1
16851,27,4956,1
16852,11,3862,1
16853,17,5847,1
16854,2,1914,1
16855,47,3679,1
16856,54,6087,3
16857,12,5667,1
16858,49,955,1
16859,54,4373,3
16860,22,1917,1
16861,15,3680,1
16862,56,4112,2
16863,7,1359,1
16864,7,3260,1
16865,54,2315,1
16866,19,1816,1
16867,18,7937,1
16868,29,4605,2
16869,59,2312,2
16870,20,38,1
16871,13,5379,1
16872,21,7071,1
16873,28,2882,3
16874,45,680,4
16875,16,3266,1
16876,44,2972,1
16877,56,7293,3
16878,11,4160,1
16879,57,5750,1
16880,1,2861,1
16881,43,6587,1
16882,11,39,1
16883,60,4072,1
16884,48,2064,1
16885,47,7149,1
16886,3,1537,1
16887,24,1579,1
16888,29,2891,3
16889,50,2338,3
16890,12,4112,1
16891,44,2968,3
16892,51,2743,2
16893,2,2796,1
16894,3,6206,1
16895,16,4420,1
16896,17,6994,1
16897,27,691,2
16898,38,198,1
16899,24,6763,1
16900,60,4501,1
16901,45,5313,2
16902,11,697,1
16903,6,6860,1
16904,6,4876,1
16905,24,7701,1
16906,21,4910,1
16907,47,5241,3
16908,23,4537,1
16909,47,2975,1
16910,44,5318,1
16911,1,1072,1
16912,41,1236,1
16913,14,7827,1
16914,37,4088,1
16915,13,3979,1
16916,60,5499,1
16917,47,2135,1
16918,3,5644,1
16919,3,4810,1
16920,54,2233,3
16921,46,4451,1
16922,3,6737,1
16923,11,4765,1
16924,3,5487,1
16925,4,6106,1
16926,37,796,2
16927,36,7483,1
16928,36,4868,1
16929,30,5786,1
16930,33,5759,2
16931,58,3315,1
16932,46,4852,2
16933,26,1512,3
16934,32,860,1
16935,22,1544,1
16936,29,858,1
16937,49,761,1
16938,40,71,1
16939,56,447,3
16940,3,1058,1
16941,52,6184,2
16942,19,6286,1
16943,19,6389,1
16944,52,1109,1
16945,21,1776,1
16946,29,5813,2
16947,35,6554,1
16948,29,2585,2
16949,18,4186,1
16950,28,6446,1
16951,22,6979,1
16952,37,6166,3
16953,24,4174,1
16954,40,2551,1
16955,15,4003,1
16956,44,1931,1
16957,15,1112,1
16958,44,5391,3
16959,55,2462,3
16960,50,7891,2
16961,51,6213,1
16962,25,3803,1
16963,9,1841,1
16964,45,5061,4
16965,48,7487,1
16966,42,4602,2
16967,45,5194,1
16968,12,5280,1
16969,26,1313,1
16970,4,6127,1
16971,37,4947,1
16972,46,3056,1
16973,53,2232,4
16974,29,1257,1
16975,53,2760,2
16976,57,1268,1
16977,59,7085,4
16978,57,5883,3
16979,19,3115,1
16980,5,3225,1
16981,39,2846,1
16982,5,7619,1
16983,51,3209,1
16984,9,7185,1
16985,7,2954,1
16986,41,3395,1
16987,38,7682,1
16988,26,5025,1
16989,32,4766,1
16990,59,2858,3
16991,59,692,1
16992,3,6583,1
16993,2,4588,1
16994,38,4033,1
16995,30,3567,1
16996,2,3656,1
16997,29,7705,3
16998,16,4288,1
16999,16,2950,1
17000,19,6941,1
17001,21,5488,1
17002,33,1623,3
17003,26,2287,3
17004,47,7492,2
17005,46,6607,3
17006,45,5762,2
17007,2,2600,1
17008,49,7464,1
17009,37,6261,2
17010,10,4942,1
17011,23,4123,1
17012,38,3924,1
17013,8,5611,1
17014,20,4052,1
17015,30,411,1
17016,57,4239,2
17017,38,5428,1
17018,57,7106,1
17019,47,6810,1
17020,59,6111,2
17021,12,2978,1
17022,33,2267,2
17023,1,6517,1
17024,50,4554,1
17025,50,7437,1
17026,37,3241,4
17027,52,4003,1
17028,38,3133,1
17029,18,5333,1
17030,39,6694,1
17031,52,2769,3
17032,2,7394,1
17033,31,2471,2
17034,12,4014,1
17035,37,2136,3
17036,49,4919,1
17037,1,4906,1
17038,27,3420,1
17039,13,1874,1
17040,9,2742,1
17041,12,2550,1
17042,46,4465,3
17043,12,2962,1
17044,18,5256,1
17045,27,1714,1
17046,54,7841,1
17047,8,546,1
17048,60,4372,1
17049,54,5022,3
17050,60,7563,1
17051,34,801,2
17052,59,6100,1
17053,38,1118,1
17054,37,1416,1
17055,30,6498,1
17056,12,4473,1
17057,11,6364,1
17058,3,3020,1
17059,31,3289,3
17060,38,3088,1
17061,55,539,1
17062,23,7227,1
17063,2,5350,1
17064,5,939,1
17065,49,1589,1
17066,29,4757,1
17067,21,6555,1
17068,59,4392,1
17069,42,1402,1
17070,38,5166,1
17071,33,2908,3
17072,21,3669,1
17073,3,3656,1
17074,10,3656,1
17075,16,2008,1
17076,38,6214,1
17077,15,6757,1
17078,19,6103,1
17079,7,4598,1
17080,28,717,2
17081,44,671,2
17082,46,1306,1
17083,20,3611,1
17084,14,5145,1
17085,30,4198,1
17086,36,5886,1
17087,1,2991,1
17088,38,1622,1
17089,51,767,2
17090,55,3271,2
17091,20,6794,1
17092,6,3087,1
17093,11,7629,1
17094,10,1596,1
17095,4,7679,1
17096,34,5217,3
17097,1,5772,1
17098,24,5798,1
17099,55,4358,2
17100,22,3631,1
17101,27,655,1
17102,20,3488,1
17103,29,5802,1
17104,9,2005,1
17105,17,6317,1
17106,46,5349,1
17107,57,5,3
17108,25,1969,1
17109,15,7198,1
17110,5,6156,1
17111,57,3039,2
17112,39,2994,1
17113,44,7339,2
17114,29,955,1
17115,10,5617,1
17116,12,6716,1
17117,10,6188,1
17118,2,3832,1
17119,7,1675,1
17120,23,1853,1
17121,49,1427,1
17122,40,2527,1
17123,2,5036,1
17124,7,6799,1
17125,27,3505,3
17126,38,4925,1
17127,12,4240,1
17128,9,5955,1
17129,13,3098,1
17130,21,6333,1
17131,8,3346,1
17132,7,328,1
17133,36,4510,1
17134,27,925,2
17135,40,2569,1
17136,34,3922,1
17137,10,5686,1
17138,6,3084,1
17139,48,7394,1
17140,56,1025,1
17141,20,62,1
17142,57,4695,1
17143,4,7055,1
17144,26,51,2
17145,14,2018,1
17146,15,5837,1
17147,54,5523,1
17148,8,4754,1
17149,41,2278,1
17150,1,5213,1
17151,26,1935,1
17152,46,2773,4
17153,42,2626,2
17154,22,548,1
17155,33,4151,1
17156,31,4825,4
17157,57,4741,1
17158,52,2490,3
17159,54,5750,1
17160,53,6727,1
17161,14,6325,1
17162,43,3267,3
17163,53,3764,1
17164,52,5922,2
17165,39,6136,1
17166,11,826,1
17167,34,2282,3
17168,52,926,1
17169,27,6603,3
17170,12,120,1
17171,40,1070,1
17172,36,3313,1
17173,29,549,2
17174,27,66,3
17175,19,3193,1
17176,55,1867,2
17177,24,1969,1
17178,35,5259,1
17179,39,170,1
17180,50,6192,1
17181,11,4561,1
17182,32,6399,1
17183,45,3246,1
17184,3,5442,1
17185,16,4221,1
17186,16,7803,1
17187,21,3624,1
17188,5,5494,1
17189,28,7130,1
17190,43,5726,3
17191,11,7080,1
17192,59,2555,2
17193,34,7006,2
17194,30,159,1
17195,31,278,1
17196,15,7602,1
17197,1,4467,1
17198,33,1801,1
17199,37,6076,3
17200,57,456,1
17201,21,6157,1
17202,10,5824,1
17203,55,2632,3
17204,45,2166,2
17205,7,5009,1
17206,38,7084,1
17207,33,1319,3
17208,24,5159,1
17209,13,6285,1
17210,36,3400,1
17211,12,1200,1
17212,46,6604,1
17213,48,1014,1
17214,25,6207,1
17215,34,1172,3
17216,59,4259,3
17217,46,2726,1
17218,16,1703,1
17219,45,1458,4
17220,55,2484,1
17221,43,2296,3
17222,16,6186,1
17223,57,2517,1
17224,26,3202,1
17225,29,7436,2
17226,24,5428,1
17227,44,1090,3
17228,6,6819,1
17229,50,1760,3
17230,33,1076,1
17231,39,2376,1
17232,57,925,2
17233,9,192,1
17234,44,924,1
17235,46,6419,1
17236,53,6062,1
17237,52,6699,1
17238,3,3310,1
17239,26,3344,1
17240,50,3725,1
17241,33,3562,2
17242,58,4017,1
17243,59,2824,1
17244,17,4161,1
17245,43,7327,2
17246,26,7072,1
17247,12,1345,1
17248,21,7196,1
17249,18,5708,1
17250,30,1363,1
17251,6,6097,1
17252,47,3175,1
17253,38,5147,1
17254,49,1283,1
17255,20,3697,1
17256,19,1704,1
17257,51,5734,2
17258,54,6971,1
17259,11,5876,1
17260,39,5580,1
17261,51,5535,3
17262,49,627,1
17263,29,7470,1
17264,36,3285,1
17265,54,4611,2
17266,5,508,1
17267,3,1851,1
17268,13,4853,1
17269,18,1484,1
17270,51,3260,4
17271,24,7526,1
17272,47,766,2
17273,18,3212,1
17274,6,173,1
17275,47,403,3
17276,15,7920,1
17277,43,7191,1
17278,46,4304,2
17279,32,2504,2
17280,26,6882,3
17281,45,502,3
17282,26,6938,3
17283,8,7075,1
17284,39,5652,1
17285,10,2050,1
17286,46,424,1
17287,58,5335,3
17288,32,5945,1
17289,31,3715,2
17290,49,2231,1
17291,29,15,1
17292,42,5439,1
17293,9,6873,1
17294,32,813,1
17295,5,181,1
17296,59,5318,2
17297,45,6799,1
17298,3,3473,1
17299,42,1404,3
17300,47,3923,3
17301,52,1856,3
17302,21,4712,1
17303,32,5654,1
17304,60,2002,1
17305,29,407,3
17306,44,3678,1
17307,32,7364,1
17308,25,3107,1
17309,8,2621,1
17310,34,2721,1
17311,39,468,1
17312,58,3257,1
17313,39,7101,1
17314,17,5598,1
17315,51,4391,3
17316,25,3694,1
17317,38,6457,1
17318,39,1617,1
17319,30,1053,1
17320,49,5490,1
17321,22,6251,1
17322,50,709,3
17323,18,989,1
17324,52,986,2
17325,35,160,1
17326,37,4435,2
17327,45,4722,1
17328,16,572,1
17329,50,3725,3
17330,29,7214,2
17331,20,488,1
17332,40,3274,1
17333,48,7012,1
17334,30,6476,1
17335,29,7129,1
17336,46,6366,3
17337,24,4738,1
17338,9,6929,1
17339,10,2032,1
17340,54,3796,3
17341,2,3212,1
17342,49,2330,1
17343,30,7178,1
17344,60,2452,1
17345,35,1340,1
17346,6,5360,1
17347,8,552,1
17348,46,1537,3
17349,22,790,1
17350,16,2935,1
17351,52,6147,2
17352,40,3659,1
17353,12,2240,1
17354,58,4695,2
17355,9,4983,1
17356,31,2033,2
17357,33,4843,1
17358,49,3525,1
17359,53,3832,1
17360,9,355,1
17361,7,849,1
17362,23,6297,1
17363,31,5225,1
17364,57,5777,1
17365,50,7169,1
17366,8,84,1
17367,55,1027,1
17368,48,1863,1
17369,31,2624,1
17370,35,677,1
17371,34,5813,1
17372,43,3213,1
17373,7,803,1
17374,52,5971,3
17375,2,4901,1
17376,5,847,1
17377,43,2824,2
17378,5,3139,1
17379,45,1820,2
17380,37,4056,3
17381,28,6925,2
17382,29,1970,3
17383,10,777,1
17384,15,6406,1
17385,41,3931,1
17386,49,1504,1
17387,55,1345,3
17388,44,5472,2
17389,3,3649,1
17390,11,3313,1
17391,15,3024,1
17392,52,5125,3
17393,29,2990,1
17394,9,5885,1
17395,30,1845,1
17396,37,5148,3
17397,42,7315,2
17398,60,368,1
17399,34,6410,1
17400,35,3616,1
17401,52,909,1
17402,26,3402,1
17403,58,1377,1
17404,45,4896,2
17405,11,5253,1
17406,28,6330,2
17407,23,2708,1
17408,55,5270,1
17409,9,7566,1
17410,39,3820,1
17411,28,1800,2
17412,23,5196,1
17413,13,4707,1
17414,28,842,4
17415,36,2135,1
17416,25,5850,1
17417,42,2387,1
17418,7,4527,1
17419,7,7386,1
17420,2,7349,1
17421,3,3920,1
17422,28,4629,1
17423,12,2919,1
17424,56,2500,2
17425,12,3420,1
17426,20,3206,1
17427,49,4481,1
17428,57,4369,2
17429,49,2803,1
17430,21,5781,1
17431,49,5533,1
17432,55,1042,2
17433,14,5225,1
17434,25,1353,1
17435,36,6285,1
17436,57,4185,4
17437,29,7346,2
17438,37,4067,2
17439,16,7645,1
17440,5,1720,1
17441,60,6298,1
17442,32,6790,2
17443,59,7776,3
17444,52,1877,1
17445,43,1833,2
17446,6,3165,1
17447,10,1123,1
17448,31,4747,2
17449,34,7926,3
17450,2,897,1
17451,26,5363,1
17452,37,4173,3
17453,37,807,1
17454,36,6693,1
17455,22,7853,1
17456,47,7511,1
17457,39,4882,1
17458,41,5465,1
17459,26,6337,3
17460,27,3306,3
17461,58,2881,3
17462,9,2598,1
17463,53,1241,2
17464,14,196,1
17465,7,1275,1
17466,57,7616,3
17467,34,6376,2
17468,8,3669,1
17469,15,4199,1
17470,56,4328,1
17471,48,6039,1
17472,55,876,3
17473,13,4836,1
17474,2,613,1
17475,1,5412,1
17476,27,7907,2
17477,15,7118,1
17478,41,6019,1
17479,4,1288,1
17480,56,7713,1
17481,40,2173,1
17482,22,5846,1
17483,19,6254,1
17484,50,6301,1
17485,28,6750,1
17486,25,5557,1
17487,25,5169,1
17488,60,1802,1
17489,13,5571,1
17490,60,1710,1
17491,10,4351,1
17492,15,6633,1
17493,38,5032,1
17494,25,3198,1
17495,11,5500,1
17496,47,7307,3
17497,49,3720,1
17498,1,236,1
17499,42,653,3
17500,47,7193,3
17501,13,7025,1
17502,34,6301,3
17503,20,3498,1
17504,32,4689,1
17505,60,2320,1
17506,49,3347,1
17507,37,7028,1
17508,43,4140,1
17509,46,5933,3
17510,9,7607,1
17511,38,2023,1
17512,47,6708,3
17513,26,5044,2
17514,29,4551,3
17515,29,5369,2
17516,57,616,1
17517,37,3037,3
17518,23,4061,1
17519,47,2326,3
17520,60,3493,1
17521,48,2934,1
17522,49,1724,1
17523,13,6140,1
17524,13,5508,1
17525,37,2253,3
17526,40,7151,1
17527,13,2465,1
17528,47,1493,3
17529,60,7200,1
17530,2,7119,1
17531,52,384,1
17532,4,7025,1
17533,58,4754,3
17534,36,5025,1
17535,30,6269,1
17536,59,7762,3
17537,17,6105,1
17538,28,1028,2
17539,48,6835,1
17540,2,1243,1
17541,35,7343,1
17542,57,5029,3
17543,47,4337,1
17544,37,5992,1
17545,13,6202,1
17546,4,4732,1
17547,9,1116,1
17548,23,1971,1
17549,42,100,1
17550,18,909,1
17551,49,439,1
17552,54,3418,2
17553,26,2147,1
17554,52,5201,4
17555,8,2499,1
17556,49,7864,1
17557,26,6368,3
17558,54,1410,1
17559,1,4549,1
17560,59,722,2
17561,54,1077,2
17562,21,4861,1
17563,11,815,1
17564,52,2192,1
17565,27,7637,1
17566,12,4174,1
17567,34,7873,2
17568,9,3440,1
17569,27,5248,1
17570,3,7825,1
17571,13,1579,1
17572,15,6230,1
17573,58,5826,1
17574,14,2880,1
17575,60,3170,1
17576,49,5303,1
17577,32,1382,2
17578,36,7709,1
17579,26,7141,2
17580,52,4530,2
17581,27,7422,2
17582,36,3892,1
17583,41,6621,1
17584,32,7294,1
17585,44,1125,3
17586,12,4184,1
17587,50,2637,1
17588,58,290,2
17589,52,4949,3
17590,36,3771,1
17591,7,4001,1
17592,54,4792,1
17593,11,4352,1
17594,45,272,4
17595,1,4934,1
17596,46,7452,1
17597,9,5633,1
17598,45,2234,1
17599,17,2106,1
17600,14,5714,1
17601,35,3723,1
17602,27,4056,1
17603,54,79,4
17604,33,4416,2
17605,47,1499,1
17606,41,3541,1
17607,8,2300,1
17608,16,2812,1
17609,36,849,1
17610,23,920,1
17611,15,3209,1
17612,26,5897,1
17613,51,2276,1
17614,40,525,1
17615,43,5964,2
17616,2,4836,1
17617,49,327,1
17618,9,3002,1
17619,11,3620,1
17620,6,5384,1
17621,20,3556,1
17622,52,5641,2
17623,19,7332,1
17624,14,5179,1
17625,54,2642,2
17626,59,956,3
17627,34,1784,1
17628,37,5745,1
17629,44,4742,2
17630,38,4529,1
17631,11,6193,1
17632,8,6357,1
17633,37,3268,2
17634,28,2150,3
17635,43,5268,4
17636,13,5005,1
17637,33,577,3
17638,57,5246,2
17639,49,3256,1
17640,31,4889,4
17641,21,5771,1
17642,47,1931,4
17643,28,1887,3
17644,40,4326,1
17645,13,742,1
17646,9,567,1
17647,39,5451,1
17648,57,110,1
17649,20,5226,1
17650,28,644,1
17651,49,4627,1
17652,11,1255,1
17653,7,1919,1
17654,35,6782,1
17655,60,2423,1
17656,53,7612,1
17657,57,6696,1
17658,29,2379,2
17659,18,4043,1
17660,31,7913,3
17661,25,6879,1
17662,33,6656,4
17663,59,5225,3
17664,26,1912,1
17665,31,4124,3
17666,54,5296,1
17667,7,4590,1
17668,32,2807,1
17669,48,7341,1
17670,47,26,1
17671,6,3293,1
17672,30,1112,1
17673,30,2004,1
17674,16,2078,1
17675,24,2356,1
17676,37,1101,2
17677,35,3996,1
17678,56,669,1
17679,20,1550,1
17680,51,855,2
17681,19,4897,1
17682,18,5204,1
17683,51,5046,3
17684,54,7035,3
17685,44,2609,3
17686,36,5584,1
17687,16,2498,1
17688,7,391,1
17689,53,905,1
17690,30,7807,1
17691,57,1844,1
17692,33,3402,2
17693,44,4438,3
17694,24,5205,1
17695,15,5816,1
17696,44,1649,3
17697,24,1467,1
17698,21,4160,1
17699,18,1072,1
17700,5,3517,1
17701,22,2135,1
17702,44,2902,3
17703,23,714,1
17704,44,6078,1
17705,13,6100,1
17706,22,6750,1
17707,6,2685,1
17708,42,2402,3
17709,42,1872,2
17710,6,3510,1
17711,40,2456,1
17712,55,1256,3
17713,26,2648,2
17714,28,6099,1
17715,43,6440,1
17716,54,3225,3
17717,31,6659,2
17718,3,4999,1
17719,55,1208,1
17720,41,3655,1
17721,35,7031,1
17722,48,7687,1
17723,37,5604,1
17724,22,7491,1
17725,17,5820,1
17726,29,3752,3
17727,40,7338,1
17728,14,528,1
17729,12,2396,1
17730,8,7121,1
17731,58,187,1
17732,10,4027,1
17733,14,7330,1
17734,22,5040,1
17735,56,2188,2
17736,42,2166,1
17737,38,466,1
17738,23,555,1
17739,56,3391,1
17740,27,50,1
17741,58,1991,1
17742,47,7211,3
17743,48,7333,1
17744,31,4129,1
17745,30,882,1
17746,60,6789,1
17747,43,5294,2
17748,36,3742,1
17749,41,1783,1
17750,25,2176,1
17751,15,251,1
17752,22,2332,1
17753,60,6857,1
17754,42,5077,3
17755,11,981,1
17756,40,1899,1
17757,35,6846,1
17758,25,350,1
17759,19,2116,1
17760,22,2652,1
17761,5,2877,1
17762,38,278,1
17763,13,5771,1
17764,40,4451,1
17765,45,4803,1
17766,40,2712,1
17767,19,779,1
17768,17,1360,1
17769,43,1086,3
17770,31,7211,1
17771,22,7037,1
17772,36,6823,1
17773,41,1257,1
17774,59,4615,2
17775,39,5326,1
17776,20,6094,1
17777,45,991,1
17778,17,3430,1
17779,34,1497,1
17780,50,6786,3
17781,41,5505,1
17782,8,6645,1
17783,56,5239,3
17784,1,7232,1
17785,56,3936,3
17786,18,2476,1
17787,59,5957,3
17788,54,4718,3
17789,42,4045,3
17790,32,4543,2
17791,29,1848,2
17792,8,1393,1
17793,5,6528,1
17794,48,5420,1
17795,2,7404,1
17796,21,6494,1
17797,46,1833,2
17798,57,2090,1
17799,53,4592,1
17800,35,4622,1
17801,51,2966,1
17802,16,4621,1
17803,40,6024,1
17804,55,5888,1
17805,52,7525,3
17806,49,6566,1
17807,35,4311,1
17808,39,2715,1
17809,47,5132,1
17810,9,3257,1
17811,45,3193,1
17812,8,4205,1
17813,60,5533,1
17814,34,5847,2
17815,60,6974,1
17816,47,2607,2
17817,19,6135,1
17818,4,489,1
17819,46,5532,1
17820,5,1789,1
17821,44,7154,3
17822,13,754,1
17823,39,6350,1
17824,14,5075,1
17825,11,1314,1
17826,55,4437,1
17827,13,1617,1
17828,10,6451,1
17829,49,3798,1
17830,13,2588,1
17831,4,6589,1
17832,1,3272,1
17833,42,914,1
17834,8,6018,1
17835,60,7919,1
17836,43,6440,1
17837,37,5192,2
17838,60,5820,1
17839,56,2536,1
17840,39,2564,1
17841,26,6939,2
17842,49,4916,1
17843,16,3073,1
17844,14,6194,1
17845,49,7256,1
17846,29,7276,2
17847,48,1139,1
17848,11,4729,1
17849,25,3199,1
17850,15,5583,1
17851,11,844,1
17852,17,6583,1
17853,46,3514,3
17854,43,5403,1
17855,45,1502,1
17856,9,6422,1
17857,35,89,1
17858,10,2310,1
17859,17,7726,1
17860,29,4308,3
17861,18,3265,1
17862,37,4171,2
17863,2,6150,1
17864,54,2020,1
17865,42,1437,1
17866,49,7587,1
17867,25,4837,1
17868,23,719,1
17869,10,4891,1
17870,29,1941,1
17871,2,4557,1
17872,29,5082,1
17873,38,2932,1
17874,54,236,1
17875,5,954,1
17876,23,3507,1
17877,30,7366,1
17878,48,5436,1
17879,2,3772,1
17880,34,5760,2
17881,56,4460,2
17882,59,4185,1
17883,35,3363,1
17884,53,1593,1
17885,52,636,1
17886,33,3910,1
17887,4,2015,1
17888,60,732,1
17889,46,656,3
17890,40,5745,1
17891,49,7381,1
17892,41,1130,1
17893,54,4654,1
17894,44,1464,1
17895,28,4927,1
17896,24,2999,1
17897,21,360,1
17898,51,3293,2
17899,42,4051,2
17900,31,1274,1
17901,37,6428,2
17902,2,795,1
17903,24,940,1
17904,53,3921,1
17905,55,5981,3
17906,6,6463,1
17907,19,1977,1
17908,37,7060,1
17909,31,3787,1
17910,36,7680,1
17911,4,4390,1
17912,2,4078,1
17913,17,4044,1
17914,18,3287,1
17915,53,2429,3
17916,54,1841,1
17917,50,6269,1
17918,52,7775,3
17919,43,3659,4
17920,34,5699,3
17921,44,3133,3
17922,46,2212,1
17923,2,2471,1
17924,2,2974,1
17925,21,3900,1
17926,11,1466,1
17927,20,6845,1
17928,40,772,1
17929,10,3527,1
17930,60,1475,1
17931,30,1147,1
17932,15,677,1
17933,33,6011,3
17934,39,3722,1
17935,1,2152,1
17936,24,3782,1
17937,39,6883,1
17938,28,1388,2
17939,13,6950,1
17940,30,4932,1
17941,54,1268,1
17942,29,4453,1
17943,30,497,1
17944,56,6894,2
17945,46,5171,2
17946,34,6545,3
17947,41,5984,1
17948,51,2534,1
17949,7,6151,1
17950,52,2193,3
17951,2,3216,1
17952,14,7410,1
17953,42,4516,1
17954,40,7462,1
17955,35,1503,1
17956,59,5821,1
17957,10,2944,1
17958,37,3556,3
17959,36,640,1
17960,21,6725,1
17961,42,7141,1
17962,15,2564,1
17963,33,250,2
17964,22,1185,1
17965,58,1074,2
17966,24,2684,1
17967,54,3550,1
17968,14,453,1
17969,54,7286,2
17970,13,5017,1
17971,23,6793,1
17972,4,7626,1
17973,30,7922,1
17974,45,2440,2
17975,48,4827,1
17976,41,2966,1
17977,11,4865,1
17978,16,4815,1
17979,1,5699,1
17980,50,6148,2
17981,10,2594,1
17982,3,5682,1
17983,30,7536,1
17984,17,5032,1
17985,2,6967,1
17986,11,4520,1
17987,51,5417,1
17988,14,168,1
17989,16,6480,1
17990,47,2017,1
17991,30,4134,1
17992,26,2085,1
17993,7,125,1
17994,14,4306,1
17995,24,3422,1
17996,2,6032,1
17997,39,718,1
17998,41,6955,1
17999,59,3045,1
18000,1,2927,1
18001,23,2245,1
18002,14,1619,1
18003,24,2216,1
18004,51,5814,2
18005,53,2012,1
18006,56,5583,1
18007,46,7153,1
18008,46,6612,1
18009,21,6544,1
18010,35,4387,1
18011,11,1368,1
18012,38,7590,1
18013,28,7449,3
18014,49,3319,1
18015,52,7828,1
18016,20,5713,1
18017,6,1935,1
18018,56,6003,3
18019,48,2916,1
18020,7,7307,1
18021,57,2528,1
18022,43,1878,2
18023,2,896,1
18024,2,5063,1
18025,53,3000,3
18026,25,5531,1
18027,11,1918,1
18028,26,3977,1
18029,1,1887,1
18030,49,2051,1
18031,36,2056,1
18032,3,6324,1
18033,23,1825,1
18034,32,7228,1
18035,20,1937,1
18036,52,6237,1
18037,60,649,1
18038,3,1797,1
18039,43,5374,2
18040,3,1061,1
18041,38,174,1
18042,16,5390,1
18043,53,1359,1
18044,29,901,3
18045,48,3660,1
18046,25,3209,1
18047,25,7655,1
18048,13,6658,1
18049,40,1536,1
18050,9,4767,1
18051,60,2555,1
18052,27,6698,4
18053,54,2622,3
18054,52,3928,2
18055,56,1955,2
18056,57,2141,1
18057,6,6927,1
18058,55,7264,2
18059,34,2106,2
18060,25,6084,1
18061,21,1536,1
18062,34,7826,4
18063,39,6245,1
18064,21,390,1
18065,42,6045,3
18066,16,7326,1
18067,22,6037,1
18068,46,2775,2
18069,58,5364,1
18070,18,6972,1
18071,27,3994,1
18072,24,7664,1
18073,60,336,1
18074,39,2390,1
18075,24,5909,1
18076,19,7111,1
18077,38,3218,1
18078,33,2059,1
18079,7,4106,1
18080,60,4819,1
18081,56,1994,3
18082,48,6668,1
18083,49,5929,1
18084,18,565,1
18085,45,5849,1
18086,48,4069,1
18087,24,4586,1
18088,27,2217,2
18089,28,5372,1
18090,41,4070,1
18091,6,3631,1
18092,53,5081,2
18093,24,2481,1
18094,23,2009,1
18095,30,6240,1
18096,8,3454,1
18097,20,5248,1
18098,15,2042,1
18099,43,1085,3
18100,7,4125,1
18101,59,492,1
18102,36,6727,1
18103,10,585,1
18104,38,1326,1
18105,40,5358,1
18106,7,981,1
18107,35,3041,1
18108,56,1840,1
18109,44,2737,1
18110,53,7539,1
18111,16,6224,1
18112,33,4338,1
18113,2,6633,1
18114,34,4144,3
18115,27,800,3
18116,43,535,2
18117,22,3149,1
18118,31,4832,3
18119,11,2029,1
18120,25,7654,1
18121,48,4823,1
18122,15,3380,1
18123,19,219,1
18124,39,1056,1
18125,49,4669,1
18126,26,6021,1
18127,32,4323,1
18128,52,4772,1
18129,12,4582,1
18130,21,2302,1
18131,30,4690,1
18132,29,7441,1
18133,6,7019,1
18134,20,5424,1
18135,34,2124,1
18136,53,3694,3
18137,48,1427,1
18138,36,3666,1
18139,33,1551,3
18140,45,7156,1
18141,45,6973,3
18142,21,2860,1
18143,33,6466,3
18144,4,5977,1
18145,15,3838,1
18146,24,7054,1
18147,55,2688,1
18148,20,4765,1
18149,34,4485,1
18150,35,2125,1
18151,33,1270,2
18152,5,2793,1
18153,29,7219,2
18154,15,7511,1
18155,48,1791,1
18156,11,4012,1
18157,41,6068,1
18158,43,193,1
18159,17,6178,1
18160,4,4156,1
18161,50,1948,2
18162,15,3319,1
18163,23,357,1
18164,40,4795,1
18165,31,4236,2
18166,60,2223,1
18167,20,6017,1
18168,37,5024,2
18169,3,4289,1
18170,21,1836,1
18171,4,1212,1
18172,26,3023,1
18173,27,4701,3
18174,8,289,1
18175,59,6529,1
18176,54,3955,1
18177,23,2831,1
18178,21,5638,1
18179,14,5181,1
18180,28,6815,1
18181,20,4182,1
18182,39,1772,1
18183,32,4959,2
18184,2,997,1
18185,16,5695,1
18186,34,795,3
18187,51,7335,2
18188,59,7099,1
18189,57,3355,3
18190,16,6227,1
18191,24,1179,1
18192,32,5998,4
18193,17,1751,1
18194,54,7283,2
18195,42,7035,2
18196,51,6760,1
18197,39,286,1
18198,7,155,1
18199,40,3089,1
18200,37,1099,1
18201,48,7561,1
18202,4,693,1
18203,58,6459,1
18204,8,3609,1
18205,38,2662,1
18206,15,2302,1
18207,54,4817,2
18208,45,4275,1
18209,52,5065,3
18210,38,3725,1
18211,60,7503,1
18212,48,5886,1
18213,8,7758,1
18214,32,1366,3
18215,57,2690,4
18216,13,6753,1
18217,56,6121,2
18218,11,1852,1
18219,18,762,1
18220,33,766,3
18221,52,3048,2
18222,54,599,1
18223,11,6672,1
18224,23,4363,1
18225,12,6872,1
18226,27,5050,1
18227,41,7027,1
18228,15,6194,1
18229,20,4780,1
18230,2,401,1
18231,33,2165,1
18232,24,2759,1
18233,17,797,1
18234,49,2301,1
18235,34,3455,3
18236,33,6926,3
18237,38,6345,1
18238,22,7214,1
18239,40,84,1
18240,6,2024,1
18241,51,7862,4
18242,10,4819,1
18243,46,3983,1
18244,48,6493,1
18245,22,3599,1
18246,51,1813,2
18247,34,501,1
18248,42,1109,3
18249,33,2315,1
18250,12,134,1
18251,31,110,2
18252,29,4647,3
18253,60,6664,1
18254,2,19,1
18255,16,6273,1
18256,25,96,1
18257,27,6632,1
18258,55,4128,2
18259,59,1409,3
18260,5,1969,1
18261,49,6436,1
18262,2,1006,1
18263,11,3648,1
18264,29,23,1
18265,59,3079,3
18266,43,24,1
18267,14,7313,1
18268,50,1652,1
18269,53,7106,3
18270,58,1539,3
18271,55,3006,2
18272,25,7873,1
18273,49,2760,1
18274,38,2310,1
18275,4,6304,1
18276,46,3403,3
18277,6,7916,1
18278,53,4919,2
18279,29,3218,1
18280,14,3337,1
18281,56,4926,2
18282,51,3407,2
18283,28,829,4
18284,35,850,1
18285,27,5876,1
18286,53,5080,2
18287,29,2342,1
18288,6,336,1
18289,30,6432,1
18290,15,2910,1
18291,14,5388,1
18292,44,3910,2
18293,42,2212,1
18294,8,1555,1
18295,43,3759,1
18296,52,6737,1
18297,23,3035,1
18298,52,1167,4
18299,28,1460,1
18300,38,1041,1
18301,30,7808,1
18302,59,4999,2
18303,35,3421,1
18304,34,460,3
18305,48,3015,1
18306,36,5308,1
18307,6,2728,1
18308,10,1866,1
18309,20,3589,1
18310,46,7102,1
18311,27,2171,2
18312,29,7295,1
18313,52,2734,2
18314,3,5754,1
18315,47,7359,3
18316,15,129,1
18317,43,1137,1
18318,40,6128,1
18319,42,6364,4
18320,2,5421,1
18321,58,3857,1
18322,38,2398,1
18323,12,5262,1
18324,28,5483,2
18325,19,7497,1
18326,55,3426,3
18327,34,6857,3
18328,43,6817,2
18329,43,3864,2
18330,47,414,1
18331,34,6187,3
18332,2,6063,1
18333,41,2588,1
18334,27,1866,1
18335,24,1785,1
18336,3,7410,1
18337,5,7323,1
18338,60,3219,1
18339,59,3633,3
18340,34,2036,1
18341,9,2823,1
18342,41,4301,1
18343,38,2930,1
18344,1,2433,1
18345,26,2521,3
18346,30,6963,1
18347,54,4743,2
18348,7,1676,1
18349,1,4764,1
18350,31,2250,2
18351,57,2450,2
18352,33,5814,1
18353,30,5326,1
18354,31,3425,3
18355,42,6104,3
18356,42,7638,3
18357,49,3099,1
18358,16,2965,1
18359,21,7183,1
18360,37,7098,1
18361,15,5089,1
18362,3,415,1
18363,37,279,2
18364,35,3103,1
18365,34,7723,1
18366,2,3261,1
18367,55,5662,1
18368,32,2442,1
18369,15,2809,1
18370,42,4724,1
18371,6,6915,1
18372,58,5562,2
18373,57,1015,2
18374,14,686,1
18375,4,5309,1
18376,27,393,2
18377,42,4957,1
18378,9,786,1
18379,9,2765,1
18380,57,1581,2
18381,17,5020,1
18382,10,7852,1
18383,32,3396,2
18384,50,4745,1
18385,5,4579,1
18386,50,4705,3
18387,38,5218,1
18388,54,6207,3
18389,19,1262,1
18390,49,1857,1
18391,7,5072,1
18392,23,4759,1
18393,33,2030,2
18394,45,4108,2
18395,1,4589,1
18396,17,465,1
18397,15,5039,1
18398,26,7576,2
18399,51,3975,3
18400,31,3579,2
18401,52,194,2
18402,21,6023,1
18403,35,320,1
18404,54,1149,3
18405,29,805,1
18406,30,6359,1
18407,2,4409,1
18408,59,118,2
18409,59,5414,2
18410,11,2323,1
18411,51,6157,2
18412,41,1619,1
18413,36,21,1
18414,4,4526,1
18415,32,7060,2
18416,35,3089,1
18417,14,2754,1
18418,47,1829,3
18419,17,3567,1
18420,40,2099,1
18421,30,4882,1
18422,32,2790,2
18423,5,6877,1
18424,15,7899,1
18425,20,6181,1
18426,58,4115,1
18427,32,3099,1
18428,50,5237,2
18429,31,1534,3
18430,15,6667,1
18431,12,7580,1
18432,53,3621,2
18433,9,5213,1
18434,31,6276,1
18435,19,4242,1
18436,22,5001,1
18437,22,3344,1
18438,58,6169,1
18439,28,7080,1
18440,3,311,1
18441,50,4861,3
18442,44,7764,1
18443,8,1004,1
18444,24,4143,1
18445,28,1110,4
18446,9,5571,1
18447,26,6251,1
18448,14,6814,1
18449,14,5406,1
18450,26,5061,1
18451,27,3628,2
18452,24,6224,1
18453,12,6508,1
18454,31,2955,2
18455,22,7034,1
18456,36,4452,1
18457,12,54,1
18458,10,3501,1
18459,19,892,1
18460,24,3366,1
18461,4,6749,1
18462,48,6,1
18463,49,2420,1
18464,19,2620,1
18465,1,4966,1
18466,17,7760,1
18467,38,6928,1
18468,15,774,1
18469,53,992,2
18470,27,4496,1
18471,57,6889,1
18472,5,3343,1
18473,36,2032,1
18474,1,5622,1
18475,14,7296,1
18476,11,2663,1
18477,52,1243,1
18478,38,4155,1
18479,37,7359,4
18480,53,5073,3
18481,53,1862,1
18482,14,6433,1
18483,29,2177,3
18484,3,6019,1
18485,6,5161,1
18486,47,4541,1
18487,47,6848,1
18488,36,2192,1
18489,11,6307,1
18490,57,6427,1
18491,60,3050,1
18492,7,2684,1
18493,41,5466,1
18494,45,6179,2
18495,9,7739,1
18496,48,4122,1
18497,18,1568,1
18498,34,2305,2
18499,30,5117,1
18500,12,5719,1
18501,40,6500,1
18502,40,873,1
18503,14,22,1
18504,34,6401,1
18505,18,7053,1
18506,25,4256,1
18507,16,6779,1
18508,20,2027,1
18509,7,1875,1
18510,29,1792,1
18511,13,5408,1
18512,31,1140,1
18513,48,7931,1
18514,58,3747,1
18515,28,3300,1
18516,5,4395,1
18517,30,4933,1
18518,4,1119,1
18519,20,6105,1
18520,44,2123,3
18521,29,5052,1
18522,13,1341,1
18523,45,5003,3
18524,56,7805,1
18525,11,2436,1
18526,17,225,1
18527,37,604,1
18528,13,4431,1
18529,14,7424,1
18530,55,959,2
18531,9,4489,1
18532,42,7187,3
18533,9,7150,1
18534,16,6947,1
18535,40,5592,1
18536,54,665,4
18537,17,1211,1
18538,7,5655,1
18539,52,3827,2
18540,3,4877,1
18541,56,5137,1
18542,2,1447,1
18543,51,4760,3
18544,15,7236,1
18545,3,519,1
18546,38,5728,1
18547,58,97,3
18548,17,496,1
18549,19,6872,1
18550,33,4513,2
18551,3,2910,1
18552,2,5347,1
18553,18,6303,1
18554,9,2505,1
18555,35,1248,1
18556,44,4839,1
18557,57,6406,3
18558,31,1500,1
18559,53,2109,1
18560,23,7394,1
18561,43,3581,2
18562,6,1992,1
18563,37,6385,3
18564,25,6279,1
18565,37,6048,4
18566,40,3437,1
18567,36,1758,1
18568,50,2413,2
18569,9,2899,1
18570,16,16,1
18571,34,5009,1
18572,44,5073,1
18573,49,3303,1
18574,31,1888,1
18575,57,5714,4
18576,1,1522,1
18577,54,4484,2
18578,15,890,1
18579,55,7636,3
18580,42,6229,2
18581,47,2788,2
18582,7,5813,1
18583,54,4895,4
18584,22,4963,1
18585,1,6263,1
18586,32,6190,3
18587,4,1438,1
18588,9,4303,1
18589,40,7242,1
18590,7,86,1
18591,51,7411,1
18592,19,6388,1
18593,38,6775,1
18594,26,697,3
18595,9,5361,1
18596,19,4744,1
18597,56,3545,1
18598,14,5574,1
18599,4,7315,1
18600,39,1296,1
18601,55,595,2
18602,4,6160,1
18603,2,7886,1
18604,29,5021,3
18605,58,3184,2
18606,60,7366,1
18607,50,2304,3
18608,27,6054,2
18609,30,1013,1
18610,50,4787,1
18611,56,6851,2
18612,57,2408,1
18613,55,1594,3
18614,53,5367,1
18615,56,5729,2
18616,1,2603,1
18617,42,6935,4
18618,17,699,1
18619,53,7832,3
18620,42,3569,2
18621,23,4984,1
18622,50,6487,1
18623,11,4386,1
18624,56,2080,3
18625,6,4932,1
18626,10,7357,1
18627,29,4314,1
18628,47,3925,3
18629,14,7029,1
18630,43,7131,4
18631,15,7926,1
18632,13,4575,1
18633,22,3672,1
18634,35,3714,1
18635,2,1112,1
18636,30,5236,1
18637,20,4868,1
18638,5,583,1
18639,20,7526,1
18640,37,668,1
18641,17,6780,1
18642,17,2434,1
18643,45,1538,3
18644,31,5674,1
18645,16,1981,1
18646,35,351,1
18647,19,3970,1
18648,35,1612,1
18649,44,1259,3
18650,21,768,1
18651,39,3383,1
18652,45,6822,1
18653,52,3651,2
18654,18,2866,1
18655,28,1138,1
18656,46,3906,2
18657,42,5301,1
18658,3,264,1
18659,44,6600,1
18660,10,1287,1
18661,46,2962,3
18662,16,4482,1
18663,47,6514,1
18664,44,6400,1
18665,37,1103,4
18666,17,4518,1
18667,23,2482,1
18668,16,5608,1
18669,37,7132,1
18670,56,6417,1
18671,11,4005,1
18672,12,7803,1
18673,55,7632,1
18674,4,510,1
18675,35,7333,1
18676,56,5834,1
18677,33,1232,3
18678,45,5521,2
18679,14,6340,1
18680,28,3744,1
18681,52,6197,1
18682,26,6675,1
18683,6,917,1
18684,54,2142,3
18685,9,3801,1
