codigo_pedido,codigo_cliente,data_pedido,valor
1,357,2023-10-22,4999.6
2,39,2026-03-17,4699.6
3,34,2026-01-30,3149.7
4,315,2026-02-12,899.9
5,211,2023-06-15,4119.5
6,237,2025-02-04,4999.8
7,107,2025-08-30,2549.8
8,349,2026-02-20,8199.7
9,300,2024-04-10,4599.6
10,317,2025-12-25,8299.3
11,352,2023-11-07,5899.9
12,349,2024-02-05,6199.5
13,290,2023-07-14,299.8
14,95,2025-12-07,2679.6
15,292,2023-04-02,9199.6
16,290,2025-06-09,629.8
17,24,2023-07-24,4749.5
18,296,2025-04-21,5499.8
19,126,2023-03-06,5899.9
20,156,2025-10-22,2899.9
21,56,2026-05-27,6949.7
22,184,2023-06-23,1789.7
23,351,2024-10-31,4699.8
24,287,2024-12-04,2719.6
25,43,2023-09-22,3389.8
26,33,2026-07-13,2699.8
27,7,2023-02-03,5269.4
28,120,2025-12-22,11589.5
29,40,2024-11-05,3499.9
30,170,2023-11-07,10579.2
31,167,2024-01-31,8699.5
32,98,2024-07-06,5279.7
33,253,2026-06-17,1799.7
34,87,2025-04-29,1999.7
35,94,2023-05-03,3379.4
36,1,2024-02-11,1399.8
37,291,2025-11-27,3499.8
38,269,2026-05-10,2299.8
39,57,2023-12-25,3299.7
40,362,2025-04-01,7899.6
41,7,2023-09-14,3299.9
42,33,2025-06-14,599.9
43,191,2025-04-19,5099.4
44,306,2026-03-19,5549.7
45,316,2024-08-27,1339.5
46,311,2023-10-19,10299.2
47,157,2024-08-06,6249.6
48,49,2026-03-11,7769.4
49,48,2023-04-24,5499.6
50,249,2023-09-19,1729.6
51,303,2023-12-26,5899.5
52,42,2026-07-31,6349.5
53,154,2023-05-09,7159.2
54,250,2024-12-03,2799.7
55,113,2023-02-16,7999.8
56,123,2023-08-31,1799.9
57,130,2023-07-22,4999.8
58,248,2023-03-15,2079.8
59,377,2025-12-28,7649.6
60,268,2025-06-01,3499.8
61,71,2026-02-25,2049.8
62,212,2024-01-15,1299.8
63,321,2023-08-03,12399.1
64,66,2024-02-06,1999.8
65,102,2025-07-18,1049.8
66,36,2023-10-25,4189.6
67,58,2025-03-27,9099.6
68,236,2024-01-15,6539.3
69,264,2025-11-05,1599.8
70,206,2024-09-09,1549.8
71,85,2026-06-01,2399.8
72,140,2023-08-02,2599.6
73,226,2024-11-01,1299.9
74,266,2024-09-25,1999.8
75,183,2024-10-31,659.8
76,5,2025-09-03,12699.5
77,125,2024-12-27,5099.7
78,300,2024-06-03,7299.7
79,400,2025-05-07,2919.4
80,33,2023-11-28,449.7
81,62,2024-07-10,939.6
82,211,2024-05-18,2999.6
83,261,2023-07-09,7599.5
84,245,2023-05-20,5299.7
85,109,2026-01-08,149.9
86,248,2024-07-13,1849.7
87,150,2023-09-20,699.9
88,352,2023-09-06,2849.7
89,170,2024-04-22,5699.8
90,96,2023-09-14,3699.6
91,174,2023-04-06,4619.4
92,104,2026-07-11,3299.8
93,171,2025-07-20,5099.7
94,150,2023-04-28,2049.3
95,288,2026-03-08,2899.8
96,236,2025-04-30,3919.3
97,323,2023-04-12,2399.6
98,244,2024-07-04,6099.8
99,141,2024-10-10,2299.7
100,347,2025-04-15,699.9
101,149,2024-08-01,729.6
102,406,2026-01-20,659.6
103,78,2023-09-10,1999.8
104,414,2025-10-03,1799.7
105,311,2023-04-05,2299.8
106,13,2025-01-09,399.8
107,154,2024-04-17,2399.7
108,146,2023-12-30,349.9
109,279,2024-11-20,1949.6
110,273,2026-04-06,4089.5
111,56,2025-08-03,2429.8
112,282,2025-05-16,1649.7
113,147,2024-01-21,1689.8
114,3,2025-11-21,2819.5
115,116,2025-08-29,6149.7
116,329,2026-01-19,3099.8
117,293,2026-03-21,1429.7
118,383,2023-10-30,1799.7
119,73,2025-06-28,10999.1
120,178,2024-12-12,7199.6
121,113,2025-05-11,1499.8
122,76,2025-08-02,1149.8
123,396,2024-01-15,2649.7
124,93,2024-01-24,4299.9
125,268,2025-06-22,11649.3
126,364,2025-09-11,1499.7
127,379,2024-12-15,2799.7
128,298,2023-11-19,6599.5
129,129,2025-12-30,499.8
130,394,2023-12-22,1529.7
131,268,2024-06-24,2649.6
132,20,2026-02-26,199.9
133,130,2023-03-24,949.8
134,225,2026-07-03,3499.6
135,76,2025-03-15,2799.8
136,382,2026-05-15,6889.6
137,298,2026-06-26,799.9
138,373,2024-08-22,6379.4
139,317,2023-03-07,6539.1
140,68,2024-10-31,5099.6
141,16,2026-03-29,7179.3
142,153,2024-06-15,2599.9
143,85,2026-03-03,8079.7
144,374,2026-03-29,3599.7
145,161,2026-05-18,11299.6
146,14,2023-11-11,5239.3
147,94,2025-02-28,919.6
148,381,2024-12-19,899.9
149,166,2025-10-28,1299.8
150,19,2026-04-07,5999.7
151,80,2026-05-04,899.9
152,76,2024-03-16,7149.0
153,229,2025-04-20,2359.4
154,184,2025-01-03,399.9
155,400,2025-03-03,1299.9
156,45,2023-11-17,899.9
157,268,2024-04-01,2799.8
158,322,2023-07-27,3199.8
159,119,2026-05-09,6249.6
160,186,2023-02-03,3199.7
161,393,2023-01-15,2599.7
162,379,2025-07-25,6649.7
163,300,2023-06-28,8399.5
164,8,2024-01-23,7049.5
165,171,2023-02-26,899.9
166,104,2023-05-31,5499.7
167,40,2024-07-15,4899.6
168,234,2023-03-20,8349.6
169,240,2024-02-23,1299.7
170,330,2026-01-05,5299.7
171,299,2025-02-27,11349.2
172,419,2025-07-07,1899.9
173,349,2023-10-19,6229.6
174,108,2024-09-18,4399.8
175,85,2024-01-25,5799.8
176,419,2024-05-27,599.9
177,244,2026-03-17,3199.6
178,371,2023-12-11,699.9
179,418,2026-07-23,4099.8
180,365,2026-04-23,2179.8
181,19,2023-06-06,9949.4
182,72,2024-10-18,11099.2
183,26,2025-08-23,1689.6
184,148,2023-05-10,5499.7
185,329,2025-04-01,1199.8
186,81,2023-09-11,349.9
187,42,2023-10-19,8349.1
188,337,2023-10-03,2639.6
189,159,2024-01-11,3299.9
190,252,2023-03-01,2299.8
191,374,2024-11-14,4699.6
192,330,2023-05-06,1599.9
193,390,2024-07-18,1799.8
194,362,2023-06-11,4149.5
195,130,2024-03-23,1499.8
196,335,2023-05-28,3699.7
197,250,2023-08-06,4599.5
198,95,2025-09-24,1799.9
199,158,2026-02-19,3299.7
200,87,2024-01-13,5999.6
201,4,2024-03-17,199.9
202,347,2024-05-14,14949.1
203,145,2023-08-07,4299.4
204,209,2026-04-02,4929.7
205,162,2023-02-21,2049.6
206,346,2023-02-21,4849.5
207,162,2025-09-23,249.9
208,53,2024-01-16,2599.9
209,348,2025-07-04,1599.9
210,37,2025-09-21,3699.6
211,94,2026-03-30,5099.8
212,200,2024-05-17,4549.6
213,193,2023-12-15,2599.7
214,253,2025-11-12,2899.9
215,12,2024-10-01,6799.4
216,38,2025-07-18,2599.6
217,226,2025-12-07,4679.5
218,417,2025-08-15,6839.5
219,165,2023-01-01,249.9
220,210,2023-04-13,459.8
221,68,2023-02-11,8199.5
222,392,2024-05-11,1399.9
223,369,2024-03-14,649.9
224,262,2026-02-09,2299.6
225,348,2025-11-07,2349.5
226,134,2025-07-28,4299.9
227,265,2025-12-02,2949.7
228,303,2025-02-02,9899.5
229,423,2024-02-26,5099.8
230,5,2025-04-27,899.9
231,35,2025-06-13,1349.8
232,15,2025-01-17,1929.7
233,228,2026-02-05,2029.8
234,383,2026-05-24,1499.9
235,109,2025-12-26,2899.4
236,328,2023-04-16,3879.7
237,15,2025-05-29,5599.8
238,27,2023-08-22,7599.7
239,315,2025-11-26,2849.6
240,126,2023-08-20,699.9
241,51,2023-02-02,6639.1
242,2,2026-01-24,1829.6
243,229,2025-04-06,1989.8
244,300,2024-03-01,2199.9
245,184,2025-08-17,7159.1
246,104,2025-03-29,3999.8
247,251,2025-11-15,229.9
248,300,2023-07-12,1949.7
249,87,2023-12-29,399.9
250,355,2024-04-13,4659.7
251,254,2026-02-27,5349.7
252,37,2025-07-05,7699.7
253,37,2024-09-16,3299.6
254,231,2024-05-22,4499.5
255,25,2024-11-21,2389.7
256,141,2025-03-07,299.8
257,137,2026-01-11,1299.9
258,378,2023-11-13,2799.7
259,84,2024-06-07,5399.8
260,299,2024-04-20,10699.6
261,318,2025-09-21,4299.9
262,278,2023-12-28,7859.1
263,95,2025-06-23,2149.6
264,366,2023-03-19,1799.9
265,355,2024-09-17,1099.8
266,334,2024-05-22,2999.7
267,81,2025-06-11,13399.5
268,361,2023-01-08,6099.8
269,114,2025-04-27,2829.8
270,55,2025-03-02,4799.5
271,31,2023-11-21,1129.5
272,188,2024-07-04,5149.3
273,232,2024-03-16,11599.6
274,367,2025-05-07,5079.7
275,25,2025-08-07,7699.3
276,258,2025-09-05,2199.7
277,179,2023-12-22,2999.5
278,250,2023-03-16,2349.7
279,342,2023-03-30,1199.8
280,389,2025-10-24,1499.9
281,208,2026-04-04,539.7
282,209,2023-09-01,4849.7
283,266,2023-03-01,749.8
284,419,2023-04-09,3199.9
285,319,2024-08-20,5499.7
286,210,2026-01-12,2599.9
287,109,2023-12-01,2899.9
288,119,2025-04-18,2649.6
289,244,2023-05-29,5999.7
290,330,2023-02-24,2449.6
291,32,2024-04-27,11889.1
292,344,2025-02-04,899.9
293,330,2024-02-05,4919.1
294,305,2024-03-07,1949.6
295,416,2025-03-26,299.9
296,414,2023-09-20,4659.5
297,223,2024-03-15,2199.8
298,193,2024-04-27,1659.5
299,138,2025-12-21,2249.6
300,187,2025-12-28,3199.8
301,221,2025-11-09,1449.7
302,386,2025-09-06,1799.9
303,30,2026-05-22,8279.6
304,40,2026-05-17,2699.7
305,301,2026-01-12,299.8
306,403,2025-11-19,3199.5
307,327,2026-03-03,2309.6
308,29,2024-12-30,349.9
309,7,2026-04-14,399.9
310,383,2025-12-25,4049.5
311,97,2024-09-28,3949.5
312,125,2025-02-12,2199.9
313,68,2025-06-29,2089.7
314,182,2026-04-12,549.9
315,153,2024-04-17,4499.9
316,345,2023-05-13,709.7
317,22,2024-03-08,4199.8
318,129,2024-05-27,6499.6
319,396,2024-08-23,1779.7
320,245,2025-05-28,2199.9
321,108,2024-03-03,1149.8
322,243,2024-07-01,3939.6
323,349,2025-07-08,2899.9
324,358,2024-10-01,7389.3
325,219,2025-03-22,3099.7
326,382,2024-11-24,2299.7
327,267,2025-09-27,7949.7
328,69,2024-05-28,1899.8
329,393,2026-06-27,3399.7
330,296,2025-02-01,779.6
331,330,2024-11-29,2789.4
332,342,2026-05-01,7929.3
333,217,2026-03-08,11299.1
334,14,2025-05-28,4999.5
335,256,2026-04-26,5349.7
336,215,2025-02-19,5799.8
337,345,2023-09-14,2299.6
338,46,2023-10-14,1179.6
339,410,2023-09-24,1499.9
340,24,2026-04-18,4899.6
341,409,2026-07-01,2099.7
342,142,2026-06-29,3499.8
343,376,2025-11-07,3199.9
344,16,2023-06-27,4499.3
345,23,2023-05-04,4199.7
346,65,2024-04-22,14299.3
347,45,2023-08-20,5279.5
348,319,2023-11-17,3219.5
349,408,2025-01-03,5799.8
350,137,2026-04-23,1699.8
351,281,2024-04-22,11949.5
352,368,2024-04-18,2289.6
353,322,2024-06-20,1699.7
354,234,2024-10-20,2399.7
355,272,2025-01-13,3449.6
356,65,2025-05-20,3679.4
357,350,2023-07-09,9949.6
358,198,2025-04-29,7159.4
359,310,2024-09-07,4699.6
360,258,2025-05-30,549.9
361,317,2024-04-18,4199.8
362,147,2023-03-20,2379.6
363,323,2025-04-25,4489.6
364,73,2025-05-26,2899.9
365,123,2024-08-12,5599.7
366,200,2025-11-04,699.8
367,21,2026-02-05,3499.9
368,364,2023-12-07,4499.7
369,424,2025-12-26,89.9
370,32,2025-12-01,2599.9
371,170,2023-12-24,2099.7
372,319,2025-03-22,3499.5
373,399,2024-06-12,9599.5
374,336,2024-11-04,8099.7
375,387,2026-03-26,689.7
376,234,2025-10-13,5199.8
377,36,2024-04-08,509.7
378,274,2023-12-29,1449.8
379,46,2023-02-06,1499.9
380,77,2023-02-28,2169.4
381,27,2026-02-27,1249.8
382,202,2025-02-15,399.9
383,403,2025-01-16,1349.8
384,64,2025-10-16,2899.6
385,224,2023-12-15,189.9
386,61,2025-06-27,3499.9
387,291,2024-08-17,4299.6
388,24,2024-03-26,269.7
389,152,2025-06-14,5939.2
390,114,2025-01-05,3499.4
391,226,2024-01-29,1899.5
392,222,2026-04-01,2549.7
393,135,2023-04-07,709.7
394,105,2024-08-26,5649.4
395,378,2023-04-28,199.9
396,124,2024-06-06,2899.9
397,321,2023-02-09,799.9
398,237,2025-12-14,5099.8
399,87,2024-06-23,2299.9
400,194,2023-12-15,11399.4
401,178,2024-04-19,8399.7
402,347,2026-05-28,3799.8
403,104,2026-01-08,7699.6
404,379,2023-06-20,3849.8
405,45,2024-05-02,2079.6
406,354,2025-04-05,3499.9
407,294,2026-07-29,7499.1
408,412,2025-03-04,11199.5
409,117,2024-06-08,2899.9
410,228,2026-07-02,999.8
411,77,2025-10-01,4549.8
412,93,2026-07-08,4099.7
413,415,2023-11-05,349.9
414,335,2023-03-22,3399.7
415,132,2025-07-31,3699.8
416,409,2026-07-26,3869.5
417,205,2023-04-07,11099.2
418,111,2025-10-13,1499.9
419,121,2026-07-25,1799.9
420,145,2026-01-30,4699.6
421,61,2026-03-17,349.9
422,178,2026-04-09,2599.9
423,120,2023-02-04,599.8
424,303,2023-07-21,1199.8
425,243,2023-04-02,4389.5
426,304,2023-10-26,4999.3
427,47,2023-08-25,2299.8
428,349,2024-05-28,899.8
429,161,2023-12-03,259.8
430,107,2024-05-19,999.5
431,35,2025-09-12,2259.7
432,286,2024-11-07,3499.9
433,378,2025-08-11,639.7
434,332,2023-03-12,6399.7
435,356,2024-08-18,1799.7
436,133,2026-04-04,3299.9
437,391,2024-10-06,12849.6
438,14,2023-05-06,5249.4
439,298,2025-06-22,6029.6
440,321,2023-08-17,1499.9
441,5,2025-02-05,3799.8
442,341,2025-08-30,149.9
443,177,2024-01-11,7199.4
444,110,2025-11-21,2079.8
445,407,2026-04-01,729.7
446,384,2025-01-12,1799.9
447,46,2024-08-29,4899.4
448,376,2025-11-03,3149.5
449,139,2023-01-27,1799.9
450,258,2023-09-14,1299.9
451,198,2026-06-05,5199.4
452,391,2024-06-04,2599.9
453,36,2025-03-03,4899.7
454,129,2023-07-15,4699.7
455,400,2025-01-02,1499.9
456,322,2024-06-15,1189.7
457,269,2023-04-07,3499.9
458,125,2026-06-21,3949.7
459,354,2023-04-03,3259.7
460,266,2024-04-12,1499.7
461,384,2026-05-26,6399.8
462,160,2026-04-13,1659.6
463,339,2025-02-19,5699.7
464,259,2024-10-22,3949.3
465,19,2024-04-22,9219.5
466,55,2023-05-31,5759.6
467,308,2026-05-13,1599.8
468,261,2024-10-13,10949.1
469,277,2025-11-26,6759.5
470,38,2023-10-13,899.9
471,257,2024-12-12,5199.8
472,22,2023-08-02,3699.7
473,233,2024-11-06,3149.6
474,14,2025-06-27,2389.4
475,147,2024-10-17,3099.8
476,166,2024-03-28,4799.7
477,116,2023-04-26,3999.6
478,259,2023-10-28,569.7
479,173,2023-01-27,6099.5
480,125,2025-11-18,4299.8
481,414,2026-05-26,7349.7
482,291,2025-03-14,699.9
483,54,2024-09-14,329.9
484,291,2024-05-11,5399.5
485,83,2025-07-21,6259.7
486,48,2024-06-04,2099.7
487,138,2026-01-10,3559.7
488,13,2026-06-23,7899.7
489,239,2025-02-25,6049.7
490,286,2023-02-03,389.7
491,291,2024-04-20,1399.9
492,68,2023-08-29,8699.6
493,404,2023-07-27,999.8
494,116,2023-11-10,2459.7
495,382,2025-03-03,689.7
496,129,2023-09-09,1069.7
497,248,2024-01-14,4299.9
498,22,2026-03-13,3449.6
499,161,2023-05-13,189.9
500,151,2025-02-08,4349.5
501,330,2023-03-31,4999.6
502,47,2025-12-28,8529.3
503,69,2023-04-12,599.9
504,112,2023-10-14,6699.8
505,65,2026-01-06,5589.7
506,132,2023-05-30,5599.5
507,20,2023-09-24,3499.6
508,369,2024-10-17,13099.6
509,293,2024-12-03,1399.7
510,416,2024-12-19,4999.8
511,184,2026-07-19,5849.5
512,293,2023-04-25,5699.7
513,341,2024-12-30,3449.8
514,235,2023-01-15,12179.4
515,22,2025-04-21,2299.9
516,132,2025-07-14,15999.2
517,13,2023-11-04,3849.5
518,304,2025-10-09,6429.7
519,280,2023-10-12,3299.8
520,89,2025-10-28,4579.8
521,125,2023-03-21,2299.9
522,111,2024-09-23,2799.8
523,252,2025-08-02,1799.9
524,290,2023-10-23,1649.7
525,189,2025-06-02,4679.7
526,235,2023-10-14,6099.8
527,357,2026-04-10,1399.9
528,63,2025-01-28,299.9
529,314,2023-04-12,229.9
530,279,2023-01-24,249.9
531,261,2025-04-09,8549.5
532,98,2024-09-08,6789.7
533,11,2023-11-04,6799.6
534,203,2023-07-17,4599.6
535,143,2026-03-07,3139.3
536,113,2025-09-07,1299.7
537,62,2023-10-25,5149.4
538,119,2023-09-21,1589.8
539,221,2025-09-14,5029.7
540,323,2025-03-31,349.9
541,220,2025-09-15,5649.7
542,149,2026-02-18,2499.7
543,102,2025-06-03,4959.7
544,8,2024-07-16,2699.6
545,166,2024-04-30,3049.6
546,51,2023-06-03,899.9
547,349,2025-09-18,2599.7
548,306,2026-02-10,499.7
549,398,2026-05-24,2599.5
550,182,2023-12-26,4399.7
551,80,2024-04-09,2899.9
552,84,2023-06-05,1449.8
553,94,2025-06-10,6199.6
554,185,2023-11-13,7159.6
555,214,2023-05-10,3589.5
556,46,2025-07-11,6899.7
557,424,2026-05-16,3299.9
558,275,2024-05-27,699.9
559,61,2025-07-12,2899.9
560,44,2025-10-23,1899.9
561,386,2023-08-30,8799.6
562,33,2023-08-22,6929.5
563,341,2023-09-30,3299.8
564,179,2026-03-12,1799.7
565,193,2025-07-03,1199.7
566,234,2026-06-21,1259.5
567,249,2024-11-20,5599.7
568,285,2024-05-11,15049.3
569,314,2024-05-14,6099.3
570,261,2026-07-26,9399.7
571,321,2024-04-29,4099.8
572,301,2025-11-03,6379.6
573,218,2024-07-15,1849.8
574,196,2024-01-01,559.8
575,116,2023-04-30,4849.6
576,229,2024-07-25,1449.8
577,238,2023-05-21,3339.5
578,161,2025-07-08,349.9
579,78,2026-07-10,7899.7
580,323,2026-05-17,6599.8
581,297,2025-06-13,4229.4
582,101,2024-12-21,2099.7
583,265,2024-08-01,3199.8
584,352,2024-08-08,249.9
585,420,2024-12-01,3749.8
586,263,2024-04-15,899.9
587,152,2025-07-30,1199.8
588,192,2025-09-16,6399.6
589,208,2025-08-01,4349.7
590,346,2023-01-02,4449.7
591,34,2025-11-16,2349.8
592,397,2024-03-12,10199.6
593,106,2025-04-20,7199.7
594,422,2025-11-26,6899.6
595,364,2023-02-27,1759.6
596,10,2025-04-11,4199.6
597,210,2023-05-19,1799.8
598,373,2023-07-18,1899.9
599,207,2026-04-14,2219.7
600,395,2026-04-28,1019.6
601,174,2025-05-03,5899.7
602,387,2025-08-21,2149.8
603,321,2025-06-03,149.9
604,405,2024-11-15,1799.7
605,228,2026-05-18,2009.7
606,352,2024-09-26,3879.7
607,351,2025-08-18,7679.6
608,191,2025-05-20,3089.4
609,154,2024-02-10,4699.7
610,376,2025-11-13,3449.8
611,283,2023-05-23,1599.9
612,334,2023-11-04,699.9
613,415,2025-05-05,5899.9
614,170,2024-06-09,6399.2
615,198,2024-12-14,2099.8
616,28,2023-06-21,4789.6
617,125,2025-02-26,6199.8
618,97,2025-02-10,3389.5
619,254,2026-05-08,349.9
620,109,2024-10-13,8499.4
621,56,2024-06-12,4399.5
622,231,2026-02-11,6149.5
623,249,2024-03-07,9399.8
624,332,2024-05-11,10599.3
625,290,2026-01-10,2899.9
626,193,2025-04-01,1799.7
627,306,2024-06-07,5699.6
628,118,2025-06-19,4949.6
629,53,2025-05-05,129.9
630,82,2024-09-20,289.8
631,31,2025-01-15,699.9
632,104,2023-02-20,8399.5
633,151,2026-01-16,3989.6
634,317,2024-08-08,2099.8
635,341,2023-01-11,3999.8
636,337,2023-02-08,8799.7
637,153,2023-02-11,1899.9
638,390,2025-07-17,259.8
639,158,2025-06-27,299.8
640,371,2023-06-06,3879.7
641,288,2023-09-29,1399.9
642,183,2024-09-27,4999.7
643,392,2024-07-06,899.8
644,148,2024-02-26,2639.4
645,343,2024-02-07,2699.7
646,7,2025-08-05,849.8
647,190,2024-09-02,5899.6
648,347,2024-02-13,3389.4
649,288,2024-12-14,8399.5
650,393,2024-05-13,4289.4
651,318,2023-11-22,999.9
652,78,2023-03-03,3579.8
653,363,2025-10-02,7499.0
654,260,2025-05-08,399.9
655,15,2023-03-08,359.8
656,192,2026-04-08,2699.7
657,234,2025-08-01,4499.9
658,158,2024-05-15,4259.6
659,418,2025-12-07,2049.8
660,140,2025-01-01,2299.6
661,33,2025-01-05,2499.8
662,69,2023-05-30,1999.8
663,43,2023-06-12,1449.6
664,277,2025-06-10,2099.8
665,424,2023-01-28,6919.1
666,193,2023-11-23,4599.7
667,39,2025-11-21,3499.8
668,312,2026-02-07,799.8
669,30,2025-01-01,979.8
670,345,2026-03-20,249.9
671,419,2026-04-14,1759.6
672,296,2024-05-20,179.9
673,77,2025-09-21,5649.7
674,34,2025-01-11,2999.6
675,351,2026-05-19,1799.9
676,248,2025-07-04,2399.8
677,284,2025-01-21,3549.6
678,333,2024-12-21,649.9
679,343,2026-02-08,3149.6
680,208,2024-06-07,8679.2
681,387,2023-11-24,3329.6
682,416,2026-03-10,2289.7
683,247,2023-10-22,1549.7
684,55,2024-05-21,429.7
685,385,2025-12-02,4649.6
686,120,2025-05-18,1759.6
687,201,2024-12-11,2799.8
688,60,2024-11-30,279.8
689,99,2026-02-17,249.9
690,235,2023-07-10,1099.7
691,234,2025-10-25,2659.5
692,406,2024-09-20,1249.6
693,109,2025-03-26,4999.8
694,78,2025-03-05,3499.9
695,288,2023-09-26,4549.6
696,23,2023-08-20,4089.6
697,206,2025-12-24,1949.2
698,48,2024-01-25,4099.6
699,8,2024-11-05,2479.5
700,305,2026-06-25,3539.4
701,243,2025-09-17,6349.6
702,15,2024-03-15,2049.8
703,226,2024-09-17,4199.5
704,278,2024-08-02,659.8
705,160,2026-06-07,649.8
706,373,2025-08-08,1799.7
707,68,2025-09-08,6099.6
708,83,2024-08-15,2199.6
709,399,2026-03-01,4049.4
710,4,2025-12-04,4599.7
711,214,2025-10-20,5799.8
712,212,2024-12-11,2749.8
713,184,2023-10-18,5399.8
714,220,2024-07-07,1299.8
715,223,2025-02-22,9799.6
716,212,2024-12-01,8349.6
717,304,2025-08-02,3989.6
718,80,2023-10-10,7999.7
719,187,2025-08-13,2199.6
720,124,2024-08-24,449.7
721,122,2026-07-15,15299.4
722,162,2025-08-14,4599.5
723,84,2025-06-24,4999.7
724,200,2024-01-29,2079.8
725,411,2023-10-08,1149.8
726,112,2026-03-13,2099.7
727,259,2024-10-03,5799.7
728,305,2025-04-26,8919.4
729,424,2026-01-02,1199.7
730,178,2024-11-04,9759.5
731,54,2025-04-23,5199.6
732,297,2026-03-19,2899.9
733,57,2024-10-25,649.8
734,101,2026-07-05,1999.8
735,48,2025-06-10,10499.4
736,307,2025-06-22,1249.8
737,88,2026-04-16,5499.8
738,113,2024-07-31,449.7
739,390,2025-11-26,1589.5
740,374,2023-05-05,3679.7
741,367,2023-09-20,3199.9
742,414,2023-09-25,5699.7
743,388,2024-07-16,2959.6
744,344,2025-05-15,7999.7
745,336,2024-04-29,2399.7
746,419,2024-08-22,4399.8
747,47,2025-05-04,999.7
748,223,2023-09-25,7749.3
749,354,2024-01-05,2649.5
750,50,2024-07-18,3729.7
751,325,2025-12-18,9149.3
752,249,2023-06-30,2149.7
753,115,2025-12-19,2129.8
754,420,2024-01-22,4899.8
755,164,2024-02-07,10599.3
756,139,2023-03-27,399.8
757,297,2024-02-29,1899.8
758,347,2023-01-15,3149.5
759,75,2026-05-18,1679.7
760,293,2025-03-05,12499.6
761,391,2025-06-28,3299.9
762,7,2024-09-03,2699.8
763,404,2023-07-28,7279.5
764,216,2024-07-22,2299.7
765,176,2026-01-30,2399.8
766,214,2026-02-25,6808.8
767,44,2023-04-12,6799.4
768,161,2023-02-12,3149.8
769,244,2024-09-08,2199.9
770,3,2023-07-23,2229.5
771,49,2025-04-11,199.9
772,325,2024-06-18,12499.6
773,392,2026-03-24,7599.6
774,243,2024-05-29,3149.7
775,231,2023-10-31,10349.5
776,221,2026-01-07,5859.4
777,9,2023-01-10,2449.8
778,50,2025-06-24,8299.5
779,350,2025-08-25,7149.6
780,415,2025-03-18,999.8
781,345,2025-04-13,3679.5
782,148,2024-02-18,1489.6
783,379,2025-01-07,3379.8
784,18,2025-05-20,329.9
785,60,2025-07-28,3399.6
786,196,2025-11-11,2499.8
787,3,2026-02-15,1229.6
788,66,2023-04-18,6899.2
789,214,2023-05-11,5399.7
790,238,2026-03-06,5699.6
791,410,2024-04-02,2939.7
792,75,2023-12-24,3099.6
793,313,2024-04-03,3499.9
794,2,2024-01-08,3399.7
795,91,2023-12-02,8599.4
796,207,2026-05-11,4499.7
797,135,2025-06-20,2889.6
798,176,2023-08-06,1149.7
799,398,2026-02-19,3779.8
800,361,2026-05-12,689.7
801,315,2023-04-05,5049.6
802,334,2025-10-30,1899.9
803,300,2025-01-06,2799.8
804,335,2026-07-13,3359.4
805,33,2026-01-02,2199.8
806,281,2023-01-29,9599.4
807,415,2026-02-17,599.9
808,220,2024-10-24,699.8
809,25,2025-04-05,1749.6
810,292,2026-02-22,2199.6
811,371,2023-07-25,4699.6
812,143,2026-03-22,4399.8
813,214,2025-08-12,4549.5
814,67,2026-05-13,2849.5
815,113,2024-01-31,1849.6
816,415,2023-04-15,1299.9
817,31,2025-08-25,1989.8
818,377,2024-09-18,1499.7
819,191,2025-09-21,3189.6
820,397,2024-07-12,179.9
821,196,2023-10-15,709.5
822,211,2025-11-06,2789.4
823,202,2025-05-09,7699.3
824,292,2023-04-27,1749.7
825,178,2024-07-08,2649.6
826,105,2023-06-03,199.9
827,195,2026-01-01,269.7
828,183,2025-04-14,3699.7
829,244,2025-07-06,6399.3
830,12,2025-05-13,2199.9
831,2,2025-10-12,2699.7
832,106,2025-09-10,279.8
833,263,2023-03-23,1799.9
834,296,2023-06-15,1199.8
835,102,2025-07-07,4979.5
836,48,2023-05-23,789.6
837,327,2025-09-29,7799.8
838,142,2024-02-12,7999.5
839,149,2023-04-20,2449.6
840,117,2025-08-04,2679.6
841,158,2023-05-17,389.7
842,370,2024-10-14,2419.4
843,198,2026-01-29,1799.9
844,364,2023-07-20,1099.8
845,134,2025-09-12,1749.6
846,126,2026-04-15,4499.7
847,143,2024-03-25,2899.8
848,14,2025-04-28,5399.5
849,299,2023-07-09,4499.8
850,231,2025-07-10,2659.7
851,189,2026-04-04,2849.6
852,328,2024-07-19,1729.7
853,220,2025-06-10,299.9
854,408,2024-05-07,3499.9
855,103,2023-10-09,6699.5
856,259,2023-08-27,8799.7
857,275,2023-08-19,3299.9
858,67,2023-01-09,1849.6
859,252,2024-08-31,6849.4
860,10,2026-05-31,6499.4
861,423,2024-02-07,2429.6
862,4,2023-03-01,1399.8
863,198,2023-10-18,1499.9
864,420,2024-03-03,699.9
865,143,2023-07-05,3899.8
866,335,2023-12-04,1299.8
867,191,2025-07-03,7699.8
868,104,2025-04-17,10799.6
869,10,2024-07-18,2079.5
870,220,2025-01-11,1599.9
871,163,2023-07-30,2199.9
872,284,2023-10-05,1599.9
873,217,2024-03-07,5999.5
874,196,2026-03-04,12799.6
875,229,2025-03-25,1799.9
876,201,2023-03-08,4139.3
877,98,2024-07-23,2349.8
878,235,2025-06-14,299.9
879,129,2024-10-24,189.9
880,185,2025-09-20,249.9
881,244,2026-01-13,4749.5
882,392,2026-07-18,4299.9
883,244,2025-06-08,9599.5
884,54,2024-04-13,799.9
885,15,2025-07-12,599.9
886,131,2025-11-06,4799.7
887,102,2025-02-07,399.9
888,327,2023-09-18,2399.7
889,24,2026-02-05,3299.6
890,239,2026-07-20,4258.9
891,69,2024-02-08,1749.7
892,66,2025-01-06,2449.8
893,353,2023-01-31,4399.8
894,141,2024-09-17,4299.9
895,389,2025-04-06,2649.6
896,374,2025-06-19,10789.4
897,59,2024-04-01,11799.8
898,272,2024-08-17,1079.7
899,44,2023-03-12,2999.5
900,351,2024-04-27,899.9
901,65,2025-05-06,6199.5
902,152,2024-11-19,699.9
903,56,2024-07-14,3599.5
904,201,2023-04-25,4159.7
905,346,2023-03-05,2499.5
906,276,2023-04-15,1499.9
907,359,2023-06-09,11589.4
908,399,2024-07-30,229.9
909,346,2023-04-08,7749.5
910,161,2024-04-24,549.9
911,281,2024-07-04,1799.9
912,320,2024-05-19,7829.4
913,349,2025-01-16,8999.4
914,315,2025-05-02,1329.6
915,185,2025-12-23,3699.7
916,233,2024-02-17,699.9
917,416,2024-04-22,11399.1
918,374,2025-02-27,1499.7
919,10,2023-01-04,2899.9
920,147,2025-12-14,2819.4
921,414,2024-11-25,2199.7
922,215,2025-02-21,7399.6
923,110,2025-09-28,2199.9
924,167,2023-09-02,549.9
925,312,2023-11-26,639.6
926,198,2023-07-01,1249.8
927,81,2024-03-16,329.8
928,186,2023-04-15,4149.6
929,39,2025-01-02,799.8
930,147,2025-06-17,6399.6
931,410,2025-06-15,2899.9
932,227,2026-02-18,2499.7
933,2,2024-10-06,999.8
934,325,2025-04-14,5299.6
935,121,2023-08-28,149.9
936,105,2023-07-31,5899.9
937,179,2023-01-08,1499.8
938,163,2023-04-25,3389.6
939,282,2023-02-21,3699.6
940,235,2023-11-21,3959.7
941,112,2024-03-04,1439.6
942,172,2023-08-29,2299.6
943,152,2023-05-08,629.8
944,335,2025-07-20,9399.8
945,166,2023-03-27,439.8
946,404,2024-02-18,1549.5
947,325,2024-11-01,4349.5
948,345,2023-04-20,549.8
949,136,2025-05-10,2899.9
950,70,2025-02-11,5499.8
951,232,2024-03-04,3299.9
952,296,2024-09-12,1299.9
953,10,2024-02-16,3499.9
954,253,2023-02-19,5149.5
955,222,2026-06-16,5199.7
956,239,2023-02-27,2399.7
957,406,2024-01-19,3199.9
958,421,2025-06-02,1399.8
959,398,2023-11-27,1049.5
960,160,2025-07-26,3779.8
961,322,2025-12-22,6199.6
962,134,2025-11-15,1799.7
963,171,2023-01-25,2049.7
964,20,2023-02-22,3349.6
965,28,2026-07-05,699.9
966,248,2024-10-21,3579.6
967,94,2026-04-20,3479.7
968,374,2026-06-04,2129.7
969,377,2025-02-03,4499.8
970,190,2025-04-18,269.7
971,154,2025-07-08,2199.9
972,344,2023-04-28,8039.4
973,318,2026-03-29,2199.9
974,303,2025-09-24,1799.7
975,358,2026-05-14,599.9
976,144,2026-03-05,2549.8
977,313,2025-08-15,1879.8
978,22,2026-07-11,349.9
979,143,2023-08-31,2999.8
980,240,2025-06-02,89.9
981,378,2026-04-28,1499.8
982,202,2025-01-28,3689.8
983,22,2025-09-12,279.9
984,44,2023-02-24,5599.5
985,113,2025-12-04,949.8
986,208,2024-01-02,3749.6
987,200,2024-04-22,599.9
988,144,2024-02-08,1799.7
989,331,2026-07-21,2399.7
990,107,2024-04-17,3399.4
991,404,2023-08-15,4149.7
992,149,2025-10-25,4999.4
993,271,2026-07-20,5699.6
994,51,2024-12-01,2599.8
995,180,2023-09-25,1319.6
996,109,2024-08-13,149.9
997,233,2025-12-26,14979.3
998,388,2023-11-22,449.8
999,180,2023-02-08,7049.4
1000,330,2026-07-18,7799.8
1001,100,2025-08-14,7399.6
1002,326,2023-09-01,439.8
1003,346,2025-02-25,1999.8
1004,277,2025-04-28,1529.6
1005,347,2026-03-27,3769.6
1006,160,2024-03-06,5899.9
1007,366,2025-11-26,2899.9
1008,159,2025-01-22,4399.5
1009,276,2026-01-02,3849.7
1010,115,2026-04-26,5899.6
1011,13,2024-09-30,1549.6
1012,365,2026-02-19,2999.8
1013,254,2024-07-29,7879.6
1014,368,2025-05-16,9599.6
1015,373,2025-06-29,179.8
1016,172,2026-06-18,349.9
1017,223,2025-05-21,3499.8
1018,127,2024-12-05,2399.7
1019,306,2026-02-22,6099.8
1020,384,2025-03-05,3949.6
1021,147,2024-02-28,9299.6
1022,344,2025-09-11,2199.8
1023,97,2025-10-15,179.8
1024,399,2023-03-06,1499.9
1025,303,2025-06-06,1579.7
1026,337,2024-10-13,649.9
1027,144,2024-12-08,3589.6
1028,395,2026-06-20,7299.4
1029,351,2024-07-06,6299.5
1030,359,2023-12-03,4569.6
1031,353,2023-10-26,2399.8
1032,232,2026-07-23,1799.7
1033,303,2025-01-16,2599.9
1034,112,2025-09-29,899.9
1035,261,2024-07-02,3399.8
1036,299,2026-04-18,1099.8
1037,22,2026-06-06,1799.8
1038,47,2023-11-11,4149.5
1039,151,2023-07-24,1199.8
1040,371,2024-07-11,3599.8
1041,335,2026-01-31,5199.6
1042,328,2024-10-15,939.7
1043,247,2023-07-26,549.9
1044,192,2024-10-23,1999.8
1045,24,2026-03-05,1349.7
1046,335,2023-07-25,5449.5
1047,119,2023-04-13,729.5
1048,375,2024-05-12,1799.9
1049,17,2023-09-05,4549.6
1050,303,2026-03-03,7259.6
1051,130,2025-03-07,699.8
1052,349,2024-12-18,3499.9
1053,172,2023-10-13,6549.4
1054,77,2023-05-21,5849.6
1055,414,2025-10-28,1249.8
1056,122,2025-01-18,2599.9
1057,417,2026-01-17,2049.8
1058,235,2023-02-23,5299.8
1059,263,2023-06-26,89.9
1060,390,2025-10-05,3929.5
1061,282,2025-03-20,6299.8
1062,287,2025-07-10,999.9
1063,139,2023-07-20,5649.3
1064,273,2023-07-12,3099.6
1065,419,2023-01-26,799.8
1066,285,2024-08-15,3899.5
1067,14,2025-07-15,3499.9
1068,224,2023-04-29,4699.8
1069,135,2026-02-09,6799.6
1070,111,2023-06-11,6179.7
1071,405,2023-05-26,3099.8
1072,124,2025-03-19,7689.4
1073,98,2023-09-10,1999.6
1074,258,2026-07-27,9389.4
1075,61,2025-10-23,3199.9
1076,321,2023-02-20,5879.6
1077,45,2024-10-25,2559.5
1078,25,2024-05-15,1549.8
1079,71,2023-08-06,399.9
1080,164,2023-05-19,3749.8
1081,30,2023-06-05,8099.6
1082,27,2025-04-08,459.8
1083,346,2024-10-15,3699.5
1084,14,2023-03-21,3379.6
1085,88,2024-03-08,3599.5
1086,60,2025-09-29,7149.5
1087,87,2025-06-22,3349.5
1088,4,2024-07-27,2399.7
1089,379,2023-07-27,1839.5
1090,38,2026-02-02,5149.6
1091,179,2024-06-02,8199.6
1092,66,2024-05-24,3439.6
1093,282,2024-08-04,5399.8
1094,63,2023-01-20,2049.8
1095,265,2025-05-07,1989.8
1096,142,2026-02-26,1559.7
1097,165,2023-06-17,1999.6
1098,159,2025-04-21,3599.8
1099,171,2023-10-23,2399.8
1100,261,2025-06-26,1949.7
1101,144,2023-03-12,2999.7
1102,346,2026-04-21,5149.2
1103,319,2025-07-04,3799.4
1104,282,2025-07-21,8699.4
1105,399,2025-09-03,1799.9
1106,268,2024-08-11,6599.8
1107,231,2024-10-15,5099.7
1108,14,2025-02-08,4399.6
1109,124,2023-09-13,7219.1
1110,305,2025-10-23,3799.3
1111,262,2024-10-16,4499.9
1112,189,2024-04-10,10799.6
1113,242,2023-04-15,5419.5
1114,390,2025-11-21,4999.8
1115,160,2025-12-15,2499.8
1116,31,2024-11-19,3849.5
1117,288,2025-12-18,3799.8
1118,386,2023-10-14,5099.8
1119,416,2025-10-10,7039.3
1120,406,2025-11-17,5909.5
1121,405,2024-09-29,6999.8
1122,130,2025-10-28,1589.8
1123,419,2023-08-12,2949.7
1124,138,2025-08-31,7999.5
1125,162,2023-10-06,2449.6
1126,293,2026-02-08,3299.6
1127,241,2023-01-02,6499.7
1128,289,2025-04-20,279.9
1129,197,2026-06-03,2399.6
1130,401,2026-05-30,4399.8
1131,398,2026-03-15,9799.6
1132,238,2025-04-25,2399.7
1133,335,2024-01-12,1949.7
1134,383,2024-03-23,3099.8
1135,284,2024-12-19,4699.8
1136,328,2025-04-05,5899.6
1137,143,2024-01-04,3649.6
1138,29,2024-05-21,2699.8
1139,408,2023-08-07,5499.6
1140,81,2025-01-11,6849.7
1141,19,2023-08-26,1649.8
1142,137,2023-06-19,2599.9
1143,306,2024-08-04,1999.8
1144,166,2025-10-10,2029.7
1145,276,2025-11-15,12499.4
1146,16,2024-07-19,599.9
1147,363,2024-10-11,4299.9
1148,257,2026-04-18,4449.5
1149,390,2025-11-08,3889.6
1150,424,2024-06-12,2399.8
1151,237,2023-09-18,2599.7
1152,164,2026-04-16,5689.5
1153,364,2024-01-07,1299.6
1154,334,2024-10-30,3199.4
1155,362,2024-10-30,4689.7
1156,31,2024-05-19,1399.9
1157,160,2024-10-30,2979.6
1158,48,2023-12-19,659.8
1159,46,2024-11-03,1799.9
1160,21,2025-08-27,2199.7
1161,314,2025-05-23,799.9
1162,133,2023-08-05,3699.8
1163,265,2026-01-26,4599.6
1164,80,2023-04-17,1499.7
1165,105,2024-06-12,2899.6
1166,99,2025-06-11,3299.9
1167,246,2026-04-01,4859.2
1168,272,2023-10-22,1299.8
1169,408,2024-01-23,1799.9
1170,320,2024-01-30,639.6
1171,242,2025-04-08,529.8
1172,352,2024-09-21,2199.5
1173,41,2024-09-13,6099.8
1174,222,2025-01-20,4799.8
1175,27,2026-07-25,5899.7
1176,246,2023-02-10,1849.5
1177,301,2023-06-25,3779.7
1178,20,2023-02-27,4999.7
1179,278,2023-07-11,5599.6
1180,78,2025-01-30,7689.6
1181,226,2024-08-18,2749.7
1182,23,2023-12-25,4199.5
1183,348,2023-04-30,4999.6
1184,354,2025-08-04,649.9
1185,189,2024-05-11,3699.8
1186,42,2026-06-04,2349.7
1187,316,2025-08-11,4399.8
1188,25,2024-04-26,2199.9
1189,291,2026-02-02,1799.7
1190,362,2024-12-23,11349.6
1191,296,2023-08-11,3399.8
1192,375,2025-05-05,199.9
1193,368,2023-09-15,399.9
1194,198,2026-07-23,449.7
1195,34,2023-05-31,689.7
1196,376,2023-09-25,4499.9
1197,77,2023-11-16,5349.3
1198,331,2025-04-03,7449.6
1199,320,2025-04-28,179.8
1200,210,2024-02-02,1499.9
1201,104,2023-11-15,4459.6
1202,352,2024-12-31,2199.9
1203,337,2024-07-30,3749.8
1204,276,2026-07-07,3299.7
1205,143,2026-04-24,2899.9
1206,290,2024-12-17,1259.6
1207,27,2023-11-07,999.9
1208,12,2023-03-09,3629.5
1209,288,2024-04-20,6099.8
1210,402,2023-05-24,1249.8
1211,410,2023-04-28,4689.6
1212,250,2023-01-26,7799.7
1213,8,2026-02-13,1199.8
1214,44,2023-06-08,2149.8
1215,24,2023-05-21,1249.8
1216,15,2023-04-27,5899.5
1217,314,2025-03-30,1399.6
1218,323,2024-04-03,9699.2
1219,155,2023-10-21,2299.7
1220,56,2023-01-25,2699.8
1221,122,2024-11-29,1259.7
1222,142,2025-06-04,6649.7
1223,34,2025-05-04,6889.1
1224,99,2023-04-18,249.9
1225,201,2023-09-30,1589.8
1226,276,2026-06-26,699.9
1227,350,2024-12-20,8399.7
1228,418,2024-11-03,199.9
1229,307,2023-12-20,1449.8
1230,367,2024-05-20,12649.3
1231,25,2023-03-10,5579.5
1232,14,2023-03-08,4049.3
1233,312,2026-03-18,2829.4
1234,252,2024-06-04,2249.4
1235,174,2026-02-27,4199.8
1236,394,2024-01-20,2199.9
1237,37,2026-02-19,1499.9
1238,61,2023-07-21,2949.5
1239,134,2023-06-12,539.7
1240,17,2023-11-27,1599.8
1241,307,2026-06-20,599.6
1242,225,2025-01-14,2199.8
1243,328,2023-06-15,8399.7
1244,256,2024-02-05,899.9
1245,374,2023-12-27,5449.7
1246,368,2026-06-15,599.9
1247,365,2026-02-06,199.9
1248,243,2025-03-06,2399.8
1249,145,2025-06-03,5899.9
1250,418,2024-03-02,1499.9
1251,362,2025-10-13,3499.9
1252,198,2026-07-18,539.7
1253,328,2023-12-10,2899.9
1254,311,2026-02-04,4199.5
1255,165,2026-01-09,1149.7
1256,353,2026-06-29,4489.6
1257,185,2025-05-13,3499.7
1258,347,2025-11-11,6999.3
1259,187,2024-05-30,3299.4
1260,382,2024-01-17,1399.7
1261,66,2023-01-06,399.9
1262,28,2023-10-15,4979.5
1263,209,2025-09-20,659.8
1264,124,2024-02-10,2399.7
1265,298,2025-08-03,2849.5
1266,376,2024-09-07,5899.9
1267,67,2023-07-28,8489.3
1268,226,2025-03-04,399.7
1269,220,2025-12-10,4799.6
1270,269,2024-10-08,2959.7
1271,132,2024-05-24,899.9
1272,104,2024-08-08,1799.7
1273,37,2023-06-12,3499.9
1274,24,2026-07-29,1999.6
1275,135,2026-02-01,12979.0
1276,286,2024-03-04,549.9
1277,111,2025-10-14,6449.0
1278,208,2023-11-07,999.9
1279,241,2024-05-21,649.9
1280,308,2025-08-28,1139.7
1281,206,2024-05-01,6349.6
1282,237,2023-06-15,7199.8
1283,319,2023-04-21,3579.8
1284,14,2026-02-10,699.8
1285,8,2023-04-09,3299.6
1286,275,2024-12-27,8779.6
1287,326,2024-01-09,929.7
1288,199,2026-06-21,3849.8
1289,304,2026-02-21,649.7
1290,351,2025-09-18,2279.7
1291,151,2026-05-31,2749.7
1292,366,2025-07-21,1599.8
1293,375,2023-02-17,3749.7
1294,394,2024-04-18,1689.8
1295,293,2026-01-23,299.8
1296,298,2024-11-14,2799.8
1297,86,2026-03-01,799.8
1298,101,2023-02-11,5699.6
1299,53,2024-07-04,1239.6
1300,214,2024-10-24,5299.6
1301,350,2024-11-12,3499.9
1302,194,2023-07-28,2949.8
1303,390,2023-10-28,6229.2
1304,317,2023-09-23,799.9
1305,100,2026-05-08,7499.5
1306,286,2023-08-18,2899.4
1307,33,2024-02-17,1549.6
1308,109,2024-07-01,2499.7
1309,108,2023-08-10,4649.7
1310,151,2026-01-16,5049.8
1311,348,2023-06-06,4099.8
1312,327,2023-05-02,3299.7
1313,189,2024-03-28,4549.2
1314,8,2023-05-18,199.9
1315,382,2025-09-10,4199.8
1316,251,2024-10-06,4489.6
1317,123,2025-04-03,2799.8
1318,215,2026-06-08,2349.6
1319,113,2023-12-14,6939.1
1320,258,2023-07-09,6729.5
1321,309,2023-04-09,3179.8
1322,57,2023-10-27,249.9
1323,50,2025-02-17,2599.9
1324,46,2023-09-28,6199.5
1325,318,2025-04-06,8149.5
1326,405,2023-07-15,4599.7
1327,193,2023-03-08,2399.7
1328,134,2024-03-16,349.9
1329,141,2026-01-15,2799.8
1330,288,2026-02-01,7799.4
1331,90,2025-08-06,2499.7
1332,319,2024-03-07,4499.8
1333,269,2023-12-13,2099.7
1334,39,2026-05-28,4949.3
1335,399,2025-05-07,2999.8
1336,262,2025-03-12,3999.7
1337,27,2024-05-09,1599.8
1338,156,2024-11-04,4629.7
1339,275,2023-05-22,949.6
1340,70,2025-12-16,8699.5
1341,206,2024-08-06,5159.7
1342,187,2024-05-18,249.9
1343,80,2025-01-26,9299.7
1344,94,2026-06-20,189.9
1345,173,2025-02-20,2889.5
1346,307,2026-05-19,199.9
1347,158,2023-03-02,3499.9
1348,276,2023-04-10,1079.7
1349,307,2026-01-14,3399.5
1350,321,2025-02-13,549.9
1351,135,2025-02-07,6649.6
1352,139,2026-05-16,4899.6
1353,84,2024-09-18,8399.6
1354,270,2025-10-09,3829.5
1355,130,2023-01-31,4899.8
1356,301,2025-11-11,2549.7
1357,89,2025-08-19,659.6
1358,384,2024-11-06,2429.6
1359,379,2024-06-01,2949.6
1360,151,2024-10-13,189.9
1361,326,2023-10-07,2199.9
1362,80,2023-02-04,249.9
1363,22,2025-04-25,4299.9
1364,182,2023-04-12,1199.8
1365,270,2023-05-17,3599.7
1366,215,2023-06-16,9059.2
1367,148,2023-07-25,1799.9
1368,186,2026-06-26,429.8
1369,203,2026-05-09,2099.8
1370,238,2023-06-07,3399.8
1371,365,2026-03-16,4399.8
1372,158,2026-01-15,399.9
1373,244,2025-02-21,2499.8
1374,269,2024-02-02,1299.9
1375,418,2023-11-14,10079.6
1376,248,2024-01-22,2199.8
1377,221,2024-08-29,2749.5
1378,201,2023-06-26,4849.7
1379,254,2025-01-20,1999.8
1380,31,2024-04-26,4999.6
1381,419,2023-06-12,399.9
1382,423,2024-08-18,2999.7
1383,351,2025-03-19,7599.8
1384,244,2025-08-17,5999.5
1385,417,2025-11-02,969.6
1386,204,2024-11-18,5349.2
1387,52,2024-12-22,6799.7
1388,255,2023-10-29,7599.6
1389,376,2025-03-06,1899.9
1390,185,2023-05-09,2399.8
1391,300,2024-03-14,6399.5
1392,299,2026-03-01,389.7
1393,195,2025-07-20,4199.7
1394,123,2024-07-15,6299.8
1395,248,2023-09-16,5899.9
1396,388,2025-08-01,2199.9
1397,73,2025-04-07,549.8
1398,187,2023-02-13,2199.9
1399,325,2025-01-17,579.7
1400,291,2023-04-08,3549.6
1401,96,2023-08-09,4299.9
1402,197,2023-03-28,2749.7
1403,38,2025-12-29,1029.7
1404,139,2023-02-01,3599.6
1405,203,2023-06-11,4349.4
1406,9,2024-10-26,6899.7
1407,13,2023-02-12,10389.6
1408,174,2026-01-04,1979.8
1409,68,2023-04-26,6199.4
1410,221,2025-09-26,849.5
1411,390,2026-07-30,3599.6
1412,189,2025-01-06,3459.0
1413,346,2024-02-18,249.9
1414,204,2023-11-07,4699.7
1415,259,2025-07-31,3249.7
1416,15,2026-01-20,899.7
1417,28,2023-10-07,5649.7
1418,168,2026-04-19,4249.5
1419,211,2024-02-23,249.9
1420,324,2024-09-29,6228.9
1421,202,2024-05-05,5899.9
1422,210,2024-01-06,5049.6
1423,230,2023-11-24,3699.8
1424,25,2026-05-02,1299.8
1425,417,2024-04-23,1049.7
1426,397,2023-12-30,449.7
1427,360,2025-10-17,6099.7
1428,179,2024-05-08,6299.7
1429,22,2026-07-21,9079.5
1430,114,2023-04-11,179.8
1431,209,2026-01-25,5399.5
1432,82,2026-07-03,4199.7
1433,354,2024-02-28,899.9
1434,249,2025-04-05,5899.9
1435,292,2023-01-21,4749.5
1436,78,2025-04-30,3159.7
1437,23,2023-08-14,4449.7
1438,316,2026-06-10,4999.8
1439,375,2025-11-29,3099.8
1440,97,2023-03-31,899.9
1441,51,2023-01-28,199.9
1442,26,2023-01-24,799.9
1443,296,2023-08-04,1949.7
1444,50,2024-08-18,3799.6
1445,267,2025-09-04,299.9
1446,30,2026-05-09,699.9
1447,178,2025-11-19,6699.8
1448,194,2024-08-23,5699.6
1449,387,2026-05-27,1499.9
1450,130,2025-02-22,699.9
1451,301,2026-06-04,1989.5
1452,252,2026-04-18,11249.4
1453,221,2023-02-21,9099.4
1454,270,2024-08-16,4959.6
1455,308,2023-07-22,1199.8
1456,218,2025-01-30,7499.4
1457,51,2025-04-09,1029.8
1458,383,2023-07-26,4799.5
1459,79,2023-08-12,4999.6
1460,289,2025-04-17,759.7
1461,228,2024-02-06,3499.9
1462,174,2023-12-27,3499.9
1463,21,2023-12-08,7999.6
1464,380,2026-06-04,2849.5
1465,119,2026-05-14,1999.8
1466,274,2024-10-06,2599.5
1467,353,2023-09-13,3769.6
1468,336,2023-06-21,1689.8
1469,275,2026-06-02,6099.7
1470,244,2025-12-11,1649.7
1471,278,2024-01-15,4019.1
1472,121,2023-01-20,4809.5
1473,141,2023-06-13,799.6
1474,153,2025-11-27,6699.5
1475,322,2025-07-20,4399.8
1476,4,2024-07-14,3999.6
1477,423,2025-01-27,1799.9
1478,401,2024-08-11,4489.6
1479,327,2026-04-03,3299.8
1480,73,2024-07-03,6799.7
1481,89,2024-01-14,5279.6
1482,366,2024-11-25,5299.8
1483,353,2024-01-11,3399.8
1484,65,2026-01-01,2199.8
1485,126,2023-02-23,799.9
1486,32,2024-07-21,4949.6
1487,352,2023-09-26,5979.5
1488,248,2025-08-04,3279.3
1489,254,2024-08-28,11799.4
1490,127,2023-03-24,2149.8
1491,96,2025-10-16,1949.7
1492,17,2023-07-11,1499.6
1493,312,2025-06-17,4699.6
1494,410,2023-01-30,2249.6
1495,373,2025-01-24,5299.8
1496,290,2024-05-10,2599.7
1497,178,2025-01-11,3599.4
1498,156,2025-10-21,1149.8
1499,2,2026-04-10,1399.9
1500,207,2025-04-20,1349.7
1501,116,2025-01-11,4299.6
1502,413,2023-06-02,2149.8
1503,47,2023-05-28,4199.7
1504,225,2024-12-20,3449.8
1505,413,2024-02-06,549.9
1506,284,2025-02-05,1449.7
1507,92,2026-01-18,1599.8
1508,171,2026-06-23,499.9
1509,234,2024-04-29,2789.6
1510,366,2023-08-25,3749.8
1511,41,2026-03-24,5999.8
1512,308,2023-11-23,9749.2
1513,238,2023-11-19,7129.6
1514,72,2026-01-29,2049.8
1515,410,2025-06-11,4099.6
1516,162,2026-05-10,3199.9
1517,18,2024-01-18,4299.9
1518,387,2026-06-29,1199.7
1519,198,2024-09-22,6799.5
1520,281,2026-05-25,8599.3
1521,174,2023-01-10,529.8
1522,215,2024-11-25,6149.6
1523,327,2025-07-27,5399.5
1524,274,2023-01-30,1099.8
1525,131,2026-03-04,699.8
1526,110,2024-04-15,1439.6
1527,330,2026-07-01,1499.9
1528,312,2024-08-14,3829.5
1529,364,2026-05-27,1919.5
1530,344,2023-11-19,4199.7
1531,193,2023-06-16,2699.7
1532,308,2024-02-23,2199.9
1533,15,2025-08-10,3199.9
1534,264,2024-02-20,7049.3
1535,239,2023-01-17,1799.7
1536,135,2024-09-10,2049.8
1537,301,2024-06-13,4859.2
1538,38,2026-03-27,3749.6
1539,192,2023-04-04,7368.9
1540,357,2024-11-22,1799.9
1541,316,2025-06-28,6449.8
1542,170,2025-04-01,2979.4
1543,145,2024-12-17,8429.1
1544,162,2024-03-02,379.7
1545,240,2025-08-10,2249.6
1546,10,2025-10-30,1199.7
1547,149,2023-12-18,2899.9
1548,216,2026-07-11,6249.7
1549,372,2024-02-14,1599.9
1550,21,2024-10-17,4399.6
1551,20,2023-09-01,539.7
1552,74,2025-08-11,2799.7
1553,149,2025-10-03,3029.6
1554,82,2025-01-09,3179.3
1555,320,2026-07-04,3639.5
1556,90,2024-08-25,699.9
1557,353,2025-12-15,699.9
1558,31,2024-02-05,739.8
1559,147,2025-02-13,3079.5
1560,204,2025-02-11,6549.6
1561,290,2026-01-31,6299.8
1562,313,2025-09-12,2899.7
1563,186,2023-01-09,1089.8
1564,348,2024-02-28,4589.7
1565,298,2024-02-02,7359.5
1566,227,2024-04-14,5849.6
1567,205,2024-04-15,1899.7
1568,99,2024-02-22,899.9
1569,379,2024-10-24,829.8
1570,169,2025-08-29,5629.5
1571,320,2026-01-07,4899.6
1572,81,2026-02-18,4499.9
1573,14,2025-01-31,5399.4
1574,408,2024-06-29,3759.5
1575,309,2023-11-18,549.9
1576,415,2026-01-29,4799.7
1577,258,2024-01-02,399.9
1578,128,2026-04-08,2699.8
1579,322,2025-10-14,7999.8
1580,304,2025-05-30,6499.6
1581,316,2023-04-22,179.8
1582,176,2023-10-09,12699.5
1583,264,2024-04-15,12099.6
1584,369,2025-09-16,559.8
1585,197,2024-10-19,2899.9
1586,25,2023-01-23,2029.8
1587,258,2025-12-07,7399.8
1588,310,2025-11-01,2999.7
1589,292,2025-03-12,13129.3
1590,318,2024-02-18,899.9
1591,251,2025-08-29,4399.8
1592,53,2026-04-14,4599.7
1593,293,2024-01-29,2489.5
1594,63,2026-07-09,989.7
1595,308,2024-10-20,2729.8
1596,305,2025-06-09,529.8
1597,325,2023-10-11,5099.7
1598,221,2023-01-03,4299.9
1599,322,2023-05-04,1199.7
1600,394,2025-11-09,849.8
1601,8,2023-01-01,2899.5
1602,213,2024-09-13,3499.9
1603,31,2023-08-31,2529.8
1604,23,2024-10-04,5749.7
1605,32,2023-09-13,1949.8
1606,266,2023-09-05,3299.7
1607,160,2025-03-29,6949.7
1608,320,2025-12-27,2829.5
1609,144,2026-05-18,279.9
1610,163,2023-04-23,3499.9
1611,232,2024-06-04,5049.7
1612,135,2023-11-04,8379.2
1613,277,2023-07-13,3609.4
1614,321,2026-05-01,1649.8
1615,168,2026-02-28,1929.8
1616,122,2025-08-11,1799.9
1617,348,2025-07-06,10899.6
1618,39,2025-10-28,5449.7
1619,67,2025-11-19,3599.6
1620,216,2023-07-17,5799.8
1621,371,2023-06-09,959.7
1622,406,2024-12-22,4459.5
1623,230,2024-01-14,1679.1
1624,172,2025-02-09,329.9
1625,312,2026-05-16,279.9
1626,127,2024-12-11,4089.4
1627,312,2025-01-28,1399.8
1628,244,2024-06-17,899.9
1629,276,2024-07-28,1649.6
1630,133,2023-12-24,189.9
1631,274,2024-05-01,8499.7
1632,367,2024-08-17,6999.4
1633,169,2026-01-06,2099.8
1634,161,2023-12-20,5299.6
1635,423,2023-07-24,2399.6
1636,391,2025-02-20,10899.4
1637,411,2024-10-13,1599.8
1638,102,2026-05-08,4149.8
1639,370,2024-04-05,3999.5
1640,342,2023-12-12,2199.9
1641,332,2023-09-25,179.8
1642,412,2026-01-07,3449.8
1643,345,2023-01-09,3199.9
1644,322,2025-07-12,2559.5
1645,15,2026-06-26,2599.8
1646,155,2024-12-03,1749.8
1647,101,2025-03-13,8699.7
1648,12,2024-04-17,899.9
1649,256,2023-04-10,3449.6
1650,219,2023-04-19,1999.6
1651,186,2024-11-10,4199.8
1652,243,2024-10-15,3329.6
1653,197,2025-02-23,1089.8
1654,391,2023-11-23,349.9
1655,287,2023-07-11,1599.9
1656,363,2026-02-10,3049.5
1657,231,2023-10-25,199.9
1658,174,2026-04-29,2199.8
1659,137,2023-08-24,4049.8
1660,418,2023-03-10,6679.5
1661,201,2023-05-12,8799.4
1662,306,2023-03-16,3699.8
1663,244,2024-08-20,299.9
1664,356,2026-07-07,4249.3
1665,85,2026-06-11,1499.9
1666,52,2025-09-24,1399.9
1667,298,2023-06-30,749.8
1668,418,2026-01-09,4249.7
1669,155,2024-10-04,5399.5
1670,340,2026-07-02,4449.7
1671,298,2023-07-09,1849.8
1672,128,2023-03-05,549.9
1673,233,2023-08-23,7689.6
1674,407,2023-12-22,699.8
1675,417,2025-09-24,4199.8
1676,396,2023-09-14,1449.8
1677,4,2024-07-20,1499.9
1678,349,2025-06-11,799.9
1679,352,2023-01-25,1799.7
1680,337,2025-05-17,4499.9
1681,407,2026-03-02,1499.9
1682,197,2024-09-02,5399.8
1683,312,2024-06-06,4499.9
1684,276,2025-01-03,6379.6
1685,232,2026-04-02,1259.7
1686,188,2025-11-05,2239.7
1687,165,2025-07-09,149.9
1688,114,2024-06-05,999.8
1689,130,2026-01-17,9139.3
1690,98,2026-02-07,9399.6
1691,62,2024-04-20,3049.7
1692,353,2023-07-24,3649.6
1693,258,2024-11-22,1899.7
1694,143,2025-07-29,899.9
1695,409,2023-03-01,4199.8
1696,380,2026-03-02,3999.7
1697,219,2024-10-31,7899.7
1698,182,2023-11-25,3099.7
1699,283,2026-01-23,2459.6
1700,2,2024-01-13,7799.5
1701,423,2024-06-10,2079.6
1702,324,2025-10-10,89.9
1703,359,2026-05-29,1779.6
1704,370,2026-07-01,2449.8
1705,424,2025-11-29,6919.2
1706,29,2026-07-28,6409.3
1707,423,2024-08-05,2499.8
1708,261,2023-08-31,1399.8
1709,30,2025-03-19,2379.5
1710,295,2024-05-27,3099.8
1711,32,2025-04-07,3029.8
1712,220,2023-01-20,1799.9
1713,85,2026-07-07,5399.5
1714,28,2024-03-05,5529.5
1715,249,2024-01-05,149.9
1716,280,2023-10-07,3999.5
1717,367,2025-11-03,6589.7
1718,297,2024-12-02,5199.7
1719,166,2025-10-13,8999.4
1720,223,2023-09-30,2849.7
1721,258,2025-07-18,3899.7
1722,263,2024-11-14,1799.9
1723,18,2023-12-19,1249.8
1724,17,2024-10-05,4499.7
1725,124,2024-07-25,4989.4
1726,300,2025-12-24,5749.3
1727,277,2023-12-14,11899.2
1728,109,2023-05-03,7699.8
1729,351,2023-04-15,2899.9
1730,73,2023-02-04,3099.6
1731,46,2025-10-24,3499.9
1732,240,2025-06-16,549.9
1733,259,2025-09-19,1399.8
1734,161,2024-01-18,1499.8
1735,192,2025-03-24,1949.7
1736,3,2023-10-03,1199.8
1737,386,2025-12-19,10799.1
1738,81,2024-02-21,2249.6
1739,26,2025-06-11,2199.9
1740,259,2024-05-08,2399.7
1741,198,2023-07-22,9499.6
1742,118,2025-08-23,1199.7
1743,8,2026-05-07,6599.8
1744,378,2026-06-14,249.9
1745,5,2025-10-21,5499.7
1746,221,2025-11-22,3399.7
1747,43,2024-02-21,3999.7
1748,38,2025-06-11,2099.7
1749,201,2023-05-14,799.8
1750,406,2025-11-12,4699.6
1751,74,2024-03-03,319.8
1752,191,2023-03-17,2899.7
1753,213,2024-11-01,899.9
1754,34,2024-02-14,5999.6
1755,37,2023-08-23,349.9
1756,8,2025-08-19,2849.6
1757,351,2023-05-15,279.9
1758,14,2025-01-01,4699.6
1759,159,2023-08-18,5499.2
1760,158,2023-12-25,5599.6
1761,330,2025-06-20,4599.7
1762,415,2024-04-22,5699.8
1763,371,2024-12-29,349.9
1764,152,2024-10-11,4299.8
1765,10,2023-05-20,989.7
1766,236,2023-09-10,1649.7
1767,162,2024-11-04,2159.7
1768,417,2023-07-10,2299.7
1769,256,2023-08-08,3799.4
1770,201,2024-11-14,1599.8
1771,294,2025-06-25,389.7
1772,63,2024-12-10,4799.8
1773,291,2024-05-03,799.9
1774,217,2025-01-13,4999.7
1775,91,2023-05-27,649.9
1776,112,2024-09-21,1779.7
1777,54,2023-05-24,1799.8
1778,9,2026-04-23,1399.9
1779,215,2025-06-08,2149.6
1780,361,2023-04-04,1199.6
1781,370,2024-08-24,3499.9
1782,133,2026-02-20,3949.7
1783,230,2023-05-04,6399.6
1784,26,2024-04-26,499.9
1785,202,2024-10-10,7699.6
1786,240,2023-01-01,2499.8
1787,39,2023-01-09,279.9
1788,261,2024-04-02,5549.6
1789,259,2023-08-25,1899.9
1790,335,2024-10-09,1899.9
1791,171,2023-06-27,5299.8
1792,375,2023-02-09,3299.8
1793,319,2025-10-19,6929.6
1794,300,2024-07-29,6049.1
1795,81,2023-06-03,1039.3
1796,301,2026-04-05,1649.7
1797,191,2023-08-14,3699.6
1798,419,2025-10-19,2999.8
1799,261,2024-03-08,7049.5
1800,404,2026-02-12,5599.6
1801,94,2024-11-11,1339.5
1802,373,2026-07-20,4359.5
1803,224,2026-07-06,6999.8
1804,160,2026-03-20,3149.4
1805,50,2024-11-22,1199.8
1806,203,2025-09-01,2899.9
1807,246,2023-04-25,3779.8
1808,229,2024-12-05,1509.5
1809,43,2025-06-18,7689.3
1810,401,2026-01-12,6059.5
1811,67,2026-07-18,8599.6
1812,329,2024-02-29,3189.6
1813,206,2026-05-02,4599.8
1814,362,2023-10-20,3099.7
1815,37,2026-04-18,1599.9
1816,27,2023-10-11,449.8
1817,281,2024-03-26,2699.7
1818,115,2024-03-21,5899.9
1819,37,2023-02-21,3059.6
1820,222,2026-07-27,4799.7
1821,79,2026-03-13,549.8
1822,395,2025-06-13,5479.6
1823,61,2025-06-27,2499.8
1824,277,2025-08-30,3899.6
1825,312,2025-05-14,699.9
1826,221,2025-02-25,3699.7
1827,337,2023-08-16,399.9
1828,372,2023-08-09,2349.7
1829,54,2024-11-19,8499.6
1830,365,2023-03-10,1499.9
1831,257,2026-05-26,3379.4
1832,144,2025-03-31,5099.6
1833,349,2023-04-23,3399.6
1834,37,2023-07-31,5999.6
1835,298,2025-05-10,6999.8
1836,256,2024-03-26,7549.7
1837,367,2023-10-31,1249.7
1838,331,2023-11-18,5799.8
1839,136,2023-10-16,2499.6
1840,248,2024-12-08,2599.8
1841,370,2026-06-16,7069.4
1842,250,2024-12-22,4599.8
1843,221,2023-05-29,2049.6
1844,174,2024-05-11,5539.5
1845,147,2025-03-26,4299.9
1846,78,2025-01-07,2249.6
1847,277,2026-01-21,279.9
1848,145,2025-11-17,3699.7
1849,148,2025-08-14,2899.9
1850,198,2025-01-01,2249.8
1851,154,2026-01-23,5799.6
1852,41,2025-12-09,2299.6
1853,33,2024-12-11,699.9
1854,411,2023-09-11,5099.6
1855,105,2025-06-06,3249.6
1856,342,2024-04-09,5199.6
1857,11,2025-12-14,9379.7
1858,401,2025-11-29,3799.8
1859,246,2024-09-18,1999.8
1860,54,2025-11-22,889.8
1861,310,2024-05-16,2399.7
1862,410,2023-03-03,599.6
1863,197,2026-02-25,3199.7
1864,347,2023-09-05,259.8
1865,152,2023-07-26,2399.7
1866,232,2024-09-15,1079.7
1867,255,2023-12-18,809.7
1868,213,2023-01-01,1499.9
1869,360,2025-10-15,2499.5
1870,209,2024-07-16,1499.9
1871,4,2023-04-28,429.7
1872,385,2026-06-25,7299.7
1873,69,2024-03-03,899.9
1874,12,2024-06-12,5249.7
1875,325,2026-06-01,1479.8
1876,402,2026-02-23,5299.8
1877,89,2023-09-03,5999.7
1878,184,2024-07-28,4149.6
1879,227,2026-02-28,249.9
1880,4,2025-02-14,3499.8
1881,420,2024-08-18,3079.8
1882,138,2023-06-16,2349.7
1883,313,2023-03-04,299.9
1884,8,2025-07-01,2699.7
1885,295,2023-09-24,1799.9
1886,320,2024-08-28,2799.7
1887,348,2025-01-01,4999.6
1888,38,2025-03-05,349.9
1889,264,2026-04-02,6099.7
1890,70,2024-12-17,3999.8
1891,371,2023-07-29,4449.7
1892,29,2025-11-08,1599.5
1893,333,2023-01-18,6399.6
1894,100,2023-08-20,6499.8
1895,81,2026-05-31,359.8
1896,250,2023-12-25,2399.8
1897,411,2026-05-25,349.9
1898,134,2025-06-17,4079.5
1899,265,2023-05-17,5799.8
1900,373,2023-07-27,1799.7
1901,91,2026-04-22,1669.4
1902,93,2024-08-04,3499.9
1903,134,2023-12-21,18299.4
1904,408,2025-08-01,5419.2
1905,84,2024-03-15,1499.9
1906,408,2024-03-19,5789.6
1907,421,2026-07-06,3149.6
1908,311,2023-04-07,4499.5
1909,106,2023-02-03,8699.5
1910,113,2026-05-04,3179.4
1911,154,2025-08-22,179.8
1912,121,2025-07-18,849.8
1913,229,2023-01-12,399.9
1914,320,2024-11-05,8929.6
1915,295,2023-05-08,699.9
1916,311,2025-12-16,3319.1
1917,211,2023-08-11,199.9
1918,88,2024-02-22,4299.6
1919,359,2025-10-25,8899.5
1920,232,2023-06-05,3299.7
1921,273,2025-03-30,6619.1
1922,363,2024-10-29,2969.4
1923,347,2025-01-24,2899.9
1924,266,2024-03-21,249.9
1925,114,2024-01-15,499.9
1926,345,2023-05-31,6449.8
1927,185,2026-03-09,3299.6
1928,132,2026-07-01,1179.8
1929,89,2023-04-16,4949.5
1930,56,2024-05-27,899.9
1931,318,2023-07-19,10979.1
1932,75,2024-09-12,1499.5
1933,418,2024-01-15,929.7
1934,65,2026-03-04,3549.8
1935,28,2025-06-14,8949.7
1936,246,2023-03-17,6399.6
1937,336,2025-10-11,9299.5
1938,108,2025-11-11,3699.6
1939,12,2023-06-12,5599.6
1940,346,2025-11-03,8999.7
1941,91,2025-02-01,3799.6
1942,276,2025-10-14,389.7
1943,380,2023-04-12,659.8
1944,154,2024-09-17,3139.5
1945,381,2025-10-01,5749.3
1946,111,2025-09-03,15599.6
1947,121,2024-09-28,1599.9
1948,121,2025-02-11,1599.8
1949,5,2026-07-03,1159.7
1950,28,2026-05-07,2179.7
1951,93,2024-07-26,2199.8
1952,61,2024-07-04,989.8
1953,312,2023-07-18,1989.8
1954,53,2025-10-18,699.8
1955,142,2023-03-06,1899.6
1956,373,2024-08-22,6049.8
1957,250,2024-10-10,9899.7
1958,136,2026-01-02,3899.6
1959,377,2026-03-03,2399.7
1960,368,2024-03-26,2299.4
1961,107,2024-08-09,4799.7
1962,202,2025-08-08,499.9
1963,77,2024-03-13,4879.7
1964,55,2023-04-20,8949.4
1965,143,2024-12-08,5499.7
1966,27,2023-06-12,2599.6
1967,60,2026-03-16,2949.7
1968,388,2023-05-09,999.8
1969,1,2025-08-30,8299.6
1970,379,2024-01-05,1999.5
1971,197,2026-07-10,4149.4
1972,368,2025-12-27,6259.4
1973,266,2024-04-12,4299.9
1974,363,2023-08-28,3799.7
1975,256,2025-08-21,13099.4
1976,267,2026-03-12,3499.9
1977,197,2025-06-30,1999.5
1978,396,2025-10-23,6999.7
1979,330,2026-04-02,2749.6
1980,283,2023-03-28,4499.7
1981,329,2024-04-28,4879.4
1982,1,2023-11-28,2999.5
1983,371,2024-07-19,3029.5
1984,322,2023-09-30,4299.7
1985,376,2023-12-02,2399.8
1986,112,2026-02-25,5889.5
1987,325,2023-07-31,4499.7
1988,79,2024-02-15,6839.1
1989,411,2026-05-27,989.7
1990,113,2024-08-25,1159.7
1991,112,2026-02-18,5899.7
1992,158,2023-09-05,3149.8
1993,207,2025-09-22,2199.9
1994,297,2026-01-29,5049.4
1995,181,2023-02-18,2389.8
1996,325,2024-09-29,1399.7
1997,63,2025-09-19,7499.5
1998,126,2025-01-16,2739.6
1999,360,2024-12-06,7649.3
2000,74,2023-06-27,2299.8
2001,254,2023-04-03,1799.8
2002,387,2023-06-20,6399.8
2003,330,2025-06-09,5999.5
2004,187,2023-08-02,4299.9
2005,231,2026-04-09,1599.9
2006,251,2023-02-14,449.7
2007,215,2024-06-04,1999.7
2008,424,2023-12-09,2179.7
2009,227,2025-06-19,5199.8
2010,327,2023-10-08,1989.6
2011,88,2023-09-18,6399.8
2012,26,2024-08-08,149.9
2013,312,2026-01-29,4399.8
2014,410,2026-07-27,479.8
2015,415,2023-01-28,6899.4
2016,381,2026-01-05,349.9
2017,38,2026-05-23,7299.6
2018,89,2023-12-10,1399.7
2019,204,2026-06-22,8799.4
2020,269,2023-09-03,389.7
2021,131,2023-09-01,8599.8
2022,109,2024-08-11,3039.3
2023,38,2026-06-17,5299.4
2024,234,2024-04-13,4299.7
2025,232,2024-03-05,4439.5
2026,283,2025-07-02,6999.7
2027,29,2024-05-01,5149.7
2028,42,2025-11-14,199.9
2029,383,2025-11-21,469.6
2030,39,2024-12-14,5739.4
2031,144,2025-04-30,3799.6
2032,424,2023-05-02,3449.8
2033,138,2023-05-23,4849.5
2034,243,2024-03-22,15999.4
2035,331,2025-06-13,3099.8
2036,47,2026-06-27,6749.3
2037,245,2026-04-18,4249.7
2038,355,2026-01-03,9299.1
2039,202,2026-02-16,3499.8
2040,186,2025-08-09,3699.7
2041,53,2024-04-27,1899.9
2042,318,2023-05-06,1249.8
2043,123,2024-10-14,2999.6
2044,317,2023-04-06,3499.7
2045,31,2025-08-30,2059.7
2046,378,2023-02-22,3599.3
2047,183,2026-01-09,1849.7
2048,235,2026-06-27,2459.4
2049,64,2024-05-07,1499.9
2050,332,2026-06-07,4049.7
2051,25,2025-12-01,4449.7
2052,124,2025-07-09,89.9
2053,400,2025-01-19,799.8
2054,6,2024-09-13,3349.7
2055,86,2024-04-26,3099.6
2056,178,2023-11-03,8449.0
2057,231,2023-02-28,999.9
2058,219,2023-05-08,5059.6
2059,302,2024-07-15,6659.2
2060,107,2024-07-26,679.8
2061,374,2024-11-17,1499.9
2062,131,2025-04-24,4149.8
2063,424,2024-03-15,6299.8
2064,225,2023-10-27,6849.7
2065,48,2024-12-27,3699.4
2066,318,2025-03-25,3099.4
2067,214,2023-08-21,5899.7
2068,10,2023-04-18,1779.8
2069,82,2023-02-23,1499.9
2070,43,2024-01-11,6399.6
2071,163,2025-12-21,6999.5
2072,113,2025-05-30,189.9
2073,288,2024-01-09,1899.9
2074,316,2025-05-29,6599.4
2075,288,2024-03-28,7499.5
2076,266,2023-02-18,1849.6
2077,202,2024-12-09,1499.7
2078,207,2023-11-22,279.9
2079,264,2023-03-14,1619.3
2080,185,2024-09-11,2099.7
2081,233,2023-06-27,2899.9
2082,24,2023-02-24,9349.5
2083,256,2024-11-23,1799.7
2084,296,2024-09-11,5599.7
2085,190,2023-06-01,2709.5
2086,377,2025-06-05,5099.7
2087,357,2024-12-11,2049.8
2088,272,2025-07-28,1799.9
2089,4,2024-09-13,3549.1
2090,366,2025-11-22,4089.7
2091,270,2025-08-28,1799.9
2092,130,2023-10-23,4199.6
2093,100,2024-07-02,1899.9
2094,383,2025-01-02,3099.6
2095,162,2025-08-11,6889.4
2096,240,2024-09-20,2149.8
2097,301,2025-12-01,12599.0
2098,153,2023-03-08,499.9
2099,349,2025-01-30,1629.8
2100,146,2024-02-21,3449.7
2101,252,2023-03-08,1049.7
2102,7,2026-05-13,3449.7
2103,196,2025-06-14,7249.6
2104,251,2024-03-08,199.9
2105,403,2025-12-25,1249.8
2106,285,2024-09-04,6519.2
2107,353,2024-05-20,699.9
2108,57,2025-09-30,2619.4
2109,136,2026-04-18,5609.5
2110,242,2023-03-05,3679.6
2111,407,2024-12-07,189.9
2112,187,2023-01-11,1799.8
2113,162,2025-08-05,7299.4
2114,71,2026-04-13,4679.7
2115,115,2023-01-29,3979.5
2116,93,2025-07-24,9449.7
2117,337,2025-03-19,249.9
2118,311,2025-02-03,7189.7
2119,265,2023-07-10,3699.8
2120,195,2024-08-24,1779.8
2121,31,2025-05-04,1599.8
2122,246,2026-04-29,6599.5
2123,190,2023-07-13,4349.3
2124,210,2023-08-02,499.9
2125,87,2023-02-01,3899.5
2126,335,2024-07-05,1599.8
2127,13,2023-06-26,799.8
2128,121,2025-11-15,2399.6
2129,409,2025-05-12,799.8
2130,150,2023-08-07,12099.3
2131,67,2024-01-06,179.8
2132,4,2024-12-19,3899.8
2133,409,2023-12-15,2689.5
2134,208,2023-10-19,7039.4
2135,210,2023-02-28,9349.1
2136,240,2023-05-25,4699.6
2137,104,2024-09-10,7099.4
2138,23,2026-05-04,2499.8
2139,155,2023-01-31,5399.4
2140,217,2025-01-01,4299.9
2141,157,2025-07-01,4389.6
2142,109,2024-01-13,1689.5
2143,191,2025-05-18,3079.7
2144,345,2024-05-13,2699.6
2145,316,2023-08-25,6899.7
2146,119,2025-02-14,3089.8
2147,22,2026-06-12,149.9
2148,103,2024-04-12,2999.6
2149,407,2025-06-19,1999.7
2150,312,2024-09-15,1679.6
2151,96,2024-04-01,5249.7
2152,4,2025-02-28,6599.4
2153,178,2024-10-25,1149.8
2154,368,2023-02-06,4199.4
2155,334,2024-06-10,789.8
2156,423,2026-06-19,5749.7
2157,48,2026-03-02,4099.5
2158,89,2025-02-25,4999.7
2159,228,2025-01-29,2899.8
2160,294,2023-04-04,1229.8
2161,360,2024-09-24,4229.7
2162,6,2026-05-30,649.9
2163,407,2023-07-21,189.9
2164,224,2025-07-29,6599.7
2165,39,2025-09-04,2919.5
2166,212,2024-03-07,1999.7
2167,82,2023-03-03,3899.7
2168,357,2024-06-19,8999.6
2169,53,2023-10-22,5999.7
2170,363,2024-10-04,7719.4
2171,400,2026-05-16,2459.6
2172,358,2025-01-03,10199.8
2173,64,2024-12-02,8299.6
2174,244,2024-01-03,4699.8
2175,257,2025-02-08,4399.6
2176,136,2023-09-25,5699.7
2177,14,2024-08-29,11399.4
2178,79,2024-11-16,429.8
2179,147,2024-09-09,1899.8
2180,285,2024-06-10,799.8
2181,382,2025-05-20,6399.8
2182,268,2024-07-05,4299.9
2183,70,2023-04-11,5149.4
2184,138,2026-06-18,1649.8
2185,219,2023-07-23,3629.4
2186,138,2025-03-09,3499.9
2187,332,2023-12-03,3099.6
2188,302,2023-12-07,4299.6
2189,154,2025-02-08,4699.7
2190,225,2025-11-05,1799.9
2191,310,2025-09-10,7799.8
2192,233,2026-01-23,6379.6
2193,281,2024-06-08,3499.6
2194,324,2024-03-18,7649.2
2195,336,2025-03-15,2199.7
2196,147,2025-11-19,3849.6
2197,340,2025-05-10,3499.9
2198,396,2026-01-04,1989.8
2199,278,2023-02-05,8839.3
2200,156,2024-11-10,599.9
2201,278,2026-01-09,8599.6
2202,348,2025-09-07,2699.7
2203,151,2025-11-15,729.8
2204,390,2024-09-18,2499.7
2205,374,2024-07-24,1599.8
2206,192,2024-05-17,1999.7
2207,326,2025-07-13,9299.6
2208,196,2024-12-15,4699.8
2209,60,2024-04-17,899.8
2210,49,2026-02-27,1199.8
2211,17,2025-08-26,1179.8
2212,38,2026-04-17,2899.6
2213,69,2024-08-24,5829.5
2214,135,2025-09-27,1799.7
2215,77,2026-02-26,2099.7
2216,190,2023-11-21,3499.9
2217,244,2025-04-02,459.8
2218,355,2024-09-30,2489.7
2219,279,2025-11-17,5779.7
2220,272,2025-12-26,2099.7
2221,274,2025-12-17,199.9
2222,191,2023-09-18,2599.4
2223,33,2026-02-06,2899.9
2224,240,2023-11-11,3899.4
2225,229,2025-12-29,699.8
2226,287,2024-03-03,2089.8
2227,264,2025-01-03,4199.4
2228,243,2023-08-01,599.9
2229,242,2026-04-04,1489.5
2230,83,2024-10-25,2699.8
2231,336,2023-01-19,4389.5
2232,201,2025-11-12,6099.4
2233,405,2026-01-17,9089.0
2234,246,2026-04-24,2149.5
2235,166,2024-04-07,6899.6
2236,267,2026-04-21,1299.9
2237,287,2023-03-13,2299.9
2238,367,2026-01-29,1819.5
2239,270,2024-10-30,4199.7
2240,257,2026-05-03,4279.5
2241,209,2023-08-23,549.9
2242,394,2023-06-07,4799.6
2243,31,2026-05-27,899.9
2244,269,2023-09-18,1299.7
2245,56,2023-11-04,3689.4
2246,123,2023-02-10,349.9
2247,149,2024-07-08,4049.8
2248,247,2025-02-21,5079.6
2249,79,2024-06-16,6399.5
2250,138,2023-03-19,2159.4
2251,144,2026-01-17,7699.8
2252,265,2024-08-07,6899.7
2253,5,2026-03-14,5299.6
2254,406,2023-08-17,1509.6
2255,178,2024-10-29,1049.7
2256,109,2023-12-03,1599.9
2257,181,2024-01-08,2999.6
2258,182,2025-10-28,1869.4
2259,260,2024-10-04,3499.6
2260,234,2024-11-03,4799.5
2261,148,2023-11-01,4299.9
2262,82,2023-03-20,1649.8
2263,75,2023-02-09,6599.5
2264,293,2026-01-06,6599.7
2265,314,2025-01-07,699.9
2266,276,2025-05-07,4699.6
2267,401,2025-02-07,359.8
2268,183,2026-03-20,1799.9
2269,367,2025-09-25,2399.7
2270,73,2025-04-01,3149.8
2271,56,2023-02-21,3899.6
2272,172,2025-08-22,2699.7
2273,273,2023-11-21,5949.7
2274,132,2025-09-20,4499.9
2275,307,2025-12-05,6189.3
2276,384,2024-10-23,5199.8
2277,383,2023-09-15,899.9
2278,105,2025-10-18,2199.9
2279,420,2024-03-18,3049.6
2280,14,2024-05-12,1339.6
2281,231,2025-01-06,1949.7
2282,128,2023-03-28,2549.5
2283,313,2026-05-15,249.9
2284,83,2023-06-30,549.9
2285,134,2023-03-29,4299.9
2286,145,2025-05-11,5349.7
2287,187,2023-11-07,3249.5
2288,253,2025-08-01,5099.8
2289,144,2025-10-11,4899.7
2290,352,2024-03-26,699.9
2291,153,2023-09-23,3199.9
2292,34,2025-07-02,6499.6
2293,56,2026-07-20,1699.8
2294,129,2026-07-15,4799.8
2295,414,2023-07-22,4399.8
2296,270,2024-09-03,2399.7
2297,269,2026-02-18,9199.5
2298,162,2026-06-20,1499.9
2299,227,2023-06-11,389.8
2300,193,2024-03-31,2499.6
2301,183,2024-11-19,7599.8
2302,58,2025-01-19,1199.7
2303,35,2024-09-29,6299.7
2304,386,2025-07-19,2399.7
2305,357,2024-06-06,999.8
2306,250,2024-07-13,4479.7
2307,285,2024-06-13,199.9
2308,84,2023-02-01,199.9
2309,350,2025-06-01,2199.8
2310,73,2025-10-30,6849.6
2311,108,2024-03-30,189.9
2312,30,2025-12-04,2139.5
2313,82,2026-03-25,2139.6
2314,282,2025-02-22,5199.8
2315,22,2024-04-16,1909.7
2316,371,2023-03-15,3049.5
2317,125,2026-01-17,8399.7
2318,47,2025-08-30,1299.9
2319,65,2025-12-13,1199.8
2320,260,2023-10-24,3359.7
2321,80,2025-05-03,4199.7
2322,92,2023-05-18,8149.4
2323,217,2025-02-08,3449.7
2324,233,2025-11-17,3499.9
2325,126,2024-12-26,3299.9
2326,128,2024-10-27,5499.6
2327,83,2025-03-04,1799.7
2328,138,2024-06-02,8699.1
2329,183,2025-09-27,5799.6
2330,90,2023-04-09,3499.8
2331,152,2024-03-16,6629.0
2332,234,2024-07-02,449.8
2333,256,2023-12-06,13899.4
2334,185,2023-08-05,1299.8
2335,373,2026-02-04,4199.7
2336,89,2025-02-21,6129.6
2337,361,2023-06-17,4799.5
2338,145,2023-01-20,8129.2
2339,359,2024-12-01,1799.8
2340,186,2026-03-23,4399.7
2341,22,2023-06-09,8119.3
2342,207,2026-01-21,1399.6
2343,190,2024-04-20,3199.5
2344,349,2026-07-26,5399.8
2345,342,2025-02-14,1599.9
2346,318,2023-08-21,899.9
2347,36,2025-09-16,12539.3
2348,90,2023-06-29,4099.5
2349,7,2026-07-31,1499.5
2350,26,2023-05-03,8399.2
2351,332,2024-11-26,6999.1
2352,394,2024-09-05,12699.6
2353,216,2025-10-27,3299.6
2354,380,2026-02-07,6489.2
2355,79,2023-06-16,5299.6
2356,102,2023-09-01,3699.8
2357,386,2023-08-15,4299.8
2358,416,2025-02-01,4499.9
2359,235,2025-11-28,7599.8
2360,389,2026-06-14,6299.5
2361,230,2024-09-30,9299.2
2362,40,2026-07-14,1149.8
2363,256,2025-07-15,8399.4
2364,153,2024-06-07,4299.8
2365,340,2024-03-27,689.7
2366,47,2025-08-15,3889.6
2367,353,2025-01-07,2629.7
2368,361,2026-07-18,3799.8
2369,372,2025-08-06,3799.8
2370,236,2025-01-15,1799.9
2371,42,2026-03-12,4199.4
2372,316,2025-05-03,8289.5
2373,187,2026-02-15,6999.8
2374,346,2023-05-09,3179.6
2375,102,2024-11-22,2299.7
2376,81,2025-01-05,5899.6
2377,233,2024-09-10,7899.5
2378,249,2023-09-09,2299.5
2379,302,2026-02-07,3379.4
2380,391,2024-12-31,1899.9
2381,303,2024-03-28,1499.7
2382,168,2023-03-31,1489.7
2383,202,2025-11-24,1099.7
2384,320,2026-04-15,899.9
2385,207,2024-05-11,3499.9
2386,407,2024-12-17,4849.7
2387,122,2023-07-14,4999.8
2388,145,2023-02-16,1339.6
2389,80,2024-03-29,7979.4
2390,151,2023-06-29,6899.8
2391,115,2024-09-25,1949.7
2392,100,2024-12-23,2849.4
2393,8,2024-09-19,11449.4
2394,395,2026-05-08,12299.3
2395,163,2025-03-12,3199.9
2396,36,2024-08-20,3069.4
2397,112,2025-03-13,1599.8
2398,187,2025-04-04,1799.9
2399,341,2024-03-30,199.9
2400,215,2023-05-16,899.9
2401,226,2024-10-23,1199.7
2402,4,2026-04-22,5349.5
2403,36,2024-06-19,3749.8
2404,379,2024-07-26,4599.6
2405,361,2025-11-21,3659.6
2406,175,2024-10-26,1799.8
2407,407,2025-12-27,1999.8
2408,200,2023-04-21,5789.7
2409,103,2026-07-21,1449.8
2410,261,2024-03-01,999.6
2411,235,2024-04-07,3399.8
2412,143,2023-05-09,2079.7
2413,58,2023-02-10,1829.7
2414,244,2026-06-22,199.9
2415,194,2024-02-03,4999.7
2416,387,2023-09-10,439.8
2417,264,2026-03-29,4499.7
2418,191,2023-10-27,7799.8
2419,95,2024-07-17,1929.8
2420,236,2024-04-22,5249.7
2421,275,2024-07-11,3159.6
2422,94,2025-08-04,4899.1
2423,244,2023-10-28,3499.8
2424,115,2025-10-01,4499.9
2425,160,2025-03-02,1499.9
2426,61,2023-01-26,2399.7
2427,418,2025-03-09,1039.5
2428,376,2023-03-05,2599.7
2429,422,2023-06-13,449.7
2430,29,2023-10-07,3829.8
2431,194,2023-09-02,579.8
2432,340,2024-11-02,8499.6
2433,65,2024-04-15,3499.9
2434,251,2023-04-28,2589.7
2435,11,2023-08-22,3399.6
2436,18,2025-02-26,1699.8
2437,59,2025-10-03,7699.8
2438,402,2026-02-20,5499.7
2439,248,2025-06-22,1199.8
2440,103,2024-08-08,1299.8
2441,357,2024-08-18,7029.3
2442,110,2024-11-04,4749.6
2443,98,2026-07-23,149.9
2444,235,2024-12-26,13149.5
2445,376,2023-09-05,5849.5
2446,86,2023-02-17,4599.6
2447,76,2024-11-14,11999.2
2448,102,2025-02-11,2549.8
2449,298,2025-09-08,3999.5
2450,388,2025-10-30,179.8
2451,81,2023-08-01,149.9
2452,232,2023-06-23,7999.2
2453,148,2025-12-09,5899.7
2454,334,2025-12-09,3629.4
2455,233,2024-02-23,11799.2
2456,395,2024-11-15,1499.9
2457,222,2026-02-28,2299.9
2458,72,2026-02-07,3299.6
2459,228,2023-04-21,6749.6
2460,273,2023-10-03,4839.4
2461,161,2023-02-23,5929.3
2462,209,2023-01-27,1389.6
2463,84,2024-02-03,1599.8
2464,108,2024-10-26,899.9
2465,216,2025-09-13,6299.6
2466,86,2026-02-04,1599.8
2467,64,2023-03-21,8299.5
2468,234,2023-04-18,4099.8
2469,227,2025-12-03,2079.6
2470,82,2023-11-02,3129.8
2471,408,2025-12-25,7049.4
2472,239,2026-04-18,3099.8
2473,282,2023-04-24,2499.8
2474,266,2023-10-11,5999.6
2475,277,2024-08-01,2999.6
2476,337,2026-01-11,1629.7
2477,261,2025-04-09,2249.7
2478,353,2025-01-13,5129.6
2479,155,2024-12-27,5099.6
2480,271,2026-02-19,3929.4
2481,119,2026-01-26,5299.8
2482,328,2026-06-27,3899.8
2483,263,2025-08-25,12849.4
2484,219,2025-12-05,3429.6
2485,232,2026-02-24,4289.7
2486,386,2023-11-09,3099.8
2487,235,2023-10-17,3089.6
2488,16,2026-01-25,6699.7
2489,285,2026-04-12,5799.7
2490,3,2025-02-21,2999.7
2491,4,2023-04-01,2469.6
2492,281,2025-10-16,2299.9
2493,409,2024-05-09,3429.7
2494,197,2026-04-25,1149.8
2495,331,2026-04-25,1849.8
2496,148,2024-03-12,4189.7
2497,241,2023-05-02,3489.3
2498,143,2025-04-21,469.8
2499,249,2023-07-29,3499.8
2500,303,2024-05-26,1799.6
2501,56,2025-09-25,5199.8
2502,188,2024-10-12,2259.5
2503,280,2023-08-23,2749.4
2504,224,2025-07-29,2659.3
2505,183,2025-08-27,4499.8
2506,45,2024-06-04,1799.9
2507,312,2024-05-31,1299.8
2508,19,2024-11-04,4349.5
2509,159,2025-01-12,5449.3
2510,249,2023-01-25,2789.4
2511,415,2023-01-08,1799.8
2512,391,2024-03-08,3599.6
2513,63,2025-06-08,1779.7
2514,276,2023-01-21,6649.6
2515,12,2026-03-23,6599.4
2516,290,2025-06-25,7099.7
2517,416,2024-08-05,2489.6
2518,5,2023-03-02,359.8
2519,413,2026-07-04,639.6
2520,134,2025-03-08,8999.7
2521,86,2023-01-12,3149.5
2522,104,2024-04-27,1739.7
2523,82,2025-11-03,1399.9
2524,68,2024-08-15,12449.3
2525,134,2023-05-15,1399.8
2526,64,2023-04-01,129.9
2527,203,2024-06-14,4699.6
2528,83,2024-02-16,4889.4
2529,409,2025-10-31,2849.4
2530,406,2026-07-03,2689.5
2531,344,2024-01-16,2579.4
2532,272,2026-07-15,9799.6
2533,75,2024-01-15,849.8
2534,87,2023-02-26,4499.7
2535,299,2025-10-07,3149.7
2536,140,2023-07-21,5199.8
2537,84,2023-05-06,5099.7
2538,7,2023-12-04,3299.9
2539,395,2023-03-28,2199.9
2540,78,2026-03-04,5399.4
2541,127,2025-11-30,799.9
2542,18,2025-03-11,3299.6
2543,357,2026-03-25,4299.9
2544,304,2023-06-29,1349.8
2545,352,2024-05-18,2899.9
2546,424,2023-08-16,1249.6
2547,25,2023-03-25,3059.6
2548,260,2023-08-02,6899.7
2549,151,2024-07-19,3899.7
2550,203,2026-05-10,2799.8
2551,140,2025-02-26,3099.8
2552,405,2023-08-10,1299.9
2553,418,2024-07-14,8399.6
2554,225,2024-09-13,199.9
2555,241,2024-02-12,16199.1
2556,28,2026-06-01,6249.3
2557,14,2025-04-01,899.9
2558,30,2024-12-28,11599.5
2559,70,2026-02-24,3839.5
2560,48,2023-12-05,3649.7
2561,142,2026-03-28,3499.9
2562,70,2023-12-11,2899.7
2563,23,2024-06-21,5449.7
2564,131,2025-03-08,7249.7
2565,324,2024-03-01,389.8
2566,349,2023-09-12,4449.6
2567,387,2024-07-09,6949.7
2568,367,2024-02-09,5899.9
2569,31,2025-10-22,1629.8
2570,185,2023-04-01,699.9
2571,304,2025-07-27,949.8
2572,278,2024-12-23,2999.7
2573,33,2024-11-15,2599.9
2574,171,2024-12-10,349.9
2575,197,2023-12-11,3449.8
2576,167,2026-01-09,189.9
2577,301,2024-05-17,2909.5
2578,35,2026-04-25,11399.7
2579,46,2023-05-04,3499.9
2580,320,2026-05-13,999.9
2581,308,2024-02-25,5199.5
2582,230,2024-09-15,2189.6
2583,243,2024-03-31,299.8
2584,251,2023-10-19,2129.6
2585,300,2025-05-06,6399.2
2586,269,2023-09-05,6599.8
2587,369,2026-07-01,659.8
2588,342,2023-07-06,7599.7
2589,309,2025-08-23,4049.8
2590,73,2023-11-25,4849.8
2591,312,2024-12-03,549.9
2592,158,2024-03-13,7099.6
2593,103,2023-07-14,2399.8
2594,250,2023-01-10,2049.8
2595,232,2023-02-14,2899.9
2596,166,2025-09-25,4249.7
2597,267,2024-02-24,3689.8
2598,384,2024-02-07,3399.8
2599,409,2026-05-17,989.7
2600,238,2024-06-18,8699.7
2601,422,2025-09-12,6499.6
2602,201,2024-09-16,2599.9
2603,291,2026-06-14,5079.6
2604,208,2024-07-17,2899.9
2605,383,2023-09-19,1629.5
2606,142,2025-05-21,6249.7
2607,306,2025-04-14,5999.7
2608,400,2025-05-12,429.8
2609,69,2023-05-07,8149.5
2610,348,2023-11-07,1499.9
2611,269,2024-04-08,4849.4
2612,233,2026-05-26,1739.4
2613,387,2024-08-27,3899.6
2614,264,2023-02-05,4899.7
2615,262,2025-03-22,6799.8
2616,286,2024-11-17,1349.7
2617,51,2024-03-06,2999.5
2618,317,2023-10-05,3499.9
2619,289,2023-06-12,4349.7
2620,34,2026-02-18,2279.6
2621,371,2025-09-06,4149.4
2622,342,2024-04-08,6289.6
2623,295,2025-12-19,2199.9
2624,103,2025-05-02,789.7
2625,318,2024-05-07,1249.8
2626,68,2024-08-29,4299.7
2627,262,2026-04-28,2899.9
2628,316,2025-03-01,1099.8
2629,202,2025-11-22,2199.9
2630,254,2023-12-22,1989.8
2631,114,2025-10-27,4149.5
2632,141,2024-11-27,7239.3
2633,198,2025-01-25,1949.6
2634,67,2025-07-13,2249.6
2635,298,2024-03-21,799.8
2636,145,2024-01-30,1649.8
2637,68,2023-02-21,1699.8
2638,139,2026-03-23,3099.8
2639,258,2023-11-27,999.8
2640,210,2023-10-24,4299.7
2641,309,2026-04-18,1599.8
2642,401,2026-02-02,1759.7
2643,273,2024-04-09,7949.5
2644,315,2024-07-27,1649.7
2645,322,2023-01-08,1799.9
2646,300,2025-09-20,3199.8
2647,28,2023-11-12,9599.7
2648,295,2025-04-02,5999.4
2649,101,2026-04-30,7749.6
2650,56,2026-06-10,2399.8
2651,322,2023-05-18,10599.5
2652,243,2023-08-29,199.9
2653,171,2025-10-12,4599.5
2654,269,2024-12-04,10349.4
2655,61,2023-10-07,2559.7
2656,272,2025-05-05,4999.5
2657,27,2026-06-11,2449.8
2658,326,2025-11-22,5379.5
2659,378,2025-01-01,2749.7
2660,126,2025-03-11,2599.9
2661,299,2025-06-25,4289.6
2662,36,2023-11-12,3399.8
2663,42,2025-06-07,4299.7
2664,162,2025-10-28,199.9
2665,194,2026-02-04,2499.7
2666,130,2025-08-16,3299.5
2667,40,2025-03-30,4049.4
2668,421,2024-12-05,2199.9
2669,289,2024-03-06,3799.8
2670,141,2026-01-24,4399.8
2671,125,2023-02-21,4379.7
2672,160,2023-04-29,2499.7
2673,346,2025-08-26,6299.8
2674,398,2024-03-05,589.7
2675,105,2025-09-10,179.8
2676,252,2025-09-21,999.9
2677,242,2024-10-13,9899.6
2678,57,2024-01-04,2999.6
2679,76,2026-03-12,6599.7
2680,7,2024-01-24,5929.3
2681,109,2026-04-27,1799.9
2682,19,2025-03-04,3499.9
2683,262,2024-07-18,149.9
2684,317,2025-10-10,4979.7
2685,194,2025-08-15,5099.8
2686,82,2023-08-19,6029.8
2687,79,2023-08-25,1349.6
2688,292,2023-04-21,1529.7
2689,81,2026-07-26,1829.8
2690,95,2025-01-20,7358.9
2691,64,2025-06-13,1299.9
2692,333,2024-12-02,999.8
2693,201,2025-03-24,3599.8
2694,339,2025-07-16,969.6
2695,95,2025-01-15,3499.9
2696,105,2024-05-06,2899.7
2697,107,2025-08-19,499.9
2698,362,2023-06-08,7499.5
2699,349,2024-11-20,1049.7
2700,296,2025-12-20,269.7
2701,271,2025-06-22,5499.5
2702,297,2023-06-20,3949.6
2703,66,2023-03-19,5929.7
2704,289,2024-09-03,1499.9
2705,318,2023-08-15,659.8
2706,201,2023-06-05,7499.7
2707,326,2023-02-22,1199.8
2708,361,2025-07-23,699.9
2709,211,2023-08-08,4799.3
2710,330,2026-01-09,6629.2
2711,163,2023-09-16,9559.6
2712,56,2023-12-10,2049.8
2713,304,2026-04-25,6499.7
2714,79,2025-01-26,2129.6
2715,367,2025-02-25,7799.7
2716,85,2024-02-06,1499.7
2717,44,2024-03-10,1599.9
2718,369,2024-05-10,1499.9
2719,278,2023-05-23,1899.6
2720,242,2024-03-31,2799.8
2721,116,2023-05-24,5359.4
2722,278,2023-03-03,279.9
2723,66,2024-10-30,1269.5
2724,201,2023-02-15,449.7
2725,20,2024-06-03,1929.6
2726,273,2024-09-11,1199.7
2727,23,2023-12-30,5299.8
2728,107,2023-11-09,4599.7
2729,3,2024-01-15,2649.6
2730,160,2026-01-14,6599.8
2731,410,2024-09-13,5239.1
2732,22,2026-07-16,4299.7
2733,283,2025-07-09,6729.7
2734,296,2023-03-05,3199.6
2735,68,2024-01-11,3099.7
2736,29,2025-03-18,249.9
2737,60,2025-01-28,1779.7
2738,299,2024-08-24,3499.8
2739,112,2024-08-18,829.8
2740,122,2025-04-02,5899.6
2741,337,2023-09-22,3649.8
2742,80,2023-07-14,6499.5
2743,335,2024-09-15,12299.3
2744,49,2023-06-27,2929.8
2745,297,2024-06-16,699.9
2746,50,2024-07-21,1099.8
2747,97,2024-09-25,1499.7
2748,299,2023-06-10,4399.8
2749,17,2023-06-28,2699.7
2750,307,2025-06-03,7199.6
2751,148,2025-06-23,3979.7
2752,352,2026-06-28,3299.6
2753,370,2025-11-25,2949.7
2754,71,2024-09-25,499.8
2755,57,2024-04-02,1299.9
2756,13,2023-05-27,1029.8
2757,410,2025-03-20,299.8
2758,66,2025-11-19,11499.6
2759,343,2024-06-19,3499.9
2760,31,2026-07-21,3599.7
2761,138,2024-09-18,9399.7
2762,127,2023-05-09,459.8
2763,311,2024-12-13,3999.8
2764,401,2023-06-18,2399.6
2765,205,2024-12-27,3199.8
2766,161,2023-01-09,5249.7
2767,188,2025-05-19,5099.8
2768,383,2024-05-11,2359.5
2769,171,2024-11-19,4949.4
2770,408,2025-10-31,3229.8
2771,200,2025-03-14,4699.7
2772,396,2023-12-26,3829.8
2773,400,2024-10-07,5069.1
2774,154,2024-05-01,6289.3
2775,46,2025-03-04,1799.8
2776,319,2024-02-17,2099.7
2777,129,2024-06-17,8019.3
2778,85,2024-04-06,7299.6
2779,86,2024-11-24,10049.3
2780,416,2025-01-10,2199.9
2781,149,2023-11-03,299.8
2782,349,2023-11-08,10599.6
2783,11,2023-01-24,6299.4
2784,102,2024-03-04,1899.9
2785,310,2025-03-09,2149.8
2786,271,2024-06-18,2499.8
2787,404,2023-06-15,799.5
2788,251,2026-07-30,4999.7
2789,83,2025-01-22,3399.6
2790,208,2023-10-06,1569.5
2791,184,2023-09-26,389.7
2792,195,2026-02-06,1789.6
2793,324,2023-10-24,6399.8
2794,294,2025-01-08,2399.7
2795,124,2024-01-19,5879.5
2796,374,2023-07-16,7699.8
2797,35,2024-12-15,939.6
2798,217,2023-11-23,1799.8
2799,24,2026-06-28,1799.9
2800,8,2024-06-16,2489.6
2801,394,2024-12-13,249.9
2802,243,2024-02-26,2299.8
2803,322,2023-02-02,3299.9
2804,331,2024-10-05,1399.8
2805,372,2026-05-01,499.9
2806,137,2026-07-29,7699.8
2807,256,2023-07-30,2599.5
2808,64,2026-06-30,299.8
2809,194,2024-05-30,5489.1
2810,86,2025-02-23,4389.8
2811,220,2024-02-27,599.9
2812,156,2024-04-29,3479.8
2813,20,2026-03-15,699.9
2814,228,2023-09-20,5899.7
2815,90,2023-02-07,349.9
2816,172,2025-01-31,149.9
2817,6,2025-01-04,7599.6
2818,135,2026-02-07,249.9
2819,299,2023-08-31,189.9
2820,234,2026-01-10,359.8
2821,406,2024-07-03,6999.6
2822,155,2023-10-25,12399.5
2823,327,2025-04-18,5449.3
2824,195,2024-04-21,7449.2
2825,300,2025-02-22,3099.6
2826,112,2024-11-02,15299.4
2827,89,2026-05-06,2649.6
2828,154,2025-09-18,579.7
2829,346,2026-04-23,11599.5
2830,325,2023-11-09,6099.5
2831,368,2023-08-12,2859.5
2832,138,2023-05-09,2199.6
2833,398,2025-01-31,3429.8
2834,186,2023-10-09,2199.9
2835,378,2026-06-27,2479.8
2836,294,2024-09-12,2099.7
2837,294,2023-04-02,279.9
2838,103,2024-02-14,299.9
2839,129,2025-08-14,2449.8
2840,242,2023-08-16,2839.5
2841,53,2024-07-05,649.8
2842,91,2026-02-14,5099.8
2843,308,2024-09-25,6199.8
2844,294,2025-09-22,9159.3
2845,357,2024-06-29,3499.9
2846,108,2025-11-05,2949.8
2847,56,2024-05-26,4699.7
2848,304,2026-02-19,199.9
2849,365,2025-12-01,9149.6
2850,18,2026-01-25,7599.7
2851,248,2024-02-07,3799.8
2852,85,2025-10-10,5249.2
2853,363,2023-06-24,2739.6
2854,136,2023-05-28,5299.8
2855,119,2026-06-05,9299.5
2856,307,2026-02-02,4549.6
2857,62,2026-05-15,6799.5
2858,267,2024-09-04,6329.1
2859,213,2023-10-16,3099.7
2860,78,2024-07-28,9349.5
2861,120,2024-09-16,4969.4
2862,119,2024-05-17,2799.8
2863,244,2024-07-25,1599.8
2864,38,2024-02-13,2099.7
2865,249,2024-04-02,1249.8
2866,81,2023-10-05,3349.4
2867,258,2026-07-11,3929.4
2868,252,2026-05-08,3999.5
2869,351,2024-12-19,2089.5
2870,357,2024-02-12,4399.8
2871,318,2025-02-23,4399.8
2872,159,2026-03-27,349.9
2873,91,2025-10-26,2349.6
2874,177,2026-03-17,3599.5
2875,223,2026-02-01,3699.5
2876,112,2024-04-01,2399.7
2877,87,2025-02-10,2049.8
2878,67,2026-04-19,4049.8
2879,179,2023-11-24,3999.8
2880,103,2025-03-09,4099.2
2881,368,2024-12-05,1799.7
2882,338,2025-04-25,4649.4
2883,154,2023-06-22,4069.4
2884,239,2026-02-22,2799.8
2885,384,2023-07-08,1999.8
2886,261,2025-02-06,3299.7
2887,219,2023-04-20,799.8
2888,311,2024-11-09,5299.8
2889,411,2025-12-29,5399.7
2890,356,2024-11-13,5979.0
2891,378,2024-03-20,2599.6
2892,203,2025-06-07,689.8
2893,15,2024-12-20,2179.5
2894,201,2024-05-24,1599.8
2895,51,2024-06-23,8949.2
2896,18,2024-11-29,1499.9
2897,106,2026-01-08,1559.5
2898,327,2025-05-03,7549.7
2899,390,2026-05-29,1599.9
2900,63,2023-07-10,6099.8
2901,99,2023-01-19,3499.9
2902,339,2023-11-22,1649.7
2903,301,2026-07-25,2479.8
2904,265,2025-03-17,7599.6
2905,145,2023-11-03,7399.7
2906,6,2026-06-10,4749.8
2907,17,2023-08-17,7399.8
2908,342,2023-10-28,2889.5
2909,199,2025-07-15,6149.8
2910,28,2023-04-21,10749.4
2911,68,2026-01-22,1599.9
2912,3,2025-10-21,2499.8
2913,130,2023-12-10,5399.3
2914,366,2025-07-04,6699.7
2915,38,2025-07-20,1799.7
2916,298,2024-12-18,5999.3
2917,6,2023-07-18,8399.5
2918,181,2023-09-03,1399.9
2919,335,2025-01-04,6859.5
2920,122,2026-05-23,8549.6
2921,304,2026-02-09,2399.8
2922,248,2025-08-07,269.7
2923,100,2025-09-04,299.9
2924,369,2024-03-07,149.9
2925,297,2025-06-10,779.8
2926,247,2025-07-15,2999.5
2927,46,2024-01-12,3499.9
2928,133,2024-04-08,1789.7
2929,181,2025-03-30,1199.8
2930,291,2025-01-12,3299.6
2931,406,2025-12-19,1899.9
2932,299,2026-07-29,2099.8
2933,297,2023-12-26,1399.9
2934,318,2025-01-10,1799.9
2935,122,2025-10-22,2559.5
2936,306,2026-06-01,4889.6
2937,190,2025-09-19,3499.9
2938,292,2024-08-10,4499.9
2939,269,2024-01-08,4109.3
2940,225,2025-02-08,1599.8
2941,343,2025-10-03,1849.7
2942,168,2025-02-26,699.9
2943,88,2024-05-02,3299.8
2944,324,2024-07-24,3749.6
2945,394,2023-05-22,1799.9
2946,369,2026-03-03,4999.6
2947,179,2024-04-21,799.9
2948,168,2023-09-22,5599.6
2949,73,2023-12-14,2699.8
2950,217,2026-01-31,3179.6
2951,369,2024-05-21,5449.4
2952,58,2025-06-28,4479.1
2953,369,2024-09-30,3399.8
2954,117,2024-06-07,6099.5
2955,309,2025-05-08,699.8
2956,151,2023-03-13,7999.4
2957,155,2024-11-04,6899.7
2958,325,2025-12-24,1399.9
2959,385,2023-04-24,2539.6
2960,145,2026-04-28,1549.8
2961,13,2023-05-15,1199.8
2962,58,2026-04-13,8799.2
2963,55,2023-09-06,4399.4
2964,325,2025-03-11,3799.5
2965,22,2026-05-26,279.9
2966,332,2026-03-29,4499.8
2967,331,2024-05-11,1199.8
2968,250,2025-05-11,1649.7
2969,179,2025-04-24,4599.5
2970,176,2023-12-13,969.3
2971,331,2024-08-11,4649.7
2972,145,2023-09-20,5049.8
2973,384,2026-05-04,909.5
2974,328,2025-08-13,10849.4
2975,302,2023-02-05,5999.5
2976,421,2023-11-20,2899.9
2977,330,2026-05-02,89.9
2978,398,2023-08-26,14099.2
2979,194,2024-12-17,7079.5
2980,287,2026-01-19,6519.5
2981,201,2024-08-06,1029.8
2982,292,2025-09-01,2299.6
2983,115,2025-07-06,2549.8
2984,109,2024-05-07,2899.9
2985,134,2023-06-17,3299.9
2986,121,2024-12-17,4699.5
2987,51,2026-06-07,599.8
2988,290,2023-09-10,3389.5
2989,75,2024-02-17,199.9
2990,81,2025-07-18,1299.8
2991,151,2025-05-23,6499.5
2992,247,2025-01-04,659.8
2993,361,2026-06-20,3389.5
2994,402,2024-03-23,2599.9
2995,421,2023-02-11,939.7
2996,267,2025-02-20,1949.7
2997,316,2025-05-14,6299.8
2998,284,2023-03-12,4449.7
2999,396,2025-08-31,4699.7
3000,419,2026-01-27,449.7
3001,345,2023-09-07,8399.6
3002,238,2023-07-22,1799.8
3003,331,2023-01-14,2599.8
3004,276,2025-01-10,4699.7
3005,6,2025-02-07,3499.9
3006,26,2025-01-07,7159.4
3007,167,2025-04-24,2899.7
3008,418,2024-03-12,6499.4
3009,222,2025-10-19,6049.4
3010,185,2024-03-07,649.9
3011,394,2025-11-06,1299.9
3012,42,2025-01-06,2499.7
3013,407,2025-11-24,4899.6
3014,296,2025-03-21,10699.5
3015,273,2024-04-01,1799.9
3016,27,2025-01-07,4019.5
3017,418,2024-08-23,1599.8
3018,376,2024-02-29,3699.8
3019,176,2025-08-30,4899.6
3020,122,2025-09-12,3599.8
3021,179,2023-01-19,699.8
3022,188,2023-08-01,6649.5
3023,176,2024-07-17,1649.8
3024,293,2024-08-31,3109.4
3025,31,2025-12-21,999.8
3026,55,2025-10-17,3399.6
3027,269,2023-10-18,399.9
3028,15,2024-02-20,299.9
3029,85,2024-08-11,3099.8
3030,350,2025-02-26,3299.6
3031,103,2026-07-06,249.9
3032,151,2025-09-09,4649.3
3033,186,2025-11-29,949.7
3034,203,2023-12-11,1689.6
3035,19,2025-07-20,10699.4
3036,347,2024-12-08,1799.7
3037,298,2024-06-23,1929.6
3038,103,2025-03-12,6299.5
3039,129,2023-02-17,509.7
3040,393,2023-09-29,499.9
3041,260,2024-04-04,5649.5
3042,47,2025-04-13,9199.8
3043,114,2026-02-13,1349.7
3044,221,2025-04-17,4579.6
3045,414,2025-06-08,1549.7
3046,354,2025-03-24,4299.5
3047,228,2024-05-09,3999.8
3048,163,2026-06-29,1999.8
3049,341,2025-07-20,2449.6
3050,229,2023-08-23,8509.2
3051,270,2023-09-13,3499.9
3052,236,2025-11-29,6429.5
3053,280,2024-05-15,659.8
3054,391,2024-10-06,2699.8
3055,285,2024-09-12,1499.9
3056,63,2023-07-21,8999.5
3057,271,2024-02-12,2849.7
3058,105,2025-05-28,1599.9
3059,367,2025-11-16,1899.6
3060,96,2026-01-15,5099.8
3061,216,2024-12-23,1599.8
3062,346,2025-04-24,3549.7
3063,235,2026-01-14,4599.6
3064,164,2024-11-15,6179.8
3065,283,2026-06-07,3199.9
3066,375,2024-01-02,7099.8
3067,307,2023-08-09,2579.6
3068,191,2023-06-10,2499.7
3069,252,2024-10-05,1049.7
3070,56,2026-06-01,889.6
3071,373,2024-05-18,5499.8
3072,403,2023-09-23,7699.5
3073,111,2024-01-24,279.9
3074,65,2025-01-22,4299.9
3075,312,2025-06-05,3799.7
3076,95,2024-05-07,949.8
3077,276,2023-07-08,2999.8
3078,159,2025-11-04,1829.6
3079,318,2024-09-14,2399.7
3080,218,2023-09-27,2699.8
3081,395,2024-07-04,1799.9
3082,88,2026-04-04,439.6
3083,303,2026-06-18,4199.7
3084,68,2023-05-02,2899.9
3085,227,2026-07-08,4039.4
3086,356,2023-04-21,5299.7
3087,96,2024-02-17,7999.7
3088,337,2025-12-29,6349.6
3089,172,2025-07-20,5799.5
3090,416,2024-02-14,3799.8
3091,91,2025-04-26,1439.6
3092,202,2024-09-28,3789.7
3093,234,2024-06-25,2409.6
3094,140,2024-12-14,1799.7
3095,310,2024-03-11,1999.7
3096,98,2024-05-04,2649.5
3097,306,2023-10-12,4599.7
3098,361,2024-02-21,8669.3
3099,7,2023-07-28,11439.0
3100,48,2026-05-21,1599.9
3101,99,2025-08-06,2899.9
3102,173,2025-01-02,3099.6
3103,237,2025-08-28,2899.8
3104,247,2025-04-24,7199.2
3105,372,2026-07-19,6599.7
3106,421,2023-09-27,2799.8
3107,129,2023-02-27,3399.8
3108,23,2025-04-11,3799.5
3109,383,2023-08-29,1799.9
3110,284,2024-01-22,3899.8
3111,238,2023-05-08,6199.2
3112,197,2024-07-30,949.8
3113,159,2024-07-16,3299.9
3114,12,2026-04-01,3499.9
3115,318,2026-05-20,2239.5
3116,402,2023-12-26,269.7
3117,112,2026-03-19,3849.4
3118,196,2025-03-07,2259.5
3119,378,2024-08-13,699.9
3120,114,2025-07-03,1299.9
3121,20,2026-05-28,6989.7
3122,182,2023-05-02,1499.9
3123,319,2023-06-26,2079.8
3124,393,2025-07-16,2099.7
3125,333,2024-01-19,4499.9
3126,204,2023-01-05,3449.7
3127,409,2026-02-11,1499.9
3128,380,2024-09-28,6299.3
3129,247,2024-03-02,5659.4
3130,22,2024-01-05,549.9
3131,403,2025-08-01,449.7
3132,160,2024-03-04,4949.6
3133,417,2026-05-05,6149.4
3134,131,2023-12-20,2759.4
3135,246,2023-09-22,2199.8
3136,238,2024-12-24,4599.8
3137,30,2024-04-27,6399.8
3138,92,2025-08-13,6399.7
3139,178,2023-11-07,3699.8
3140,43,2023-06-14,499.9
3141,18,2026-03-26,4089.4
3142,357,2023-03-17,2099.6
3143,104,2023-08-02,249.9
3144,40,2023-08-29,549.9
3145,357,2026-04-22,4579.8
3146,294,2023-06-02,4299.7
3147,181,2023-10-13,2899.7
3148,69,2024-12-16,3499.9
3149,126,2025-01-20,3799.6
3150,420,2025-01-28,269.7
3151,81,2023-01-18,11199.4
3152,13,2025-06-12,2999.7
3153,39,2026-01-01,5699.8
3154,391,2025-07-22,2779.8
3155,295,2023-05-20,899.9
3156,200,2025-05-11,4299.7
3157,371,2024-11-03,249.9
3158,36,2024-02-17,5799.5
3159,125,2024-03-31,3649.6
3160,334,2025-04-08,1799.9
3161,253,2025-02-28,1159.7
3162,56,2025-06-27,2949.6
3163,316,2025-11-29,1249.7
3164,200,2023-03-05,6979.7
3165,88,2026-02-18,6449.5
3166,353,2024-02-17,7449.5
3167,79,2025-10-05,13549.2
3168,419,2023-10-24,589.8
3169,168,2023-12-21,5799.7
3170,100,2024-11-02,2899.9
3171,221,2023-07-02,1989.5
3172,423,2023-11-11,5989.8
3173,344,2023-12-29,2349.6
3174,279,2023-05-30,1999.6
3175,297,2026-04-22,3599.6
3176,184,2025-12-23,5699.2
3177,19,2024-06-25,4899.7
3178,124,2026-06-13,5389.5
3179,251,2026-07-23,1879.7
3180,289,2025-08-10,1829.7
3181,80,2024-01-01,3699.8
3182,71,2023-07-12,5099.8
3183,332,2023-03-28,5179.7
3184,215,2025-08-29,7099.7
3185,220,2024-11-17,1999.8
3186,226,2025-12-05,4789.3
3187,357,2026-03-09,2599.6
3188,133,2025-04-26,2899.9
3189,267,2023-02-18,459.8
3190,361,2023-09-01,539.7
3191,352,2024-07-15,1799.7
3192,273,2026-05-01,5479.3
3193,364,2026-07-08,11049.2
3194,281,2025-10-02,7559.4
3195,3,2024-09-05,179.9
3196,7,2025-11-15,4999.6
3197,138,2025-09-04,3799.8
3198,404,2026-05-16,2099.8
3199,296,2023-03-12,2189.6
3200,305,2023-02-03,3299.9
3201,328,2026-06-05,2599.9
3202,349,2024-03-23,2049.8
3203,384,2025-02-23,1499.9
3204,282,2024-07-03,6899.7
3205,274,2026-07-27,1499.9
3206,407,2023-09-11,7299.6
3207,355,2023-12-17,4779.6
3208,410,2023-11-15,9069.3
3209,308,2026-04-07,5239.5
3210,193,2023-05-09,2799.8
3211,55,2023-02-26,2249.7
3212,151,2026-07-06,6799.8
3213,400,2026-03-24,10699.4
3214,140,2024-02-01,1199.8
3215,382,2023-09-14,6689.1
3216,93,2023-02-13,12999.7
3217,33,2024-10-29,2599.9
3218,337,2026-01-28,2749.7
3219,209,2023-12-11,6679.7
3220,291,2025-08-20,2599.9
3221,266,2024-06-02,4299.9
3222,323,2026-07-31,1499.9
3223,103,2025-08-26,4019.5
3224,275,2025-03-22,3279.6
3225,270,2023-10-05,3339.4
3226,187,2025-01-20,959.7
3227,254,2024-07-26,1799.9
3228,109,2025-02-08,2399.8
3229,270,2025-09-30,2079.7
3230,21,2025-12-07,9099.7
3231,190,2023-04-24,1799.9
3232,251,2024-04-16,249.9
3233,325,2025-01-24,7249.5
3234,69,2023-11-22,4499.9
3235,177,2023-12-01,1279.5
3236,41,2024-06-09,2099.7
3237,127,2026-03-28,5679.5
3238,294,2026-02-01,4749.8
3239,249,2025-06-19,2299.9
3240,281,2025-11-17,6899.6
3241,163,2026-02-14,5199.2
3242,318,2024-09-10,7499.6
3243,187,2024-07-11,6999.6
3244,370,2023-06-03,3999.8
3245,383,2023-08-23,5649.7
3246,305,2026-03-06,839.8
3247,63,2026-04-02,5599.5
3248,408,2024-01-01,449.8
3249,156,2025-03-26,1599.8
3250,214,2025-07-18,3139.5
3251,424,2024-11-23,5899.6
3252,97,2023-07-01,2099.7
3253,424,2023-08-13,849.8
3254,61,2025-11-25,6599.6
3255,324,2023-06-12,4799.7
3256,356,2025-08-19,5739.4
3257,410,2026-02-16,8399.6
3258,46,2025-05-19,2299.8
3259,253,2026-06-01,899.9
3260,139,2025-02-03,13288.9
3261,15,2024-02-13,11029.5
3262,385,2026-03-18,9349.4
3263,318,2023-06-02,1659.5
3264,67,2023-03-27,449.7
3265,330,2026-04-07,4149.6
3266,212,2023-12-26,8079.7
3267,382,2024-02-23,2399.7
3268,29,2023-04-01,1199.8
3269,299,2024-10-16,489.8
3270,13,2025-12-19,1499.9
3271,401,2024-08-16,4059.6
3272,366,2023-07-31,6149.4
3273,346,2026-04-26,249.9
3274,29,2023-12-18,3299.5
3275,13,2024-04-14,4399.8
3276,128,2023-04-08,179.8
3277,94,2023-07-14,4089.6
3278,150,2026-01-15,1589.6
3279,198,2023-10-08,4849.8
3280,1,2026-06-16,3549.8
3281,127,2024-10-10,3979.7
3282,359,2023-02-09,1599.9
3283,371,2026-05-23,1799.9
3284,229,2024-05-31,199.9
3285,267,2024-05-23,3199.9
3286,141,2024-09-28,1509.6
3287,364,2024-09-24,6329.6
3288,102,2026-04-26,3199.8
3289,331,2025-08-27,1399.6
3290,126,2024-09-30,7799.4
3291,298,2024-11-04,1689.5
3292,291,2025-06-08,349.9
3293,68,2026-01-29,7499.7
3294,102,2025-05-13,549.9
3295,170,2024-04-22,1549.5
3296,243,2023-03-08,1499.9
3297,279,2023-05-17,1199.8
3298,405,2023-08-12,5099.8
3299,278,2025-11-14,6739.7
3300,201,2024-01-02,5499.5
3301,102,2024-07-31,1499.9
3302,163,2024-04-09,5449.7
3303,62,2025-04-11,7149.7
3304,413,2025-07-08,969.6
3305,127,2026-02-15,3449.8
3306,284,2024-06-07,3839.5
3307,113,2026-06-20,3199.9
3308,327,2026-02-02,22899.5
3309,421,2024-07-04,2129.7
3310,408,2025-07-19,1999.8
3311,45,2023-11-19,8299.7
3312,18,2024-09-21,3499.5
3313,78,2023-07-25,5599.5
3314,11,2025-11-20,6399.8
3315,177,2024-02-05,1849.6
3316,257,2025-11-25,909.7
3317,262,2023-09-25,4039.2
3318,423,2023-12-07,3999.6
3319,264,2025-07-30,7199.4
3320,47,2024-10-24,2289.5
3321,71,2025-05-13,799.8
3322,105,2025-01-03,2159.6
3323,87,2023-08-15,999.8
3324,353,2024-03-24,4949.2
3325,311,2024-09-30,2399.8
3326,304,2025-02-14,699.9
3327,152,2026-06-17,3299.6
3328,119,2024-05-27,6689.2
3329,83,2024-07-28,3449.5
3330,275,2024-08-15,1579.8
3331,301,2024-02-19,659.8
3332,294,2023-05-19,649.9
3333,12,2023-01-27,3299.8
3334,120,2024-10-10,8149.6
3335,229,2024-06-07,7499.7
3336,395,2024-11-05,659.8
3337,278,2024-11-24,6589.6
3338,292,2025-06-14,999.8
3339,242,2023-06-17,6699.8
3340,401,2025-12-18,349.9
3341,88,2026-05-10,349.9
3342,108,2025-09-25,3079.6
3343,112,2024-05-02,4649.7
3344,71,2026-04-21,349.8
3345,247,2024-03-02,1949.6
3346,107,2025-09-30,1149.8
3347,49,2025-07-05,13799.3
3348,396,2025-04-16,1739.6
3349,393,2025-07-16,4799.8
3350,396,2025-03-24,2289.6
3351,363,2024-02-07,5799.8
3352,133,2026-03-30,1499.8
3353,239,2025-09-21,6929.6
3354,313,2024-05-22,4999.5
3355,140,2025-10-23,1069.6
3356,179,2023-08-03,1649.5
3357,369,2025-08-11,4799.8
3358,237,2023-03-12,4799.6
3359,15,2023-09-23,3499.9
3360,101,2024-11-29,699.9
3361,141,2025-05-28,3499.9
3362,16,2024-06-02,4399.8
3363,398,2023-10-20,5699.8
3364,142,2026-05-11,249.9
3365,312,2023-06-28,2889.4
3366,83,2025-08-05,4299.8
3367,224,2025-10-20,2899.5
3368,422,2026-03-10,1999.5
3369,261,2023-09-25,3999.8
3370,393,2025-04-27,11699.5
3371,9,2023-02-22,11449.3
3372,418,2025-04-13,4199.7
3373,42,2023-07-19,3299.5
3374,142,2025-04-13,649.9
3375,324,2024-06-06,1199.8
3376,95,2025-04-01,6649.6
3377,186,2024-06-03,4549.6
3378,380,2023-01-27,3199.9
3379,255,2025-05-15,1999.7
3380,278,2023-09-29,349.9
3381,82,2026-04-09,3629.7
3382,250,2026-07-03,5599.7
3383,396,2024-06-01,5929.4
3384,127,2024-01-05,389.7
3385,96,2025-02-26,2199.7
3386,413,2025-10-31,3649.6
3387,93,2026-05-26,4899.7
3388,225,2025-08-09,3799.7
3389,119,2024-05-20,699.9
3390,220,2026-02-08,6699.8
3391,410,2023-08-05,4479.7
3392,303,2026-06-19,4729.8
3393,124,2026-01-21,8899.6
3394,380,2025-07-01,3499.7
3395,167,2023-10-02,2199.9
3396,374,2023-08-06,7649.6
3397,132,2024-04-12,799.8
3398,75,2023-10-28,6999.5
3399,344,2023-03-23,829.8
3400,147,2025-08-03,3999.8
3401,295,2025-06-10,3499.9
3402,306,2023-11-28,509.7
3403,365,2026-06-27,3299.5
3404,282,2026-05-12,2149.6
3405,381,2025-06-24,3399.7
3406,62,2024-07-03,549.8
3407,245,2025-09-10,8799.5
3408,75,2024-10-14,9649.3
3409,111,2025-02-13,299.8
3410,247,2026-07-05,8289.7
3411,131,2024-08-10,3199.9
3412,292,2025-08-24,9599.5
3413,136,2024-12-01,4999.5
3414,32,2023-08-13,1949.7
3415,174,2024-03-23,1949.7
3416,104,2025-07-13,4679.7
3417,416,2024-07-27,3899.7
3418,161,2025-08-22,4819.5
3419,208,2026-06-02,1299.9
3420,199,2025-01-17,1909.7
3421,274,2023-10-15,2199.9
3422,361,2023-06-27,9199.5
3423,252,2026-03-13,2399.6
3424,52,2025-10-27,2999.8
3425,82,2024-05-20,1949.6
3426,243,2026-05-31,7589.0
3427,304,2024-03-04,1899.9
3428,284,2023-10-20,649.7
3429,73,2024-02-13,909.5
3430,25,2023-03-08,3389.8
3431,112,2025-10-16,2549.7
3432,76,2024-02-25,5889.7
3433,13,2026-02-13,6199.7
3434,381,2023-12-16,3499.8
3435,86,2023-01-29,1349.8
3436,196,2026-03-08,199.9
3437,136,2024-08-28,2899.7
3438,388,2024-12-31,1599.9
3439,112,2024-09-18,2199.9
3440,116,2023-07-06,1599.9
3441,325,2023-04-13,359.8
3442,28,2023-06-20,8799.5
3443,324,2025-10-18,299.9
3444,166,2023-09-27,3899.6
3445,110,2023-08-14,3549.8
3446,347,2024-07-14,2299.7
3447,185,2026-06-01,4299.9
3448,384,2024-08-29,1149.6
3449,109,2025-09-13,1879.5
3450,225,2025-04-12,4249.7
3451,41,2024-10-01,539.7
3452,246,2025-11-30,6599.7
3453,337,2026-05-18,2299.6
3454,79,2024-10-26,3359.5
3455,312,2026-07-27,5359.4
3456,172,2026-07-12,6899.7
3457,48,2023-11-08,2449.8
3458,242,2026-05-28,11949.4
3459,411,2023-12-12,3649.8
3460,313,2025-06-07,2399.6
3461,340,2024-07-05,2289.6
3462,284,2025-07-16,549.9
3463,422,2025-05-22,12649.4
3464,14,2024-01-13,1149.8
3465,2,2025-12-11,3299.9
3466,289,2025-09-11,799.8
3467,258,2023-09-17,199.9
3468,253,2023-09-20,2149.8
3469,34,2024-08-31,1979.8
3470,235,2024-02-05,889.7
3471,40,2025-03-16,5299.7
3472,85,2025-01-23,3499.9
3473,384,2025-09-01,2199.7
3474,340,2025-11-12,3129.6
3475,210,2024-03-11,4199.7
3476,208,2024-07-12,13679.0
3477,318,2026-07-13,4399.6
3478,252,2024-08-14,1399.8
3479,204,2023-05-02,899.9
3480,315,2023-05-27,389.7
3481,23,2025-11-26,6399.8
3482,58,2025-11-21,1499.8
3483,325,2025-10-02,2489.7
3484,383,2024-02-23,679.6
3485,1,2024-07-25,5299.7
3486,140,2025-05-11,1909.6
3487,245,2026-04-22,349.9
3488,22,2023-10-19,549.8
3489,385,2025-08-20,4049.7
3490,122,2026-05-07,3199.8
3491,225,2025-11-24,249.9
3492,244,2026-06-12,1379.6
3493,72,2026-04-06,2899.9
3494,100,2024-12-25,699.8
3495,106,2026-01-17,1999.6
3496,282,2026-06-03,2099.7
3497,151,2024-12-24,149.9
3498,241,2024-11-16,2899.7
3499,242,2024-08-28,999.9
3500,137,2023-12-05,4479.7
3501,42,2024-03-31,2629.4
3502,185,2025-11-27,3799.8
3503,301,2025-03-28,5949.7
3504,331,2026-04-27,2599.8
3505,64,2025-06-20,6839.5
3506,28,2025-09-20,189.9
3507,204,2026-06-06,699.9
3508,327,2025-02-05,399.8
3509,246,2026-02-14,6958.8
3510,402,2023-08-10,5099.8
3511,170,2024-03-24,4029.7
3512,415,2025-07-25,1899.9
3513,234,2025-06-12,6199.7
3514,404,2023-11-12,4499.4
3515,341,2024-05-05,249.9
3516,118,2025-01-19,7239.2
3517,199,2024-09-08,1899.9
3518,21,2023-09-06,10989.1
3519,361,2024-03-21,5289.7
3520,178,2025-02-20,14899.4
3521,92,2025-06-09,949.5
3522,424,2023-04-04,2189.6
3523,72,2026-01-25,2299.7
3524,304,2024-07-16,549.9
3525,385,2025-10-30,7399.7
3526,24,2024-10-28,179.8
3527,334,2023-12-22,6299.3
3528,167,2023-11-12,3599.7
3529,284,2023-05-07,549.9
3530,210,2026-02-07,189.9
3531,406,2026-02-01,739.8
3532,54,2025-03-25,1849.6
3533,172,2023-11-26,4589.6
3534,393,2025-02-04,3799.8
3535,132,2025-09-01,3499.9
3536,237,2025-04-28,599.9
3537,93,2023-05-03,2199.8
3538,292,2026-01-14,3559.7
3539,269,2024-10-22,2199.9
3540,379,2025-07-23,2149.7
3541,214,2023-04-03,12699.3
3542,20,2024-11-26,6399.6
3543,321,2023-07-28,789.8
3544,255,2023-11-02,699.9
3545,113,2026-07-13,7329.3
3546,66,2025-11-11,4499.9
3547,146,2023-01-23,4499.6
3548,123,2023-06-17,459.8
3549,154,2026-01-31,1749.7
3550,392,2025-05-12,2329.8
3551,294,2025-01-23,1099.8
3552,362,2023-07-19,7918.9
3553,104,2023-10-10,229.9
3554,237,2023-06-09,6599.5
3555,54,2025-08-19,599.9
3556,280,2024-05-31,2899.5
3557,412,2025-12-29,6399.4
3558,259,2023-09-12,4939.5
3559,355,2026-03-06,2749.6
3560,61,2024-01-20,1659.5
3561,2,2023-03-16,1299.9
3562,215,2024-07-31,3349.5
3563,359,2023-08-22,3299.9
3564,421,2024-08-30,1799.7
3565,26,2024-01-13,4699.8
3566,265,2024-07-17,2199.7
3567,147,2023-09-11,10389.6
3568,233,2024-12-17,1499.9
3569,102,2025-05-12,4299.6
3570,205,2023-04-21,9499.7
3571,356,2025-04-04,5189.5
3572,394,2025-06-21,3299.8
3573,345,2023-01-03,4399.7
3574,314,2025-07-09,2049.8
3575,372,2024-06-29,189.9
3576,111,2026-01-11,3199.7
3577,25,2023-05-03,1049.7
3578,208,2024-11-20,3049.6
3579,281,2025-03-22,5799.6
3580,181,2025-12-27,3499.9
3581,177,2024-04-18,2179.6
3582,194,2025-01-18,5239.1
3583,359,2024-08-27,5699.3
3584,142,2023-07-16,1549.8
3585,226,2026-03-06,3299.9
3586,371,2025-10-07,3399.8
3587,70,2023-12-02,2199.9
3588,155,2024-08-03,249.9
3589,83,2024-08-04,3899.8
3590,377,2025-05-28,1599.7
3591,414,2025-03-29,3949.5
3592,91,2025-10-28,899.9
3593,204,2026-02-19,2199.8
3594,88,2023-03-29,3649.4
3595,180,2023-07-11,129.9
3596,96,2024-07-04,2799.7
3597,346,2026-02-05,1799.9
3598,278,2023-08-12,3099.8
3599,41,2025-07-08,1799.8
3600,18,2024-07-01,1499.9
3601,14,2025-05-04,5999.7
3602,240,2023-09-06,3699.8
3603,424,2026-03-16,699.9
3604,40,2023-02-17,4399.7
3605,30,2023-10-28,3849.6
3606,164,2024-04-26,1199.8
3607,333,2026-06-04,249.9
3608,423,2025-03-04,5299.6
3609,284,2025-08-22,1079.7
3610,416,2024-02-09,5979.5
3611,364,2024-12-06,6859.0
3612,260,2026-03-30,3749.8
3613,198,2024-05-28,1499.9
3614,199,2026-03-10,1029.7
3615,309,2025-12-15,1599.7
3616,239,2023-05-24,2389.8
3617,362,2025-03-20,5699.6
3618,254,2026-05-31,449.7
3619,417,2025-06-27,1949.6
3620,252,2026-02-11,349.8
3621,4,2024-01-08,799.7
3622,83,2023-08-01,9899.7
3623,106,2023-11-23,2049.8
3624,169,2024-06-22,3799.4
3625,22,2024-04-14,349.8
3626,53,2023-07-02,4399.5
3627,408,2023-10-01,899.9
3628,217,2025-11-06,3659.7
3629,410,2024-07-13,1689.8
3630,191,2025-03-28,2249.5
3631,54,2023-10-04,4749.6
3632,408,2026-01-26,3479.7
3633,373,2023-08-06,2399.7
3634,281,2026-04-11,4999.8
3635,299,2023-01-27,1899.9
3636,182,2023-04-21,5629.7
3637,3,2024-07-19,599.9
3638,94,2023-11-23,4699.3
3639,43,2026-04-14,6499.3
3640,200,2024-06-13,1599.8
3641,239,2024-01-16,5899.9
3642,408,2024-04-22,2599.9
3643,129,2023-06-07,4699.5
3644,312,2024-09-06,7109.5
3645,295,2024-12-02,2969.5
3646,112,2025-11-25,3899.7
3647,410,2025-06-09,349.9
3648,211,2023-03-05,5549.4
3649,264,2025-05-04,3449.6
3650,213,2025-04-28,149.9
3651,181,2025-09-15,2199.7
3652,31,2023-04-09,2599.6
3653,407,2026-05-16,1799.3
3654,216,2025-07-03,879.8
3655,258,2026-03-07,2199.9
3656,390,2023-07-17,9449.6
3657,132,2025-11-28,1879.7
3658,422,2025-08-02,149.9
3659,161,2023-03-01,7649.2
3660,224,2025-01-29,1799.9
3661,215,2023-08-28,399.9
3662,118,2023-11-20,1099.8
3663,382,2023-08-25,249.9
3664,255,2023-11-21,5679.6
3665,171,2023-10-05,299.8
3666,312,2024-11-22,6749.4
3667,67,2025-01-17,1299.9
3668,49,2023-11-10,449.8
3669,378,2024-10-19,6149.6
3670,314,2025-09-24,1949.7
3671,178,2026-01-04,6699.6
3672,353,2025-11-09,3499.5
3673,399,2024-05-29,2799.3
3674,389,2024-09-07,4899.5
3675,86,2024-03-02,349.9
3676,291,2023-02-04,829.8
3677,405,2024-10-17,2989.7
3678,175,2024-07-22,549.9
3679,352,2023-08-03,3929.2
3680,290,2025-10-09,4949.7
3681,317,2024-05-24,1049.8
3682,165,2023-06-27,1499.9
3683,45,2025-10-14,4899.8
3684,39,2023-11-06,899.9
3685,333,2024-11-15,2079.6
3686,353,2026-01-04,3589.5
3687,162,2023-01-06,2949.6
3688,309,2024-11-30,6299.7
3689,52,2023-05-01,3499.9
3690,224,2024-07-08,1629.8
3691,371,2023-04-01,4699.6
3692,351,2025-09-15,599.9
3693,328,2025-03-12,2309.4
3694,361,2024-07-16,6349.2
3695,195,2023-01-17,3299.9
3696,329,2024-05-14,1579.8
3697,2,2025-11-13,839.7
3698,160,2024-07-22,1399.8
3699,158,2025-06-05,5159.7
3700,192,2025-06-02,6439.6
3701,402,2024-07-09,4489.6
3702,178,2023-12-08,10379.5
3703,267,2026-07-07,199.9
3704,207,2024-05-12,149.9
3705,346,2023-12-22,2399.7
3706,348,2026-01-09,1599.9
3707,58,2023-04-23,7749.5
3708,255,2023-07-26,7999.3
3709,376,2025-07-05,189.9
3710,420,2024-01-17,1129.7
3711,389,2025-05-11,889.7
3712,193,2023-01-01,2199.6
3713,270,2025-03-28,2459.6
3714,196,2024-04-01,5799.7
3715,155,2025-07-29,5499.5
3716,292,2024-09-23,1799.9
3717,100,2025-04-16,1799.7
3718,140,2024-03-25,639.6
3719,135,2024-08-17,6379.1
3720,220,2023-02-03,8849.4
3721,381,2024-04-11,989.7
3722,110,2025-10-14,6289.7
3723,193,2023-08-06,4199.7
3724,379,2023-04-11,689.6
3725,139,2026-07-21,4999.5
3726,344,2024-06-04,2399.7
3727,67,2025-03-29,2439.4
3728,295,2023-08-26,799.9
3729,308,2023-02-14,6799.7
3730,329,2023-08-12,5099.8
3731,406,2023-11-13,2299.8
3732,276,2025-08-09,2599.9
3733,102,2024-07-18,2399.7
3734,214,2024-02-25,2349.5
3735,94,2025-12-20,2189.3
3736,191,2024-11-08,4799.7
3737,219,2024-01-14,949.8
3738,57,2023-07-29,2399.7
3739,165,2024-05-10,1699.8
3740,406,2025-02-23,5799.7
3741,141,2026-06-13,2649.6
3742,37,2024-06-10,3399.8
3743,362,2025-09-15,1499.9
3744,49,2024-04-09,1079.7
3745,164,2023-01-03,5699.8
3746,62,2024-09-09,549.9
3747,11,2024-05-02,2349.6
3748,103,2025-06-22,3849.8
3749,323,2025-07-02,2649.5
3750,274,2023-03-22,2249.7
3751,374,2024-03-19,3999.8
3752,144,2025-05-06,1199.7
3753,18,2024-09-14,2889.6
3754,267,2025-04-17,1329.7
3755,411,2025-05-29,3499.9
3756,58,2026-03-09,10599.7
3757,322,2023-12-29,6299.8
3758,109,2026-03-30,1349.7
3759,110,2024-01-10,3799.7
3760,36,2026-04-20,3499.9
3761,134,2025-07-19,3259.7
3762,330,2023-12-31,1679.7
3763,231,2023-03-07,3449.8
3764,101,2023-08-02,1699.7
3765,337,2024-06-06,499.9
3766,328,2026-04-06,1899.6
3767,142,2024-08-12,1699.7
3768,258,2026-03-18,7649.5
3769,411,2025-02-24,2749.6
3770,380,2023-04-16,1999.8
3771,227,2023-02-04,9399.7
3772,27,2026-07-21,6159.7
3773,157,2026-05-16,1849.6
3774,202,2026-01-07,3499.9
3775,203,2024-07-03,2199.9
3776,369,2026-06-04,2489.6
3777,411,2024-11-26,5099.7
3778,66,2025-01-31,3399.6
3779,419,2025-11-27,2189.5
3780,353,2024-06-23,2199.9
3781,225,2025-11-09,4099.4
3782,421,2023-12-27,6379.7
3783,24,2024-11-16,889.7
3784,182,2023-12-02,1729.7
3785,74,2025-05-01,389.7
3786,80,2023-10-07,3499.6
3787,239,2025-03-06,5049.7
3788,20,2025-05-16,6799.5
3789,319,2025-05-21,5299.5
3790,4,2026-05-06,4599.5
3791,343,2025-02-23,839.8
3792,15,2026-05-09,7099.5
3793,393,2023-06-22,3099.8
3794,207,2025-04-06,5399.7
3795,100,2023-08-01,1899.8
3796,63,2025-09-09,4289.3
3797,245,2024-03-04,7429.7
3798,171,2024-08-25,4799.6
3799,319,2023-05-14,449.8
3800,309,2025-09-12,6799.8
3801,23,2024-03-16,1799.8
3802,393,2024-09-20,3499.9
3803,355,2026-05-16,1799.8
3804,159,2024-05-13,7799.5
3805,136,2026-03-28,189.9
3806,255,2024-08-27,3699.7
3807,407,2025-05-20,2279.7
3808,261,2025-04-17,179.9
3809,249,2024-06-28,4599.7
3810,422,2024-07-09,2899.9
3811,233,2024-08-04,2199.9
3812,379,2023-03-13,3099.7
3813,250,2025-03-31,1099.8
3814,178,2023-07-04,6199.4
3815,24,2026-05-26,4599.6
3816,134,2024-06-04,189.9
3817,390,2025-03-07,3039.6
3818,42,2025-11-19,1449.7
3819,104,2026-06-19,1849.7
3820,383,2023-01-16,3499.8
3821,36,2024-01-25,6399.8
3822,381,2025-07-24,4399.6
3823,135,2023-01-13,3999.3
3824,401,2024-09-13,439.8
3825,209,2025-12-30,1799.9
3826,225,2023-01-09,7399.8
3827,95,2025-11-10,3849.6
3828,297,2023-06-23,8099.6
3829,114,2026-02-04,1399.7
3830,278,2024-02-28,9849.5
3831,282,2025-08-14,1499.7
3832,273,2023-01-19,6449.7
3833,15,2026-04-10,1229.7
3834,35,2025-12-21,1629.6
3835,300,2025-07-27,3199.8
3836,389,2024-03-07,4199.7
3837,102,2025-01-30,1599.9
3838,13,2026-03-11,2149.8
3839,36,2023-02-16,7199.8
3840,86,2025-12-21,1799.7
3841,401,2024-10-17,899.9
3842,59,2026-05-19,1499.7
3843,50,2023-02-28,6999.8
3844,399,2024-06-15,799.8
3845,285,2024-05-25,4199.5
3846,382,2023-06-10,2449.6
3847,303,2026-05-16,3499.9
3848,327,2025-03-13,2299.4
3849,74,2025-05-17,6089.3
3850,112,2023-03-18,299.9
3851,282,2025-02-14,1069.6
3852,77,2023-05-07,3449.8
3853,62,2025-01-03,2849.7
3854,172,2023-11-08,3899.8
3855,17,2024-09-18,3499.5
3856,272,2025-07-15,559.8
3857,373,2026-04-25,2899.7
3858,419,2025-05-31,1369.5
3859,352,2025-03-27,4499.7
3860,278,2024-05-28,4399.7
3861,393,2023-09-06,5749.7
3862,290,2026-05-25,1669.4
3863,331,2025-08-22,1849.8
3864,101,2023-06-08,4299.5
3865,409,2025-08-21,2899.8
3866,161,2025-05-21,749.8
3867,218,2024-06-28,419.8
3868,299,2024-01-01,3299.8
3869,283,2024-01-08,149.9
3870,3,2024-01-18,8269.5
3871,335,2023-08-27,2749.8
3872,403,2024-05-25,5199.8
3873,232,2026-02-17,7449.6
3874,337,2026-05-21,6759.6
3875,270,2025-07-15,6509.3
3876,115,2025-09-12,259.8
3877,382,2023-01-01,4699.6
3878,162,2023-02-07,1499.7
3879,347,2023-04-13,4299.9
3880,355,2025-01-02,2449.7
3881,171,2025-06-22,659.8
3882,158,2026-04-12,2799.6
3883,260,2023-06-02,1229.7
3884,41,2025-01-20,459.8
3885,280,2026-07-30,2899.9
3886,113,2025-12-31,249.9
3887,242,2024-01-06,8349.3
3888,211,2024-05-01,2199.8
3889,396,2026-02-11,3299.8
3890,266,2025-09-15,3199.9
3891,355,2025-08-18,529.8
3892,158,2023-02-06,4999.6
3893,209,2026-03-28,1049.7
3894,409,2023-06-26,8099.5
3895,361,2026-02-09,1799.8
3896,404,2026-05-13,199.9
3897,173,2024-01-27,2049.8
3898,346,2025-06-05,8599.6
3899,80,2024-12-08,7699.7
3900,89,2025-01-06,7539.1
3901,220,2024-12-19,2599.8
3902,116,2025-10-12,399.9
3903,27,2026-03-23,3199.8
3904,174,2024-03-07,89.9
3905,40,2025-03-08,2749.8
3906,2,2025-01-20,4149.6
3907,213,2025-11-30,2349.8
3908,333,2023-02-23,4699.4
3909,320,2025-03-07,7699.6
3910,90,2023-07-08,3079.6
3911,378,2026-07-26,1149.8
3912,59,2023-07-18,349.9
3913,191,2024-07-24,2399.8
3914,146,2025-06-16,5299.8
3915,56,2023-09-18,199.9
3916,193,2024-04-03,4179.7
3917,217,2025-11-09,3199.7
3918,301,2023-04-07,6679.3
3919,388,2024-01-02,1759.7
3920,291,2026-05-26,4499.7
3921,395,2024-09-16,5749.4
3922,135,2025-11-23,4999.8
3923,103,2024-08-19,9999.4
3924,114,2025-08-30,4699.5
3925,167,2026-06-04,8599.5
3926,11,2024-07-13,1799.7
3927,131,2024-01-06,1549.8
3928,380,2025-08-04,5429.4
3929,47,2026-06-21,8599.0
3930,12,2026-04-18,2999.7
3931,248,2024-02-17,4799.8
3932,175,2026-04-05,2399.8
3933,335,2025-04-21,2999.4
3934,118,2026-05-05,4599.6
3935,217,2023-10-15,6249.6
3936,297,2025-05-19,4999.6
3937,40,2024-03-04,6599.4
3938,7,2025-12-19,6339.2
3939,220,2026-07-25,8699.7
3940,347,2024-01-06,4049.7
3941,89,2024-08-23,7899.4
3942,330,2026-01-20,999.8
3943,332,2024-08-05,199.9
3944,400,2025-07-03,5499.7
3945,42,2024-02-28,6049.5
3946,295,2025-10-27,4899.7
3947,312,2023-02-10,1799.9
3948,123,2025-03-26,599.7
3949,30,2025-01-20,3299.8
3950,136,2024-10-14,4299.9
3951,318,2023-10-24,1499.9
3952,294,2026-05-13,699.9
3953,312,2026-07-20,349.9
3954,347,2024-04-30,3599.7
3955,410,2023-12-16,4629.4
3956,16,2024-06-19,8189.6
3957,3,2023-07-27,13099.3
3958,350,2026-03-11,5499.6
3959,261,2024-02-05,249.9
3960,360,2024-12-06,7289.4
3961,117,2023-07-30,199.9
3962,194,2025-01-07,869.5
3963,96,2026-01-24,2049.8
3964,115,2025-03-07,2399.7
3965,305,2024-03-20,199.9
3966,263,2025-05-01,5299.6
3967,393,2025-06-05,11099.6
3968,123,2025-08-29,2149.8
3969,132,2024-08-23,2789.4
3970,58,2024-07-14,249.9
3971,285,2025-09-28,3849.8
3972,171,2025-05-07,939.6
3973,227,2025-10-20,2049.8
3974,339,2026-01-09,6119.4
3975,419,2025-03-21,8779.5
3976,319,2023-06-22,2729.8
3977,158,2025-04-04,149.9
3978,247,2025-03-07,6399.7
3979,120,2024-12-15,5529.6
3980,356,2026-06-19,6829.7
3981,35,2024-09-13,1999.7
3982,197,2023-10-03,3899.8
3983,174,2023-01-12,11899.6
3984,390,2024-07-28,279.9
3985,277,2024-11-02,8129.6
3986,113,2023-04-12,2579.7
3987,303,2023-06-13,5199.4
3988,343,2024-10-04,829.8
3989,122,2025-10-23,899.9
3990,290,2023-09-01,689.7
3991,131,2023-04-24,6589.7
3992,318,2026-05-15,2199.7
3993,19,2023-09-12,3029.8
3994,135,2025-01-23,2029.7
3995,57,2025-04-27,2149.6
3996,250,2025-11-28,4999.5
3997,161,2023-05-07,359.8
3998,422,2023-06-19,1069.7
3999,227,2024-04-05,2399.7
4000,214,2024-04-25,1049.7
4001,383,2025-07-04,6399.2
4002,64,2024-02-20,10399.2
4003,23,2025-12-26,5149.5
4004,290,2024-07-03,199.9
4005,152,2025-07-13,1999.8
4006,291,2023-08-15,8449.5
4007,254,2023-03-12,3349.5
4008,408,2025-06-08,4039.5
4009,38,2024-09-06,3019.3
4010,289,2026-04-06,989.7
4011,282,2023-10-26,5379.7
4012,367,2024-09-13,2599.7
4013,75,2024-04-21,2399.7
4014,148,2023-09-02,10499.7
4015,326,2025-01-24,6899.6
4016,78,2025-09-17,3299.7
4017,270,2023-02-20,5299.2
4018,46,2023-01-20,6299.5
4019,69,2024-02-11,3649.8
4020,74,2025-05-19,1349.8
4021,273,2026-01-01,799.8
4022,143,2023-11-06,549.9
4023,211,2023-03-15,6049.6
4024,171,2023-07-25,7399.8
4025,325,2023-01-28,549.9
4026,392,2024-02-16,2149.5
4027,107,2023-10-23,2649.5
4028,290,2023-01-12,6899.6
4029,208,2025-09-07,2049.8
4030,44,2024-02-22,3449.5
4031,259,2023-03-21,4999.7
4032,9,2023-05-04,4859.6
4033,178,2023-10-02,5249.5
4034,258,2024-03-06,7199.7
4035,221,2025-02-11,999.9
4036,251,2023-05-10,9699.5
4037,389,2026-07-13,989.7
4038,29,2023-06-13,1349.7
4039,355,2026-01-31,5299.7
4040,114,2023-08-23,1949.8
4041,282,2024-09-23,2199.9
4042,16,2025-06-28,1849.8
4043,45,2023-03-20,5739.5
4044,179,2023-08-27,3289.7
4045,421,2024-12-18,4799.4
4046,375,2023-07-03,7099.6
4047,312,2023-07-29,3859.7
4048,222,2026-02-26,4549.3
4049,100,2025-04-15,3499.9
4050,52,2025-06-24,1299.9
4051,115,2025-06-24,1899.7
4052,139,2024-09-25,7699.4
4053,214,2024-12-01,2349.8
4054,16,2024-10-14,5249.7
4055,377,2023-03-18,229.9
4056,85,2024-02-09,8429.4
4057,160,2025-03-17,2799.7
4058,422,2026-05-10,3849.8
4059,191,2023-06-27,6079.3
4060,397,2024-02-22,8599.7
4061,393,2025-05-30,9978.9
4062,210,2024-03-01,1999.8
4063,368,2025-01-27,3949.6
4064,234,2025-04-01,5499.7
4065,260,2024-12-18,2379.4
4066,342,2023-04-13,4849.8
4067,11,2026-05-28,8099.5
4068,145,2025-08-12,3749.4
4069,127,2023-03-01,2079.8
4070,129,2023-03-24,7049.5
4071,311,2026-07-02,1559.7
4072,122,2025-11-30,5199.7
4073,308,2025-10-05,1599.8
4074,101,2024-01-21,6299.5
4075,91,2025-03-04,2699.4
4076,190,2026-06-06,1499.9
4077,170,2025-06-09,7499.4
4078,388,2025-07-29,9599.4
4079,39,2026-04-03,5899.9
4080,305,2025-08-28,4899.7
4081,290,2025-01-14,5199.7
4082,292,2025-07-13,1799.6
4083,102,2025-06-28,499.9
4084,102,2024-02-21,599.9
4085,56,2024-05-21,6299.8
4086,146,2023-12-22,7249.5
4087,100,2026-07-18,4499.9
4088,61,2025-09-16,4899.8
4089,4,2023-06-22,699.9
4090,170,2026-07-23,149.9
4091,143,2023-02-16,1929.6
4092,112,2025-12-23,4979.6
4093,64,2024-04-24,3489.7
4094,200,2024-08-15,2249.4
4095,276,2023-06-02,6099.6
4096,362,2026-03-31,899.9
4097,147,2025-01-25,3429.7
4098,28,2023-06-13,2149.8
4099,332,2026-06-20,7599.8
4100,211,2024-09-09,2949.7
4101,54,2025-08-21,3759.4
4102,187,2024-09-29,6499.7
4103,232,2026-06-06,6209.2
4104,246,2024-08-06,1299.9
4105,221,2023-10-27,2849.5
4106,384,2024-03-03,1299.9
4107,342,2023-12-03,2649.6
4108,128,2026-07-19,5699.6
4109,403,2024-09-20,1899.9
4110,392,2026-02-04,1499.9
4111,158,2026-03-16,1099.7
4112,355,2026-06-10,5049.5
4113,117,2024-04-13,6789.7
4114,351,2026-01-18,3499.9
4115,259,2023-01-02,9299.6
4116,319,2023-06-22,599.9
4117,286,2025-08-06,3499.9
4118,250,2026-03-26,2899.9
4119,162,2023-11-16,4369.2
4120,142,2024-01-25,9549.6
4121,50,2026-05-19,179.8
4122,108,2026-06-06,9299.6
4123,252,2025-05-27,1749.7
4124,96,2025-12-25,2249.5
4125,301,2024-03-04,3199.7
4126,66,2025-01-06,1199.8
4127,324,2025-07-08,459.8
4128,398,2025-06-07,5959.5
4129,228,2024-11-04,8699.6
4130,385,2023-08-18,3199.9
4131,141,2026-04-22,6399.8
4132,415,2025-10-09,2799.5
4133,108,2025-03-12,829.8
4134,201,2024-11-12,7859.6
4135,121,2023-09-03,3199.5
4136,309,2025-04-19,4849.8
4137,293,2025-05-04,1799.7
4138,34,2023-08-14,2799.8
4139,133,2023-05-20,6099.7
4140,11,2026-04-11,799.9
4141,134,2023-08-22,6199.7
4142,48,2025-12-08,4399.8
4143,268,2024-10-26,13739.1
4144,181,2023-02-26,6399.2
4145,39,2024-08-09,1799.9
4146,245,2023-12-28,12989.4
4147,181,2024-12-05,1699.7
4148,308,2023-05-16,6599.8
4149,244,2026-03-25,5649.6
4150,385,2023-02-09,1949.7
4151,148,2023-09-21,2279.6
4152,245,2023-08-12,3289.6
4153,399,2023-09-12,4199.7
4154,350,2024-03-22,5939.1
4155,399,2024-06-06,1799.9
4156,136,2023-03-08,6749.5
4157,2,2023-03-08,2389.5
4158,62,2025-04-06,2749.6
4159,245,2026-07-04,7399.6
4160,315,2025-06-13,4399.2
4161,168,2025-10-12,3789.5
4162,349,2025-06-29,679.7
4163,50,2025-02-02,5899.9
4164,169,2026-02-04,399.9
4165,224,2026-05-01,2179.6
4166,152,2023-02-18,899.9
4167,145,2023-11-13,3199.9
4168,130,2025-10-22,9699.4
4169,170,2026-06-01,5099.6
4170,56,2025-09-05,4799.4
4171,279,2025-04-14,2699.7
4172,229,2025-08-09,1189.7
4173,28,2025-04-16,1889.6
4174,260,2025-07-22,4999.8
4175,78,2024-06-23,1999.8
4176,53,2026-03-26,1779.5
4177,267,2026-01-01,3699.7
4178,128,2023-04-07,10799.7
4179,57,2023-07-23,4299.9
4180,196,2023-08-04,4499.9
4181,201,2024-02-07,849.8
4182,335,2025-12-22,3379.6
4183,321,2023-02-10,2999.8
4184,122,2024-10-07,1589.8
4185,366,2024-10-14,9759.2
4186,334,2025-03-02,2949.7
4187,88,2026-04-27,2299.8
4188,302,2024-10-11,299.8
4189,360,2024-11-05,8389.5
4190,256,2024-06-18,2629.7
4191,267,2025-06-23,2099.7
4192,297,2023-11-01,4299.9
4193,98,2023-01-01,3699.7
4194,102,2024-05-17,1599.8
4195,376,2026-05-10,979.5
4196,352,2024-08-15,7999.8
4197,238,2023-03-07,7099.6
4198,143,2024-08-27,5799.6
4199,63,2025-10-17,3649.6
4200,48,2023-03-11,3599.6
4201,221,2025-04-16,2249.5
4202,362,2024-02-15,909.7
4203,287,2024-10-17,4549.7
4204,285,2023-01-22,1799.7
4205,202,2024-08-19,8619.3
4206,2,2025-05-20,2199.9
4207,162,2025-10-19,7999.7
4208,387,2025-08-19,2849.8
4209,266,2023-06-25,1199.8
4210,202,2024-10-26,4299.6
4211,372,2025-02-06,4799.8
4212,146,2023-11-03,5699.6
4213,354,2023-11-28,6399.8
4214,98,2025-09-22,11299.7
4215,230,2025-01-10,3199.8
4216,233,2026-02-26,2799.8
4217,292,2025-11-25,2299.7
4218,256,2026-06-18,6779.6
4219,255,2025-10-18,1949.6
4220,165,2025-10-10,279.9
4221,405,2025-12-16,2079.8
4222,23,2025-11-02,1669.5
4223,359,2024-08-29,2399.8
4224,58,2023-10-26,2499.7
4225,150,2025-12-20,3329.8
4226,164,2023-02-20,899.8
4227,356,2026-03-18,5479.4
4228,387,2025-07-01,399.9
4229,263,2024-01-25,3199.9
4230,133,2023-01-30,349.9
4231,20,2026-01-24,7599.6
4232,93,2024-12-11,1989.8
4233,346,2023-05-02,10199.7
4234,270,2023-05-29,1159.7
4235,230,2023-09-30,4349.7
4236,129,2024-10-30,4349.2
4237,8,2026-05-18,6359.7
4238,103,2024-09-01,3499.8
4239,36,2023-11-27,179.8
4240,364,2023-01-14,2199.8
4241,249,2024-03-21,4299.9
4242,64,2024-08-03,13359.1
4243,273,2023-02-07,7149.7
4244,82,2025-07-02,2599.7
4245,175,2025-11-25,899.9
4246,138,2024-12-31,2199.9
4247,78,2023-03-24,4909.2
4248,217,2024-02-29,2239.7
4249,347,2023-12-10,7419.0
4250,80,2024-01-21,3499.9
4251,7,2025-01-06,6299.6
4252,173,2024-05-23,2599.8
4253,408,2023-11-12,3859.7
4254,7,2025-05-05,1649.8
4255,161,2023-04-30,7799.6
4256,123,2026-01-21,3799.8
4257,107,2023-07-07,6199.8
4258,40,2025-02-24,459.8
4259,397,2023-09-14,2399.7
4260,207,2025-11-15,3999.8
4261,364,2024-09-12,3389.2
4262,207,2025-10-24,5499.8
4263,366,2026-04-18,15299.3
4264,231,2024-01-22,3399.6
4265,49,2024-09-12,2899.9
4266,139,2026-06-27,2099.7
4267,329,2026-02-03,2399.6
4268,60,2025-03-08,5099.8
4269,231,2023-02-23,3699.6
4270,256,2023-03-26,1999.7
4271,286,2025-01-17,10289.2
4272,378,2024-09-27,549.9
4273,3,2023-06-08,299.9
4274,395,2025-05-03,899.9
4275,61,2026-05-01,4849.6
4276,270,2026-05-31,249.9
4277,42,2025-05-19,4499.4
4278,13,2023-05-20,3699.3
4279,422,2024-02-18,5499.7
4280,413,2026-06-07,1399.9
4281,80,2023-09-28,3849.8
4282,282,2025-08-07,5239.3
4283,279,2023-08-26,6099.8
4284,139,2025-03-26,4099.8
4285,231,2026-04-07,7599.8
4286,331,2025-04-14,3499.9
4287,258,2026-07-05,4499.9
4288,97,2023-09-25,3929.2
4289,30,2023-01-13,6739.4
4290,311,2026-02-20,2539.5
4291,36,2024-09-19,5999.7
4292,300,2024-04-12,149.9
4293,44,2023-05-17,7599.7
4294,368,2025-09-12,2899.9
4295,93,2024-05-24,899.9
4296,113,2026-01-11,2199.8
4297,86,2025-03-30,2109.6
4298,279,2024-09-11,899.9
4299,55,2026-01-08,2199.9
4300,107,2024-03-26,1279.7
4301,301,2023-02-11,4679.6
4302,52,2023-03-11,3499.9
4303,379,2025-04-15,10099.5
4304,397,2023-03-27,3399.6
4305,166,2026-04-16,8559.6
4306,123,2023-08-26,5149.3
4307,353,2024-09-21,799.9
4308,200,2023-06-03,2999.6
4309,126,2026-03-25,3849.7
4310,271,2024-06-18,269.8
4311,296,2025-09-12,7799.3
4312,95,2023-05-27,1799.9
4313,120,2023-01-20,6779.7
4314,199,2025-02-04,2999.8
4315,268,2023-06-01,2399.8
4316,421,2024-09-27,3239.5
4317,98,2024-01-15,4499.8
4318,123,2024-10-09,2599.9
4319,337,2023-11-24,359.8
4320,414,2023-03-07,6449.0
4321,35,2025-06-19,7699.7
4322,275,2023-01-26,699.9
4323,356,2025-12-12,3159.4
4324,342,2023-02-27,399.9
4325,401,2025-01-04,1299.9
4326,43,2023-01-16,4499.7
4327,391,2024-11-28,5299.5
4328,22,2025-04-08,2899.8
4329,23,2026-02-09,2079.8
4330,279,2023-08-11,5199.3
4331,160,2024-05-23,599.9
4332,226,2023-02-17,4509.6
4333,137,2023-03-16,1199.8
4334,78,2023-08-22,459.8
4335,289,2024-02-06,3989.2
4336,78,2024-03-17,9649.4
4337,214,2024-11-08,3599.8
4338,167,2025-07-29,179.9
4339,345,2023-10-13,6979.1
4340,130,2023-07-13,6099.7
4341,308,2026-07-10,7599.5
4342,370,2026-02-11,2449.8
4343,254,2023-02-19,999.8
4344,58,2024-06-24,1949.7
4345,306,2025-07-02,459.8
4346,389,2025-05-20,249.9
4347,222,2023-09-26,449.7
4348,47,2024-07-12,3099.8
4349,178,2023-07-15,9799.7
4350,380,2024-03-17,279.9
4351,204,2026-04-08,2329.5
4352,398,2026-03-28,199.9
4353,108,2025-06-14,4699.8
4354,247,2024-10-03,1499.9
4355,115,2025-03-31,3549.5
4356,226,2025-09-15,2199.9
4357,394,2025-06-24,899.9
4358,159,2023-10-27,5459.6
4359,257,2025-09-14,939.7
4360,410,2025-05-25,10249.6
4361,26,2025-07-22,6949.2
4362,334,2024-07-03,1199.8
4363,323,2026-07-02,5849.6
4364,212,2025-12-17,5899.8
4365,3,2025-12-23,3559.5
4366,131,2024-06-19,829.8
4367,194,2023-03-13,5099.7
4368,104,2025-07-26,7699.8
4369,50,2023-05-31,1879.5
4370,345,2023-10-23,2449.8
4371,363,2025-09-27,2999.7
4372,212,2023-05-28,2899.9
4373,10,2026-03-06,869.3
4374,33,2024-04-08,3499.9
4375,24,2023-01-12,1199.8
4376,56,2023-07-16,3199.7
4377,252,2025-03-09,1099.8
4378,373,2025-03-16,1459.7
4379,78,2023-07-06,5899.9
4380,339,2025-08-26,5699.7
4381,343,2024-10-22,1699.8
4382,277,2026-02-05,5899.9
4383,219,2023-12-24,3199.9
4384,386,2026-05-27,999.9
4385,251,2024-08-20,729.8
4386,27,2024-09-07,4799.7
4387,243,2023-02-06,3459.5
4388,285,2026-01-28,229.9
4389,87,2026-06-15,199.9
4390,332,2025-01-19,6399.8
4391,373,2023-08-25,9799.6
4392,128,2023-04-05,9899.2
4393,370,2023-10-15,5689.4
4394,292,2024-10-20,1099.8
4395,88,2025-06-05,2599.8
4396,9,2025-04-06,3199.8
4397,41,2024-08-12,4799.8
4398,311,2023-06-11,3499.9
4399,398,2023-09-08,2939.5
4400,413,2024-08-01,4019.4
4401,227,2024-04-08,1399.6
4402,235,2023-07-28,1099.8
4403,350,2026-04-10,15259.1
4404,297,2026-07-11,2799.8
4405,381,2023-08-26,4499.9
4406,177,2025-12-25,1499.9
4407,207,2023-07-05,3299.8
4408,238,2024-07-26,4099.8
4409,41,2026-03-29,7399.7
4410,345,2026-03-08,3099.8
4411,373,2025-08-05,499.8
4412,287,2025-12-10,4599.6
4413,396,2023-04-07,2399.7
4414,314,2026-03-24,7099.5
4415,261,2024-02-28,1499.7
4416,107,2025-09-13,9709.5
4417,41,2025-04-02,5799.8
4418,359,2026-04-05,6379.3
4419,118,2025-10-18,4599.8
4420,404,2026-01-16,279.9
4421,51,2023-01-30,2499.7
4422,51,2026-01-01,6899.7
4423,159,2023-01-24,2679.6
4424,316,2024-09-15,5359.6
4425,161,2024-09-15,4699.8
4426,208,2024-11-19,4549.7
4427,188,2025-09-15,1799.9
4428,214,2026-03-11,299.9
4429,291,2025-07-13,1339.7
4430,189,2025-04-06,1479.6
4431,325,2024-10-13,10089.3
4432,178,2023-09-11,10399.5
4433,199,2025-01-10,399.8
4434,128,2023-06-30,6999.4
4435,376,2024-12-20,1199.8
4436,76,2025-08-17,10049.6
4437,25,2024-02-25,8379.6
4438,241,2023-09-20,7549.6
4439,5,2025-03-19,5279.7
4440,36,2025-11-18,2899.9
4441,255,2026-01-27,3999.7
4442,389,2025-02-19,4299.9
4443,364,2023-10-06,3549.6
4444,4,2026-01-27,3049.5
4445,343,2025-02-13,3089.4
4446,26,2026-03-10,2499.8
4447,31,2025-08-30,489.8
4448,49,2024-12-12,4529.6
4449,201,2023-05-12,5799.8
4450,187,2026-05-13,7999.1
4451,168,2025-02-23,2399.8
4452,5,2026-01-04,8599.7
4453,337,2025-05-18,1859.6
4454,227,2025-03-29,2549.7
4455,2,2024-02-08,3599.8
4456,412,2026-01-27,2409.7
4457,66,2025-04-08,329.9
4458,26,2024-01-03,6449.8
4459,78,2025-11-14,1899.7
4460,224,2024-10-07,1679.7
4461,207,2026-01-20,3399.6
4462,260,2024-04-22,8899.7
4463,215,2024-03-14,3499.9
4464,45,2026-03-19,11349.6
4465,93,2023-12-30,5599.5
4466,273,2026-03-27,879.8
4467,230,2024-12-29,7599.6
4468,176,2024-05-28,6099.8
4469,122,2025-02-19,6899.7
4470,372,2024-08-12,1499.9
4471,10,2025-03-20,4249.4
4472,266,2023-12-17,1149.6
4473,326,2026-05-12,2899.5
4474,147,2025-10-20,1399.8
4475,289,2023-12-29,4289.7
4476,217,2023-11-07,2999.7
4477,410,2023-05-11,3299.9
4478,105,2024-07-23,4699.8
4479,153,2026-06-15,249.9
4480,42,2024-07-15,479.8
4481,52,2023-04-30,3649.8
4482,245,2025-07-21,4879.6
4483,308,2023-03-11,4399.8
4484,385,2024-02-08,3429.2
4485,283,2024-01-15,6049.6
4486,407,2025-03-15,2429.8
4487,407,2023-11-09,8899.3
4488,115,2025-05-19,689.7
4489,270,2026-01-06,2899.8
4490,11,2023-05-17,3099.8
4491,124,2025-12-08,1679.7
4492,147,2026-05-14,689.7
4493,97,2023-10-02,10599.5
4494,342,2025-11-10,1129.6
4495,14,2023-07-30,3099.6
4496,365,2023-09-21,3429.6
4497,32,2026-06-11,3449.6
4498,407,2025-07-11,1199.7
4499,247,2026-07-20,2629.6
4500,347,2023-07-01,6699.6
4501,408,2025-03-28,6399.8
4502,164,2026-06-27,2499.8
4503,412,2025-04-02,799.8
4504,403,2024-08-06,1739.4
4505,183,2025-10-23,2699.7
4506,223,2023-07-19,199.9
4507,407,2023-12-26,7899.7
4508,282,2026-04-16,5349.7
4509,198,2026-01-23,2899.9
4510,376,2024-04-08,5199.6
4511,315,2025-01-24,3199.6
4512,91,2026-06-10,7849.4
4513,263,2024-12-06,2159.7
4514,247,2023-10-10,4099.8
4515,4,2025-08-11,4399.8
4516,2,2025-01-02,4519.4
4517,366,2024-09-02,5499.7
4518,361,2024-10-21,8089.5
4519,392,2025-07-04,3599.8
4520,354,2023-05-21,199.9
4521,116,2024-05-03,2279.7
4522,418,2024-10-15,1799.7
4523,194,2026-04-20,2399.7
4524,297,2023-09-24,1299.9
4525,10,2026-05-09,1499.7
4526,354,2026-03-21,4299.8
4527,387,2024-08-02,5999.7
4528,144,2023-03-14,279.9
4529,309,2025-04-29,2399.8
4530,106,2025-11-20,4079.6
4531,91,2024-09-30,3489.5
4532,22,2023-11-14,9099.8
4533,45,2025-09-04,999.8
4534,392,2025-05-24,6049.5
4535,248,2026-06-29,6799.4
4536,307,2023-05-25,2899.6
4537,314,2023-10-17,2899.8
4538,233,2025-06-19,2599.8
4539,350,2025-06-02,10999.3
4540,87,2026-03-18,6449.7
4541,26,2024-05-14,1899.7
4542,93,2024-11-13,4299.5
4543,82,2023-11-01,7549.4
4544,25,2023-05-02,999.8
4545,310,2025-02-07,5899.7
4546,79,2024-08-18,5299.6
4547,216,2025-07-07,7499.6
4548,197,2024-07-06,899.9
4549,185,2024-02-14,4649.7
4550,289,2025-02-21,1799.7
4551,13,2025-04-18,1199.7
4552,145,2025-01-07,1139.7
4553,418,2023-06-29,5399.6
4554,301,2026-06-03,1959.6
4555,326,2023-01-30,3099.7
4556,345,2024-11-10,3699.5
4557,125,2025-06-07,8399.4
4558,411,2024-11-19,9599.3
4559,219,2024-04-16,4999.5
4560,175,2025-03-11,3099.3
4561,345,2025-04-24,1799.7
4562,412,2025-07-25,8299.4
4563,344,2024-04-29,5939.5
4564,93,2024-08-23,5149.6
4565,119,2026-02-25,2899.9
4566,154,2025-10-22,649.9
4567,137,2023-06-14,8399.7
4568,137,2024-01-24,329.9
4569,180,2023-07-09,269.7
4570,178,2024-05-05,4099.8
4571,414,2023-02-15,3899.6
4572,163,2023-06-21,4489.8
4573,338,2024-04-06,3999.6
4574,91,2025-01-01,6899.3
4575,16,2023-02-11,7039.4
4576,105,2026-02-07,1199.5
4577,131,2023-08-03,2299.6
4578,259,2025-08-10,10699.2
4579,383,2025-01-28,1899.9
4580,298,2026-06-14,2939.3
4581,295,2026-06-08,2399.8
4582,308,2024-01-04,5799.8
4583,333,2025-07-07,3999.7
4584,125,2023-04-13,5299.6
4585,148,2026-07-06,7199.6
4586,209,2023-11-10,9029.2
4587,137,2023-03-24,11299.6
4588,10,2025-05-02,6989.5
4589,152,2023-06-17,3499.9
4590,332,2024-02-22,4799.7
4591,234,2025-12-21,189.9
4592,422,2025-08-01,3849.3
4593,31,2026-04-09,5049.6
4594,344,2023-01-04,4299.9
4595,91,2025-07-15,149.9
4596,349,2024-03-06,8699.5
4597,85,2024-03-28,2199.7
4598,150,2024-03-04,6699.6
4599,323,2025-07-03,1799.9
4600,173,2023-06-12,3199.8
4601,216,2025-03-21,4529.8
4602,103,2023-11-30,1799.7
4603,326,2026-06-19,4799.8
4604,187,2023-01-19,849.8
4605,225,2025-04-10,1899.6
4606,291,2024-08-03,3399.7
4607,316,2026-03-31,3799.8
4608,253,2025-09-20,3429.7
4609,272,2026-06-11,2859.7
4610,88,2024-05-05,3879.7
4611,29,2026-07-17,3759.2
4612,296,2024-07-20,499.9
4613,5,2024-06-21,3259.7
4614,65,2026-01-04,279.9
4615,373,2024-08-31,2099.7
4616,44,2025-09-14,1849.8
4617,50,2023-03-30,1299.8
4618,243,2025-01-13,6699.4
4619,415,2026-03-25,1189.5
4620,218,2023-08-25,1749.6
4621,165,2025-05-15,279.9
4622,236,2024-09-29,3979.5
4623,338,2025-11-16,4299.6
4624,161,2023-05-12,6899.7
4625,384,2024-03-03,5499.7
4626,212,2024-03-18,1699.7
4627,48,2025-08-26,6299.6
4628,138,2025-09-22,1599.8
4629,315,2024-02-01,3599.7
4630,172,2023-08-28,1999.8
4631,363,2024-01-23,4849.6
4632,145,2025-06-01,11699.6
4633,343,2024-08-16,5459.6
4634,9,2023-06-12,359.8
4635,103,2026-06-01,2149.6
4636,402,2023-01-19,10849.3
4637,43,2026-05-27,5889.3
4638,125,2026-02-15,11599.5
4639,337,2023-12-16,2399.7
4640,357,2023-03-18,1049.6
4641,415,2023-07-03,659.6
4642,70,2026-06-19,3399.7
4643,114,2025-01-26,8299.6
4644,30,2023-02-11,3499.9
4645,103,2024-11-09,1699.7
4646,384,2025-05-27,3729.7
4647,86,2024-06-20,1199.7
4648,256,2023-06-05,299.8
4649,75,2025-09-20,799.9
4650,177,2025-09-22,5049.5
4651,341,2025-01-01,1199.8
4652,111,2025-08-14,5299.6
4653,293,2026-05-05,2399.7
4654,170,2023-03-08,129.9
4655,37,2023-10-19,749.8
4656,268,2023-02-10,7739.3
4657,347,2023-01-01,3199.9
4658,307,2025-04-17,3799.6
4659,25,2025-03-17,10249.4
4660,94,2026-01-28,6399.7
4661,177,2025-03-04,5819.4
4662,105,2026-07-03,2079.8
4663,203,2023-06-06,1499.7
4664,83,2023-01-02,2039.2
4665,96,2025-08-21,249.9
4666,95,2023-10-03,3099.6
4667,126,2023-01-02,3049.5
4668,219,2024-04-23,5599.7
4669,322,2025-07-21,7299.7
4670,26,2023-02-07,899.9
4671,273,2023-04-17,999.9
4672,119,2024-06-29,4599.7
4673,98,2023-02-08,4519.2
4674,208,2024-12-20,689.7
4675,325,2024-05-14,1249.6
4676,135,2024-02-27,1399.9
4677,113,2023-11-17,2199.7
4678,297,2024-06-19,10499.7
4679,86,2023-06-23,4599.8
4680,92,2025-06-09,1799.7
4681,52,2026-01-17,5349.7
4682,271,2023-04-23,5199.4
4683,407,2026-04-04,5279.3
4684,330,2023-10-09,12899.6
4685,60,2025-06-03,1689.8
4686,424,2025-11-21,4299.8
4687,14,2024-02-23,2849.8
4688,305,2024-07-18,1499.9
4689,330,2024-07-24,599.9
4690,353,2023-10-30,5029.7
4691,375,2025-01-27,1949.7
4692,306,2024-01-03,549.9
4693,275,2024-08-24,8449.4
4694,12,2023-11-27,949.8
4695,161,2025-08-23,7239.3
4696,129,2025-12-20,1949.8
4697,79,2026-05-15,1449.7
4698,151,2025-04-26,7399.8
4699,252,2024-06-11,7399.8
4700,409,2023-04-18,299.8
4701,215,2024-09-07,2589.4
4702,43,2024-02-22,6649.6
4703,249,2026-03-29,5599.7
4704,60,2024-06-27,2899.9
4705,38,2023-02-06,2399.7
4706,134,2024-08-23,5499.8
4707,360,2023-10-31,7859.4
4708,335,2025-05-28,1599.8
4709,355,2023-05-17,3329.8
4710,389,2023-11-27,2899.9
4711,356,2024-10-31,1849.7
4712,353,2023-08-22,1209.7
4713,25,2025-08-11,199.9
4714,327,2025-12-13,2289.6
4715,287,2025-02-07,2349.6
4716,30,2025-03-29,13149.3
4717,185,2024-01-07,4699.6
4718,181,2023-01-27,589.6
4719,283,2024-07-13,6999.8
4720,186,2025-01-24,3099.7
4721,266,2024-09-01,3649.6
4722,397,2026-03-19,649.9
4723,48,2024-12-19,1149.8
4724,331,2023-03-19,2649.4
4725,129,2025-11-25,2029.8
4726,8,2025-05-10,2499.8
4727,24,2025-01-10,2999.6
4728,200,2024-08-01,129.9
4729,241,2023-08-14,199.9
4730,239,2025-01-29,5799.8
4731,14,2025-08-21,1749.8
4732,251,2024-05-27,4939.5
4733,336,2025-11-13,229.9
4734,267,2024-09-03,5899.9
4735,33,2024-10-31,1549.6
4736,53,2024-03-02,649.6
4737,166,2025-11-19,1599.8
4738,56,2024-07-29,5499.7
4739,369,2023-04-11,909.5
4740,49,2025-05-14,3199.8
4741,88,2024-10-10,1879.5
4742,143,2025-06-03,6999.7
4743,208,2023-08-28,259.8
4744,86,2024-07-22,1249.7
4745,85,2025-02-25,1379.7
4746,105,2023-04-09,189.9
4747,207,2023-07-31,2859.3
4748,234,2024-10-27,2999.7
4749,249,2024-06-15,1799.7
4750,414,2023-06-05,549.9
4751,183,2026-03-27,2539.5
4752,228,2026-06-20,1689.8
4753,87,2024-08-09,899.9
4754,252,2024-07-07,7399.3
4755,168,2024-03-09,199.9
4756,44,2025-07-27,3049.8
4757,33,2025-02-21,3779.6
4758,102,2025-03-31,1129.8
4759,410,2025-12-12,4699.5
4760,79,2024-02-06,11099.5
4761,164,2026-03-29,379.8
4762,31,2023-05-06,4999.8
4763,307,2024-06-16,899.9
4764,127,2023-04-22,10599.5
4765,389,2024-08-14,1299.7
4766,164,2024-02-17,4899.8
4767,242,2025-12-18,1599.9
4768,200,2025-10-02,1409.6
4769,420,2026-06-07,4499.9
4770,132,2024-02-14,1099.8
4771,389,2025-03-08,1889.5
4772,211,2023-06-28,3799.5
4773,268,2026-03-31,2949.6
4774,104,2025-07-22,1089.8
4775,271,2025-08-28,7799.8
4776,25,2026-04-08,679.8
4777,368,2023-12-16,7349.1
4778,362,2025-05-19,2199.9
4779,280,2024-04-24,2609.6
4780,30,2024-02-24,4999.7
4781,403,2026-07-17,3929.7
4782,136,2026-04-30,6099.4
4783,144,2023-11-07,1899.9
4784,143,2025-02-04,1749.8
4785,275,2026-05-16,1829.7
4786,284,2026-07-30,2099.6
4787,200,2024-11-08,1699.8
4788,275,2023-07-18,4889.7
4789,187,2025-03-17,6999.4
4790,124,2026-05-12,1399.8
4791,34,2024-11-28,199.9
4792,399,2025-11-28,129.9
4793,99,2024-09-15,2999.8
4794,143,2026-03-22,7699.2
4795,250,2025-03-04,1499.9
4796,126,2023-03-13,799.8
4797,299,2025-11-23,349.9
4798,208,2023-01-11,4099.7
4799,287,2025-07-10,6299.8
4800,379,2026-04-03,3499.9
4801,179,2025-09-09,4599.8
4802,171,2023-09-25,1039.6
4803,342,2025-12-17,5499.4
4804,209,2023-04-29,239.8
4805,131,2025-06-14,4849.4
4806,15,2024-02-01,4479.6
4807,205,2023-12-24,1349.6
4808,101,2024-07-04,549.9
4809,30,2023-08-14,6449.5
4810,63,2025-11-14,4839.2
4811,407,2025-07-08,2099.4
4812,131,2023-09-16,129.9
4813,66,2023-10-06,2299.9
4814,2,2025-09-27,8249.5
4815,195,2024-04-04,819.6
4816,163,2023-11-06,4199.7
4817,71,2023-02-16,3589.6
4818,411,2023-09-07,1499.9
4819,118,2026-01-30,5199.4
4820,354,2025-05-22,2289.7
4821,123,2026-05-09,2299.9
4822,121,2025-03-03,1599.8
4823,1,2023-01-01,1799.9
4824,101,2026-07-26,4299.9
4825,211,2024-10-13,1649.5
4826,259,2024-04-30,4149.8
4827,366,2023-12-04,7599.7
4828,8,2025-09-03,5099.8
4829,397,2025-05-07,4599.6
4830,260,2024-01-28,1719.4
4831,202,2023-12-31,2199.9
4832,287,2025-12-17,2549.6
4833,325,2024-05-01,1679.7
4834,389,2024-01-09,999.8
4835,69,2025-11-21,3149.8
4836,35,2023-04-04,10999.7
4837,126,2024-03-08,6649.4
4838,226,2024-07-28,189.9
4839,29,2024-10-30,2199.6
4840,227,2025-03-20,2029.8
4841,220,2023-12-03,2099.8
4842,19,2024-12-30,2949.6
4843,132,2024-02-14,9068.7
4844,258,2025-11-02,2399.6
4845,29,2024-03-10,5049.8
4846,166,2026-02-08,699.7
4847,210,2023-08-22,7099.7
4848,360,2024-12-14,1799.8
4849,361,2025-04-02,759.7
4850,235,2026-07-09,2949.6
4851,320,2023-05-12,1509.5
4852,120,2023-12-14,4199.4
4853,408,2026-05-12,13299.1
4854,23,2026-01-21,2899.9
4855,177,2023-11-14,7999.4
4856,224,2026-06-15,279.8
4857,272,2025-05-29,4499.7
4858,329,2023-11-23,1399.8
4859,21,2023-09-28,3749.8
4860,412,2023-11-27,1339.7
4861,315,2025-03-06,3749.2
4862,291,2025-02-14,5289.6
4863,285,2024-04-23,4099.4
4864,93,2026-04-09,539.7
4865,334,2023-06-15,4899.4
4866,184,2025-09-28,5499.5
4867,315,2023-02-25,7799.8
4868,74,2026-07-17,9949.5
4869,275,2024-09-22,1379.7
4870,17,2024-05-07,4199.6
4871,366,2023-07-18,3499.9
4872,127,2023-11-28,2949.6
4873,71,2025-08-27,5279.4
4874,387,2023-05-07,1989.8
4875,99,2024-04-07,3869.4
4876,114,2024-05-30,10699.7
4877,388,2025-07-28,2199.8
4878,319,2024-01-28,259.8
4879,240,2024-07-15,689.7
4880,324,2023-10-18,679.8
4881,216,2025-03-26,4399.8
4882,191,2024-03-09,8389.3
4883,344,2024-06-10,7699.7
4884,416,2026-07-02,279.9
4885,252,2024-06-07,6299.3
4886,74,2023-08-04,2679.6
4887,210,2025-01-27,4839.2
4888,367,2026-03-16,4729.5
4889,136,2025-06-26,7098.8
4890,245,2024-07-10,849.8
4891,340,2023-10-15,4449.6
4892,178,2024-06-02,7799.8
4893,280,2024-07-02,7399.4
4894,232,2025-04-18,199.9
4895,14,2023-06-20,3269.3
4896,8,2025-12-19,4799.7
4897,370,2024-07-20,3449.8
4898,294,2024-06-13,179.8
4899,332,2025-02-19,2649.6
4900,142,2026-06-11,2189.6
4901,290,2026-02-14,5899.9
4902,417,2025-05-29,2349.6
4903,139,2023-05-08,9999.4
4904,31,2024-08-11,2899.9
4905,310,2025-11-23,3849.8
4906,349,2024-12-04,4799.5
4907,23,2024-02-11,10299.4
4908,164,2025-10-10,1169.6
4909,150,2025-08-28,1799.8
4910,373,2026-07-03,5049.8
4911,153,2023-11-27,2599.5
4912,369,2023-01-21,7149.7
4913,141,2025-05-30,5999.6
4914,32,2023-03-18,2499.5
4915,405,2024-11-26,2949.6
4916,100,2025-03-02,5399.6
4917,78,2024-06-09,4199.7
4918,8,2023-09-05,6099.7
4919,45,2025-10-01,3599.7
4920,47,2023-09-02,4299.5
4921,88,2023-11-24,2879.2
4922,379,2025-12-25,699.8
4923,295,2024-12-04,1649.6
4924,416,2024-03-05,4649.6
4925,327,2026-06-23,3799.5
4926,162,2025-11-12,3699.6
4927,360,2025-09-05,2659.5
4928,319,2025-06-17,4949.6
4929,413,2023-03-27,3699.8
4930,373,2023-05-31,539.7
4931,242,2025-12-09,5069.5
4932,248,2023-02-20,7199.8
4933,105,2024-06-02,6099.8
4934,400,2025-08-29,3499.9
4935,132,2023-06-09,2179.7
4936,77,2026-06-22,8649.4
4937,396,2025-02-09,4499.9
4938,295,2023-04-30,2699.7
4939,149,2024-07-10,1799.9
4940,375,2026-06-09,129.9
4941,101,2023-10-04,3259.5
4942,36,2023-12-28,1559.5
4943,306,2024-04-08,6499.8
4944,255,2023-04-21,1059.6
4945,24,2025-01-15,1449.7
4946,285,2026-03-12,2479.8
4947,86,2025-12-21,599.9
4948,292,2026-01-20,699.9
4949,219,2023-01-28,3279.6
4950,381,2024-05-19,2229.7
4951,264,2024-10-17,3899.7
4952,327,2024-12-24,2899.9
4953,198,2026-03-18,939.6
4954,199,2024-11-06,199.9
4955,2,2024-07-16,399.9
4956,100,2024-12-06,4529.8
4957,196,2024-12-26,4849.6
4958,301,2025-02-12,6179.8
4959,340,2025-01-03,1199.8
4960,27,2024-09-11,1299.9
4961,254,2024-08-24,11289.4
4962,349,2025-07-30,4299.4
4963,318,2023-04-23,399.8
4964,373,2025-11-09,279.9
4965,248,2026-01-16,199.9
4966,130,2024-11-27,4359.6
4967,260,2025-07-16,4599.6
4968,350,2024-01-31,459.8
4969,368,2023-01-15,179.9
4970,102,2024-07-19,2589.6
4971,107,2023-12-26,199.9
4972,239,2023-11-17,1599.9
4973,207,2023-04-07,4199.7
4974,111,2026-04-19,189.9
4975,156,2023-07-17,2899.6
4976,414,2024-11-04,1779.8
4977,328,2025-08-12,8849.4
4978,198,2025-05-13,5899.6
4979,243,2025-11-12,549.9
4980,263,2024-08-14,8349.5
4981,302,2023-07-04,2399.8
4982,408,2023-08-04,5599.4
4983,182,2023-01-23,1599.9
4984,157,2023-01-04,2599.8
4985,210,2025-02-13,3999.5
4986,208,2025-06-27,1379.6
4987,220,2023-12-05,899.9
4988,2,2023-03-30,699.8
4989,121,2025-01-27,1279.7
4990,15,2025-02-23,6999.8
4991,150,2024-11-23,3499.9
4992,387,2025-05-22,3049.4
4993,363,2026-02-12,5499.8
4994,317,2025-06-03,599.9
4995,230,2025-12-28,2499.7
4996,182,2025-07-16,5399.8
4997,21,2024-08-04,2899.9
4998,368,2024-06-06,3699.5
4999,273,2026-04-05,4119.3
5000,365,2026-03-09,149.9
5001,371,2023-10-19,859.6
5002,311,2023-10-19,5199.8
5003,268,2024-06-30,1949.7
5004,244,2023-10-20,5049.6
5005,181,2026-07-11,10799.4
5006,137,2024-12-13,4149.3
5007,101,2025-08-01,489.8
5008,324,2024-11-10,3349.7
5009,95,2023-01-06,3399.6
5010,344,2026-03-27,4499.9
5011,375,2025-02-26,2299.8
5012,52,2023-04-30,3499.9
5013,88,2025-05-10,7299.4
5014,202,2026-07-20,6399.6
5015,225,2025-07-30,1299.9
5016,328,2026-04-30,2989.3
5017,21,2025-03-15,8259.5
5018,278,2023-07-06,1299.9
5019,139,2023-02-06,3859.7
5020,308,2023-09-28,189.9
5021,327,2024-10-25,1599.6
5022,330,2024-01-26,5289.3
5023,66,2023-01-21,1799.9
5024,386,2023-01-30,3299.6
5025,36,2024-06-08,3349.8
5026,101,2026-03-11,299.8
5027,231,2026-02-27,8899.4
5028,362,2025-07-21,3499.9
5029,210,2026-07-04,10069.3
5030,104,2024-07-03,4299.7
5031,179,2026-07-29,6649.7
5032,172,2025-02-07,4689.5
5033,1,2023-09-18,4199.5
5034,257,2023-11-29,5899.7
5035,252,2023-12-15,3599.7
5036,214,2023-04-14,11899.2
5037,39,2025-08-16,4099.7
5038,86,2023-05-23,279.9
5039,72,2024-02-11,6399.5
5040,160,2023-04-26,10849.4
5041,315,2023-02-18,699.9
5042,196,2024-07-07,889.8
5043,282,2023-01-01,4599.8
5044,321,2026-07-12,799.7
5045,3,2023-12-13,4749.5
5046,271,2025-12-14,11049.3
5047,72,2026-04-18,3009.3
5048,23,2025-10-25,5899.9
5049,40,2024-07-04,1459.6
5050,192,2026-05-04,10429.5
5051,107,2025-08-30,5199.4
5052,183,2023-03-19,1999.7
5053,302,2024-01-26,1399.8
5054,106,2024-02-29,1619.5
5055,259,2023-05-09,5449.7
5056,285,2023-05-07,1149.8
5057,180,2024-11-16,2429.6
5058,209,2024-08-11,2879.4
5059,64,2025-07-13,8749.3
5060,220,2025-07-21,4979.6
5061,302,2023-07-18,3429.3
5062,109,2025-03-13,3799.6
5063,368,2023-05-05,6099.8
5064,13,2024-01-29,1799.9
5065,212,2024-10-24,2999.7
5066,185,2023-11-19,14798.9
5067,124,2024-07-08,6999.6
5068,258,2023-05-29,4499.8
5069,64,2023-01-03,3719.4
5070,50,2024-07-19,9349.2
5071,373,2025-01-15,4999.6
5072,106,2026-02-10,13799.3
5073,76,2023-12-15,5299.4
5074,23,2024-01-02,599.9
5075,170,2025-02-20,1699.7
5076,388,2023-03-20,2299.8
5077,135,2024-07-24,3299.5
5078,390,2024-01-07,699.9
5079,61,2025-04-23,6999.8
5080,205,2023-07-16,4249.5
5081,238,2026-06-07,299.8
5082,321,2025-03-24,2579.6
5083,43,2025-12-16,499.8
5084,366,2024-02-21,3099.6
5085,357,2023-02-01,2699.8
5086,387,2025-11-09,599.9
5087,351,2025-11-26,8799.6
5088,92,2024-07-31,1999.7
5089,216,2025-01-09,949.8
5090,220,2025-06-13,1799.7
5091,312,2023-06-11,4499.2
5092,333,2026-01-23,1599.9
5093,33,2026-06-12,3299.8
5094,386,2024-12-19,769.6
5095,156,2023-09-16,3199.8
5096,266,2026-01-25,2409.6
5097,374,2025-01-11,6289.5
5098,69,2024-10-13,1089.8
5099,56,2025-11-22,7499.7
5100,52,2025-09-18,3099.6
5101,85,2025-01-25,3979.2
5102,142,2023-06-25,1499.9
5103,56,2025-08-09,5199.6
5104,211,2023-03-31,3599.6
5105,175,2024-02-12,3499.9
5106,170,2023-06-08,4689.6
5107,181,2024-01-21,3099.5
5108,289,2024-06-14,1399.9
5109,88,2024-07-02,1089.8
5110,410,2024-10-10,199.9
5111,292,2026-02-15,5299.8
5112,131,2025-06-11,5049.7
5113,398,2026-01-12,709.7
5114,411,2026-02-07,4699.6
5115,321,2025-11-28,1899.8
5116,93,2023-04-11,3699.8
5117,92,2024-04-10,4299.9
5118,319,2025-04-20,2199.9
5119,184,2026-02-28,1799.9
5120,350,2023-08-22,299.8
5121,116,2026-04-23,3829.8
5122,63,2023-09-01,7999.8
5123,135,2024-03-29,3649.2
5124,51,2024-07-09,4999.4
5125,195,2023-11-08,5399.5
5126,265,2025-01-31,3409.6
5127,74,2023-02-07,1599.9
5128,220,2024-09-04,5249.3
5129,85,2023-05-07,4159.7
5130,292,2024-06-03,1899.8
5131,212,2026-02-14,4169.4
5132,84,2024-08-30,2999.8
5133,225,2025-10-30,6249.7
5134,382,2025-08-16,1299.7
5135,359,2025-12-15,249.9
5136,143,2024-11-02,2099.8
5137,347,2024-01-21,4399.5
5138,419,2026-07-20,2799.6
5139,322,2025-07-28,699.9
5140,256,2023-02-20,2899.9
5141,51,2023-02-14,9199.7
5142,95,2026-06-30,2899.9
5143,89,2025-08-01,1799.6
5144,146,2025-05-25,3999.8
5145,32,2025-08-18,299.9
5146,345,2024-11-26,1979.6
5147,301,2024-04-18,3599.8
5148,398,2025-11-15,1799.7
5149,321,2024-11-28,9899.6
5150,422,2026-04-26,6499.7
5151,385,2025-08-19,5099.8
5152,319,2024-01-15,599.6
5153,26,2023-10-21,1199.8
5154,137,2026-05-05,1499.9
5155,127,2023-10-27,4599.2
5156,258,2023-01-19,7199.2
5157,383,2023-11-01,549.9
5158,37,2025-11-24,1139.4
5159,224,2024-10-26,4499.7
5160,222,2023-08-23,5099.4
5161,79,2024-02-29,6699.6
5162,53,2025-06-27,4099.6
5163,276,2023-08-28,249.9
5164,22,2024-10-26,4079.4
5165,47,2023-12-21,4799.7
5166,48,2024-12-24,2499.8
5167,21,2024-09-27,3449.6
5168,244,2026-01-03,279.9
5169,239,2024-06-14,1749.8
5170,241,2026-04-21,1099.8
5171,8,2023-11-06,6029.5
5172,103,2024-05-10,7499.4
5173,424,2024-08-19,1879.5
5174,175,2024-09-15,2559.7
5175,139,2025-03-16,6999.8
5176,325,2026-06-18,4249.6
5177,395,2024-05-17,4199.6
5178,198,2023-12-22,699.8
5179,66,2023-10-30,819.5
5180,37,2026-03-06,6499.7
5181,178,2026-07-01,4199.5
5182,392,2025-08-04,269.7
5183,99,2026-06-18,6099.8
5184,105,2023-01-28,3799.6
5185,212,2025-01-30,4649.7
5186,309,2023-09-02,4599.8
5187,178,2024-04-17,799.9
5188,17,2025-02-01,4639.2
5189,70,2024-07-03,6189.4
5190,246,2023-03-28,1799.9
5191,274,2024-12-20,6599.8
5192,408,2025-03-14,1199.8
5193,316,2026-01-24,2399.7
5194,118,2026-05-08,1649.7
5195,219,2025-07-26,4699.3
5196,286,2023-11-04,2399.7
5197,419,2026-05-18,4799.4
5198,251,2024-10-06,199.9
5199,57,2024-12-31,1199.7
5200,6,2026-06-03,549.9
5201,423,2025-04-28,4649.5
5202,44,2025-09-16,3899.7
5203,128,2023-07-04,2449.8
5204,317,2023-09-15,3699.4
5205,405,2024-08-12,5299.6
5206,145,2025-01-29,879.8
5207,73,2023-03-31,6099.6
5208,268,2024-11-01,4999.5
5209,251,2025-05-13,7589.4
5210,94,2024-02-01,5549.7
5211,270,2026-07-08,1129.8
5212,129,2024-04-08,2399.7
5213,29,2023-08-30,6299.6
5214,380,2026-03-31,7299.7
5215,230,2025-08-20,5499.5
5216,299,2023-08-21,1799.9
5217,230,2023-05-10,1499.7
5218,141,2026-07-29,4799.5
5219,407,2023-09-11,3799.2
5220,58,2025-03-08,1299.9
5221,3,2023-08-18,4099.8
5222,381,2023-11-08,149.9
5223,135,2025-05-13,2199.8
5224,193,2023-08-06,1499.8
5225,348,2023-09-07,3549.4
5226,376,2023-05-18,2309.5
5227,422,2026-05-21,199.9
5228,407,2023-04-24,9189.3
5229,361,2024-05-12,7999.8
5230,277,2024-04-27,2899.7
5231,299,2023-09-21,3159.7
5232,17,2024-06-01,2099.8
5233,141,2024-05-11,1779.8
5234,371,2023-07-30,3299.3
5235,320,2023-05-08,4879.4
5236,350,2024-09-26,6499.7
5237,91,2026-01-01,3999.4
5238,412,2025-12-26,8839.0
5239,151,2026-05-29,6299.5
5240,353,2023-06-24,9799.4
5241,360,2024-08-10,6799.4
5242,407,2023-03-29,699.8
5243,144,2023-09-16,2899.9
5244,56,2024-04-30,1439.5
5245,21,2025-04-09,15899.5
5246,158,2024-03-26,5049.1
5247,110,2024-08-31,459.8
5248,382,2023-04-07,4929.7
5249,348,2025-12-12,3199.6
5250,348,2025-12-13,879.7
5251,263,2026-05-27,5029.5
5252,372,2023-12-09,2999.7
5253,253,2024-07-27,2999.5
5254,84,2023-08-22,689.7
5255,245,2023-01-21,4799.8
5256,284,2025-02-20,3599.4
5257,366,2026-07-28,1399.8
5258,354,2024-12-16,6099.6
5259,253,2025-10-27,2199.9
5260,59,2026-02-17,9489.3
5261,306,2023-04-21,5779.4
5262,324,2023-06-29,1689.8
5263,171,2026-04-17,4419.6
5264,121,2025-11-09,3799.6
5265,119,2023-09-24,1499.7
5266,156,2024-08-26,6499.7
5267,66,2023-05-21,7099.5
5268,143,2023-10-26,3499.4
5269,287,2024-05-14,4499.7
5270,201,2023-03-17,329.9
5271,107,2024-08-07,1599.9
5272,178,2026-04-01,2999.7
5273,383,2026-06-05,1059.7
5274,131,2023-03-25,2299.7
5275,167,2023-10-22,3399.6
5276,268,2024-02-04,3499.9
5277,251,2024-01-11,1199.8
5278,255,2023-12-03,389.7
5279,354,2024-05-04,1499.9
5280,244,2024-02-28,4799.7
5281,45,2025-01-28,5329.6
5282,120,2024-06-12,5499.7
5283,331,2026-01-27,1499.9
5284,11,2023-11-07,3099.8
5285,352,2025-11-13,7849.6
5286,23,2024-01-13,4199.7
5287,92,2026-07-08,1799.9
5288,20,2024-08-07,2399.8
5289,324,2025-10-27,2409.3
5290,263,2026-05-17,5179.6
5291,383,2025-10-28,2899.7
5292,119,2024-02-02,2599.7
5293,102,2023-02-07,2499.7
5294,335,2023-01-21,1599.8
5295,137,2023-09-07,199.9
5296,271,2026-03-20,4929.7
5297,246,2025-03-20,1199.8
5298,151,2026-07-14,9379.6
5299,20,2024-06-30,179.9
5300,164,2023-08-06,3299.8
5301,333,2025-08-03,1599.8
5302,225,2023-02-09,10399.6
5303,60,2025-12-14,9199.8
5304,90,2025-02-23,4099.7
5305,12,2023-05-09,4499.5
5306,299,2024-04-25,5249.5
5307,204,2023-08-29,13499.4
5308,413,2026-06-09,4699.8
5309,305,2023-08-22,4379.7
5310,40,2023-08-01,2299.9
5311,424,2024-09-03,859.7
5312,321,2024-02-05,929.7
5313,223,2024-08-16,2699.6
5314,120,2024-04-07,1479.7
5315,235,2024-07-22,4699.8
5316,56,2023-01-20,5249.5
5317,109,2023-09-14,4059.6
5318,275,2024-09-10,3249.3
5319,318,2025-02-01,4599.6
5320,5,2024-04-22,2329.7
5321,258,2024-10-31,2049.8
5322,115,2024-09-30,7099.7
5323,33,2024-06-03,7399.7
5324,154,2023-02-25,7199.7
5325,352,2024-03-30,5099.8
5326,359,2024-10-06,12799.3
5327,165,2023-11-28,1679.8
5328,7,2024-06-07,7599.7
5329,289,2026-07-01,999.8
5330,58,2023-08-02,1899.9
5331,64,2025-09-25,8799.2
5332,108,2025-03-13,2039.7
5333,157,2025-12-23,4099.8
5334,81,2023-08-23,299.9
5335,261,2023-12-10,6599.4
5336,402,2023-03-05,1899.8
5337,390,2025-02-12,499.9
5338,299,2023-01-23,3699.4
5339,253,2025-06-04,3499.9
5340,338,2025-06-26,1299.8
5341,330,2024-12-26,2199.9
5342,326,2023-12-24,1599.9
5343,117,2024-10-28,2489.6
5344,88,2024-07-18,249.9
5345,19,2023-08-14,1999.6
5346,291,2024-04-08,4449.6
5347,268,2024-09-10,13149.6
5348,300,2025-03-23,429.8
5349,218,2024-11-14,5399.3
5350,132,2023-11-15,8259.4
5351,311,2024-05-28,2649.6
5352,290,2026-02-21,7549.6
5353,408,2026-06-18,1239.6
5354,154,2025-09-05,6629.7
5355,105,2025-04-18,1699.8
5356,75,2026-07-08,799.9
5357,246,2025-06-21,449.7
5358,68,2025-03-18,3139.4
5359,76,2025-12-17,1499.9
5360,422,2025-09-30,4399.8
5361,392,2023-02-08,2859.6
5362,279,2023-10-16,1799.7
5363,148,2023-06-29,749.8
5364,81,2023-08-25,8549.4
5365,220,2025-11-08,3779.8
5366,266,2025-08-27,5179.6
5367,409,2024-12-30,7249.4
5368,282,2025-04-14,8699.6
5369,378,2024-11-02,2629.6
5370,335,2023-02-02,1799.9
5371,370,2026-05-08,6399.8
5372,336,2023-12-13,499.9
5373,72,2023-05-30,5799.5
5374,355,2025-08-30,10049.4
5375,233,2026-03-06,1149.8
5376,416,2026-01-11,3229.8
5377,198,2023-10-06,3999.8
5378,68,2026-03-15,1799.9
5379,326,2024-04-21,7399.8
5380,402,2026-02-02,8479.4
5381,260,2026-05-15,9959.4
5382,258,2025-08-27,7749.5
5383,387,2025-12-27,3049.5
5384,339,2026-03-16,3399.8
5385,303,2025-11-27,1599.9
5386,381,2023-07-20,2249.8
5387,119,2024-02-16,3029.8
5388,171,2024-03-13,299.9
5389,322,2024-05-09,4699.8
5390,270,2023-01-04,3709.6
5391,200,2026-05-02,3049.5
5392,86,2025-11-19,4099.7
5393,207,2024-04-02,5949.6
5394,178,2025-12-08,3599.6
5395,62,2024-09-26,3889.7
5396,111,2023-05-03,6989.4
5397,310,2023-07-17,6949.7
5398,164,2023-04-05,3149.7
5399,138,2026-05-27,549.8
5400,356,2023-02-05,3779.8
5401,99,2023-10-02,3099.8
5402,58,2024-06-27,999.9
5403,115,2025-12-24,5799.5
5404,23,2023-04-18,249.9
5405,263,2024-12-19,2399.7
5406,138,2025-09-10,8149.6
5407,55,2023-03-02,3299.8
5408,405,2023-10-19,4499.9
5409,368,2023-06-21,5699.4
5410,330,2025-07-13,2199.6
5411,332,2024-01-31,2219.6
5412,142,2024-10-22,6199.6
5413,358,2025-12-05,1999.6
5414,194,2023-08-21,4959.5
5415,295,2023-07-26,1299.9
5416,122,2024-03-12,4999.3
5417,109,2023-12-28,9199.6
5418,270,2024-06-20,8578.9
5419,352,2024-08-21,5949.7
5420,299,2024-05-06,3649.7
5421,120,2023-04-29,6889.6
5422,252,2026-06-11,379.8
5423,38,2024-07-27,699.9
5424,241,2023-11-12,4159.6
5425,329,2024-12-21,3429.7
5426,348,2025-02-01,5629.7
5427,349,2026-02-04,4589.7
5428,6,2025-09-16,12799.1
5429,263,2023-08-17,2049.8
5430,372,2026-03-08,1299.9
5431,39,2024-02-14,5019.6
5432,115,2023-09-25,6349.7
5433,212,2023-10-16,5699.6
5434,347,2024-02-04,249.9
5435,389,2024-02-12,349.9
5436,118,2025-11-17,2599.8
5437,243,2024-11-22,6699.6
5438,135,2024-06-27,7589.4
5439,198,2024-01-09,3999.8
5440,158,2026-01-04,8099.7
5441,285,2024-01-24,4799.8
5442,267,2026-04-15,4259.5
5443,283,2026-06-01,4399.8
5444,152,2024-02-03,1259.7
5445,181,2026-07-22,3499.9
5446,331,2025-01-06,3359.6
5447,140,2023-01-17,3899.8
5448,70,2023-04-10,549.8
5449,166,2025-11-27,4199.7
5450,60,2026-04-22,5299.8
5451,336,2024-10-31,2599.9
5452,40,2025-09-10,2699.7
5453,164,2024-01-26,989.8
5454,306,2024-02-18,999.8
5455,287,2025-02-14,1979.8
5456,296,2023-01-07,4999.6
5457,366,2023-08-07,1199.8
5458,366,2024-04-01,3299.8
5459,87,2023-10-02,7649.1
5460,133,2024-10-01,3399.7
5461,408,2025-02-22,3329.5
5462,51,2023-02-15,2399.7
5463,409,2024-09-30,4049.8
5464,367,2026-06-20,999.9
5465,37,2025-12-04,2199.9
5466,360,2025-07-17,6799.6
5467,208,2023-03-18,989.7
5468,255,2023-05-14,11349.4
5469,8,2024-01-24,299.8
5470,90,2025-10-01,3649.6
5471,251,2025-03-16,3199.7
5472,386,2024-06-25,4799.5
5473,39,2025-09-24,1299.9
5474,341,2025-09-07,4199.7
5475,362,2023-11-16,4499.6
5476,29,2025-04-17,4949.5
5477,13,2025-11-06,4199.5
5478,248,2026-05-23,8059.6
5479,359,2026-05-26,2049.8
5480,105,2026-04-09,1299.9
5481,140,2024-02-20,699.9
5482,26,2024-08-16,6249.8
5483,332,2023-12-28,3499.5
5484,379,2025-08-17,6499.5
5485,73,2024-08-04,2699.7
5486,283,2023-08-04,1499.9
5487,101,2025-03-10,3899.6
5488,286,2026-04-30,549.9
5489,100,2023-05-21,249.9
5490,256,2023-01-10,3299.9
5491,378,2026-07-10,1249.8
5492,169,2026-06-10,1709.6
5493,337,2024-11-20,1789.4
5494,409,2024-01-08,10229.3
5495,29,2024-06-05,9799.6
5496,329,2023-01-14,9799.7
5497,145,2023-01-18,949.8
5498,134,2025-05-29,2099.7
5499,257,2026-03-13,3559.7
5500,96,2024-04-05,6249.6
5501,280,2023-08-02,999.8
5502,406,2024-04-22,10099.5
5503,162,2024-08-12,3199.6
5504,305,2026-04-07,2049.6
5505,397,2023-06-15,4659.1
5506,236,2026-05-20,129.9
5507,361,2026-07-06,249.9
5508,276,2024-12-22,13699.3
5509,198,2024-08-18,789.7
5510,175,2024-06-11,2249.6
5511,356,2025-11-13,7549.6
5512,303,2025-11-22,2379.7
5513,126,2026-05-17,1799.7
5514,48,2025-08-16,389.7
5515,76,2025-03-09,299.9
5516,414,2023-06-12,189.9
5517,146,2024-02-20,2399.8
5518,145,2025-11-15,1899.9
5519,147,2024-02-16,3749.6
5520,252,2025-02-06,299.9
5521,311,2026-07-11,2099.7
5522,344,2025-09-28,2199.7
5523,190,2023-06-01,479.8
5524,236,2023-09-24,2299.7
5525,276,2025-05-17,249.9
5526,132,2023-01-04,4999.8
5527,130,2024-01-25,3199.5
5528,197,2023-06-27,2899.9
5529,104,2024-09-04,6899.3
5530,92,2025-04-12,4399.6
5531,395,2025-11-24,2449.7
5532,143,2025-07-04,6099.5
5533,100,2024-04-08,6199.8
5534,405,2023-07-21,1059.7
5535,30,2023-08-04,7449.6
5536,79,2026-06-27,1649.7
5537,407,2025-04-02,899.9
5538,92,2024-11-06,399.9
5539,353,2023-03-08,249.9
5540,55,2024-03-13,3749.8
5541,313,2023-03-25,2449.8
5542,155,2026-06-13,3299.6
5543,419,2025-07-12,6099.8
5544,261,2023-09-26,1499.9
5545,252,2026-01-11,2199.9
5546,104,2024-04-09,5499.8
5547,199,2024-03-27,4899.6
5548,408,2024-05-21,3099.5
5549,257,2026-06-13,1749.4
5550,216,2024-02-10,5729.5
5551,49,2023-04-07,699.9
5552,92,2026-04-14,2399.8
5553,343,2023-11-04,3369.4
5554,417,2023-05-12,3899.8
5555,279,2025-06-12,1649.8
5556,415,2025-07-23,599.9
5557,34,2023-01-10,9299.7
5558,281,2026-07-15,1499.7
5559,323,2024-12-07,3749.8
5560,371,2023-05-08,1799.9
5561,302,2024-05-10,499.9
5562,381,2025-11-11,1199.8
5563,365,2026-01-07,2899.9
5564,423,2024-04-09,249.9
5565,199,2024-02-17,299.9
5566,316,2025-11-25,4099.8
5567,399,2026-05-31,899.9
5568,68,2024-11-12,4849.2
5569,249,2023-01-22,1399.8
5570,281,2025-12-07,3699.8
5571,142,2023-01-05,12068.8
5572,309,2023-07-27,3829.8
5573,211,2026-07-07,5899.7
5574,414,2024-07-22,299.9
5575,57,2025-12-19,899.9
5576,185,2023-07-06,3499.9
5577,82,2024-06-13,2499.7
5578,99,2025-05-19,3499.9
5579,18,2025-09-23,1299.9
5580,335,2025-09-08,2599.9
5581,368,2024-04-28,4999.8
5582,364,2023-03-06,6399.8
5583,304,2024-02-05,4349.4
5584,50,2025-06-18,4989.4
5585,144,2025-05-18,299.9
5586,390,2023-07-27,4699.8
5587,228,2023-03-19,1799.8
5588,141,2023-03-16,2149.8
5589,47,2023-04-16,1949.6
5590,255,2025-04-23,3719.4
5591,415,2026-06-09,3499.9
5592,46,2024-11-23,1649.8
5593,395,2024-10-22,2299.2
5594,104,2023-04-24,299.9
5595,63,2023-10-16,5999.6
5596,102,2023-08-24,7049.5
5597,254,2026-03-01,7049.7
5598,194,2024-11-06,4789.7
5599,124,2026-01-01,2199.6
5600,408,2024-12-09,8719.2
5601,295,2026-02-27,3699.8
5602,258,2024-12-17,699.9
5603,308,2024-07-31,2399.8
5604,121,2023-09-19,3969.6
5605,310,2024-01-14,1999.8
5606,359,2023-12-02,1149.8
5607,404,2024-04-13,1999.8
5608,7,2023-08-31,1079.8
5609,272,2024-09-12,1999.8
5610,422,2023-03-23,5959.2
5611,27,2025-06-13,5029.3
5612,82,2025-10-22,1799.7
5613,402,2024-06-25,13399.6
5614,194,2025-02-13,6469.1
5615,195,2025-11-28,859.7
5616,21,2024-10-05,2149.6
5617,158,2024-11-30,249.9
5618,48,2024-06-24,2729.5
5619,45,2026-03-22,1899.7
5620,401,2025-11-23,1599.8
5621,139,2025-06-20,5899.9
5622,199,2026-01-21,3499.9
5623,342,2023-02-14,4699.7
5624,163,2023-02-15,1399.7
5625,37,2024-06-28,5899.7
5626,123,2023-09-21,3499.8
5627,341,2023-09-21,5299.8
5628,335,2023-06-15,3559.4
5629,176,2024-04-09,2199.9
5630,353,2025-02-07,299.9
5631,138,2025-11-12,7799.8
5632,55,2024-11-24,3299.6
5633,163,2023-06-06,6999.6
5634,249,2024-05-18,2029.7
5635,161,2026-01-10,2839.5
5636,32,2024-01-19,4169.3
5637,322,2023-11-12,5099.7
5638,66,2026-01-03,4549.6
5639,156,2025-01-14,699.9
5640,206,2025-03-01,2599.4
5641,175,2023-01-11,3949.6
5642,288,2026-02-01,459.8
5643,172,2025-12-17,249.9
5644,75,2023-06-02,4799.7
5645,44,2024-01-11,6429.7
5646,374,2026-02-02,3999.7
5647,242,2025-03-08,3099.8
5648,97,2024-01-05,1799.9
5649,84,2025-03-12,1949.7
5650,380,2023-03-10,1799.9
5651,294,2024-03-13,1649.7
5652,114,2024-10-14,5299.6
5653,274,2026-01-17,2449.8
5654,6,2026-04-19,1249.8
5655,317,2023-10-31,4579.4
5656,402,2026-03-02,2699.8
5657,282,2025-05-03,2249.8
5658,344,2023-06-07,2349.5
5659,252,2025-01-23,8889.5
5660,11,2025-01-19,699.8
5661,133,2025-06-29,3169.6
5662,346,2023-10-16,4829.8
5663,53,2024-01-01,2599.9
5664,351,2024-01-27,179.9
5665,140,2025-11-03,5799.8
5666,288,2023-08-27,349.9
5667,281,2023-06-29,1499.9
5668,12,2024-02-22,199.9
5669,152,2026-05-30,1499.9
5670,334,2025-08-11,699.7
5671,285,2026-02-04,3499.9
5672,394,2025-10-06,2339.4
5673,314,2026-07-06,6199.8
5674,50,2024-11-07,3249.8
5675,189,2023-03-15,899.9
5676,102,2025-06-10,4249.7
5677,6,2023-08-19,2449.8
5678,374,2024-03-02,7699.7
5679,309,2025-01-27,5799.6
5680,171,2023-05-02,3499.9
5681,320,2025-07-29,8989.7
5682,163,2026-02-21,3299.8
5683,360,2026-07-25,5499.8
5684,54,2023-05-13,3199.8
5685,151,2024-02-28,8149.6
5686,113,2023-12-14,3149.8
5687,43,2024-09-10,549.9
5688,59,2023-09-11,899.8
5689,116,2024-02-22,8189.2
5690,294,2024-08-27,3749.8
5691,69,2024-11-06,12899.6
5692,266,2026-03-10,1799.9
5693,405,2025-07-12,9899.2
5694,66,2025-09-10,699.8
5695,126,2023-08-21,1309.7
5696,21,2024-06-17,5899.4
5697,46,2024-02-06,1499.7
5698,390,2023-04-05,8999.3
5699,354,2023-03-27,7179.3
5700,175,2024-02-08,5699.8
5701,214,2024-11-19,5179.7
5702,225,2023-07-25,1799.9
5703,50,2023-02-19,3429.8
5704,236,2023-08-09,2159.5
5705,325,2025-12-20,1549.6
5706,417,2023-08-19,1899.9
5707,407,2023-11-06,3399.8
5708,301,2024-09-20,899.9
5709,373,2025-04-08,4049.7
5710,369,2025-12-23,2949.5
5711,154,2025-03-19,2299.8
5712,192,2025-03-06,2199.9
5713,337,2025-07-04,399.9
5714,255,2023-11-13,9208.9
5715,347,2025-08-13,259.8
5716,114,2026-03-20,4399.8
5717,35,2023-03-22,3599.3
5718,154,2023-02-20,779.4
5719,131,2024-01-14,2699.6
5720,304,2023-09-19,10049.5
5721,383,2024-03-02,2399.7
5722,340,2024-08-04,3099.3
5723,309,2025-07-17,1299.9
5724,149,2026-06-24,4779.3
5725,326,2026-03-17,1399.8
5726,204,2023-09-12,5999.4
5727,153,2024-09-12,5289.6
5728,186,2023-06-20,2889.6
5729,259,2023-05-22,8299.5
5730,336,2026-05-09,1199.8
5731,276,2025-11-24,5329.5
5732,155,2024-12-01,1649.8
5733,306,2025-05-20,2699.7
5734,291,2025-01-12,5049.5
5735,14,2024-09-21,2149.7
5736,288,2026-04-17,5899.9
5737,395,2024-03-25,399.9
5738,371,2026-07-21,7749.5
5739,252,2023-09-25,609.7
5740,31,2024-03-23,1999.7
5741,285,2023-06-08,10099.5
5742,161,2025-11-26,3499.7
5743,220,2025-05-07,6499.7
5744,21,2024-06-17,3249.8
5745,302,2025-11-20,5299.7
5746,129,2023-11-04,11099.4
5747,354,2023-02-04,1289.7
5748,400,2026-04-08,5099.6
5749,277,2026-07-03,4179.3
5750,354,2023-09-14,5919.6
5751,375,2024-07-13,5899.8
5752,72,2026-02-14,129.9
5753,309,2026-04-12,989.8
5754,93,2024-11-17,2049.8
5755,386,2023-12-16,6899.7
5756,41,2024-09-06,3679.6
5757,398,2024-02-02,4299.7
5758,207,2024-05-04,749.8
5759,342,2024-07-23,359.8
5760,167,2023-09-12,7399.6
5761,358,2024-10-09,499.8
5762,319,2025-04-29,9799.6
5763,4,2023-04-20,7349.5
5764,173,2026-07-19,1089.8
5765,35,2023-10-28,699.9
5766,26,2024-11-25,5599.6
5767,192,2025-06-12,4199.7
5768,328,2024-07-07,1499.7
5769,44,2023-11-26,3799.7
5770,229,2026-07-22,7539.5
5771,345,2025-04-18,5709.6
5772,325,2026-03-17,4199.8
5773,328,2024-04-05,2899.9
5774,6,2025-11-20,249.9
5775,291,2026-05-31,10049.4
5776,377,2023-10-25,1399.6
5777,27,2024-01-15,9489.7
5778,311,2025-03-11,1899.9
5779,155,2024-09-08,2069.4
5780,127,2026-01-10,6649.5
5781,327,2026-03-22,2349.6
5782,71,2025-05-14,10399.8
5783,393,2025-03-12,989.7
5784,417,2024-04-26,1099.8
5785,260,2024-08-26,1549.7
5786,45,2023-03-31,6099.8
5787,274,2024-07-15,4329.5
5788,4,2024-10-21,15299.5
5789,234,2023-09-14,2799.8
5790,149,2025-11-26,5149.6
5791,185,2025-12-25,1799.7
5792,126,2025-04-26,229.9
5793,389,2024-08-03,6699.7
5794,281,2024-09-18,11999.3
5795,49,2025-08-20,6199.5
5796,191,2023-10-01,5229.5
5797,355,2025-04-05,4399.8
5798,313,2024-05-03,6149.6
5799,283,2023-10-02,4699.7
5800,213,2025-12-01,6099.6
5801,37,2025-12-13,2899.9
5802,324,2023-06-01,399.9
5803,179,2026-06-09,989.7
5804,317,2025-05-02,2999.6
5805,142,2024-06-07,3479.6
5806,51,2024-01-04,3999.6
5807,351,2024-03-08,279.8
5808,46,2023-12-26,6899.5
5809,306,2023-11-19,4099.8
5810,366,2023-04-10,2749.3
5811,90,2026-01-07,1599.8
5812,352,2025-08-31,5699.5
5813,115,2025-10-17,2829.5
5814,178,2024-11-05,5829.5
5815,351,2025-04-10,3579.7
5816,292,2026-07-22,3349.1
5817,269,2024-07-10,4199.8
5818,84,2023-09-30,699.7
5819,187,2025-08-30,3399.8
5820,226,2024-07-27,4589.7
5821,407,2024-12-21,1949.7
5822,309,2023-10-25,1899.7
5823,341,2025-05-30,1599.9
5824,69,2026-01-31,679.7
5825,122,2024-11-17,1599.8
5826,68,2026-03-02,1989.7
5827,269,2023-07-17,1499.9
5828,361,2025-08-17,5099.8
5829,70,2023-07-20,7249.2
5830,187,2025-04-05,249.9
5831,302,2025-11-11,2199.9
5832,107,2023-07-24,329.9
5833,107,2024-03-30,549.9
5834,140,2024-01-30,2359.5
5835,159,2024-01-11,2899.8
5836,44,2023-05-26,699.9
5837,198,2026-01-15,6649.6
5838,357,2023-05-26,689.7
5839,224,2023-05-19,2199.8
5840,360,2023-03-11,4789.1
5841,37,2023-10-04,4099.7
5842,153,2024-08-06,649.8
5843,172,2024-12-10,1499.7
5844,264,2023-04-27,1499.9
5845,327,2023-02-06,4149.6
5846,239,2024-01-20,599.8
5847,385,2026-05-04,2689.6
5848,329,2024-01-02,6299.6
5849,49,2024-02-25,1749.4
5850,207,2025-07-17,2399.8
5851,1,2023-07-18,3749.6
5852,9,2024-12-04,2139.7
5853,320,2023-08-02,2899.5
5854,357,2026-03-29,1249.7
5855,244,2024-11-12,3499.5
5856,125,2024-08-17,2299.9
5857,378,2023-01-14,3499.9
5858,373,2026-01-31,879.8
5859,64,2024-12-10,3299.9
5860,218,2024-12-21,1649.8
5861,266,2023-10-18,1899.7
5862,198,2024-10-15,2499.7
5863,194,2026-05-03,3699.8
5864,55,2026-01-15,2999.7
5865,210,2023-08-28,399.9
5866,339,2025-03-17,8249.7
5867,344,2025-09-10,5599.6
5868,149,2024-04-30,4039.6
5869,382,2023-06-19,3899.6
5870,161,2023-02-06,5249.7
5871,396,2023-06-14,7199.8
5872,388,2024-08-29,2099.8
5873,368,2024-10-13,8899.4
5874,344,2023-08-06,799.9
5875,5,2025-03-07,1599.5
5876,110,2024-08-19,6929.3
5877,399,2023-09-26,699.9
5878,230,2024-06-24,7399.8
5879,216,2023-10-07,8849.5
5880,368,2024-02-08,1129.8
5881,187,2024-01-31,6849.2
5882,172,2026-04-07,599.9
5883,298,2026-07-07,3319.1
5884,351,2025-04-05,2599.9
5885,253,2026-01-20,1599.9
5886,62,2025-12-29,5279.7
5887,56,2023-03-29,899.9
5888,399,2024-08-20,1319.7
5889,239,2024-02-09,4789.3
5890,88,2023-08-21,989.8
5891,16,2023-11-02,1199.8
5892,329,2026-01-13,1299.9
5893,315,2024-02-23,1399.8
5894,99,2023-10-02,4999.8
5895,289,2025-08-13,2069.6
5896,111,2023-05-24,7899.4
5897,162,2025-11-17,149.9
5898,149,2025-09-14,599.9
5899,383,2023-09-27,7199.7
5900,192,2023-04-26,5799.8
5901,138,2023-05-16,1099.8
5902,221,2026-06-28,149.9
5903,14,2023-01-21,1799.7
5904,375,2026-07-03,1599.9
5905,110,2023-12-06,1299.9
5906,413,2024-09-11,2399.8
5907,344,2025-08-29,10899.7
5908,243,2023-03-14,549.9
5909,211,2025-03-12,5299.8
5910,282,2024-04-03,699.9
5911,186,2023-12-12,6299.6
5912,283,2025-08-18,4299.9
5913,57,2024-11-05,5999.6
5914,58,2025-02-25,1899.6
5915,4,2026-02-12,4189.6
5916,159,2025-01-05,1699.7
5917,187,2023-05-11,2529.8
5918,172,2025-01-11,2499.8
5919,346,2025-02-25,699.9
5920,203,2023-01-13,4339.3
5921,164,2025-02-18,1299.9
5922,404,2024-11-03,7099.5
5923,9,2026-06-16,1149.8
5924,265,2024-06-16,6079.1
5925,48,2023-08-23,449.7
5926,329,2026-07-27,3299.9
5927,31,2026-05-18,1979.8
5928,322,2023-05-11,649.9
5929,406,2023-05-31,3299.9
5930,348,2026-02-10,3499.9
5931,116,2024-12-27,1499.7
5932,88,2023-06-16,5199.6
5933,141,2026-02-12,8399.4
5934,409,2024-07-05,2329.8
5935,25,2023-01-15,5219.1
5936,33,2024-11-05,249.9
5937,222,2023-08-26,5349.7
5938,409,2024-10-17,3699.8
5939,220,2023-08-31,4599.4
5940,390,2025-10-20,499.9
5941,277,2023-06-06,6699.8
5942,260,2024-02-25,1289.6
5943,381,2026-07-03,899.9
5944,196,2026-07-03,2499.6
5945,226,2024-09-07,3899.6
5946,254,2025-12-11,5699.7
5947,316,2025-02-27,549.9
5948,263,2026-05-21,4299.9
5949,244,2024-03-16,899.9
5950,255,2026-01-05,6149.5
5951,367,2026-04-27,3999.8
5952,304,2024-01-13,879.7
5953,194,2025-08-25,4499.8
5954,117,2023-03-17,2439.4
5955,74,2025-07-31,2479.6
5956,114,2024-01-15,6899.4
5957,402,2026-06-10,9199.5
5958,168,2024-01-03,3269.5
5959,63,2024-05-26,2389.8
5960,134,2026-05-08,3099.8
5961,299,2025-04-05,5289.6
5962,370,2026-02-12,4349.7
5963,375,2026-05-30,3699.5
5964,262,2025-12-21,4549.3
5965,98,2024-06-15,229.9
5966,52,2024-10-12,6249.7
5967,381,2023-09-16,4199.5
5968,173,2025-08-22,6049.6
5969,372,2024-01-25,1149.8
5970,6,2025-08-12,3549.8
5971,417,2024-10-15,5099.4
5972,45,2023-12-03,1499.7
5973,64,2025-11-24,2889.7
5974,192,2026-04-03,899.9
5975,210,2025-07-22,3999.4
5976,326,2023-06-07,5199.3
5977,62,2023-04-08,4169.6
5978,248,2023-04-02,5799.6
5979,170,2023-10-17,4999.6
5980,210,2026-02-21,449.7
5981,48,2025-03-04,989.7
5982,252,2024-06-05,6899.7
5983,101,2023-02-16,449.8
5984,290,2024-08-28,8999.5
5985,183,2023-07-15,1649.8
5986,72,2023-08-12,3899.5
5987,153,2025-03-29,1599.8
5988,130,2026-05-31,12749.4
5989,104,2025-11-17,2099.7
5990,121,2023-11-12,5899.9
5991,400,2026-02-18,7509.0
5992,263,2026-01-22,4899.8
5993,366,2026-05-02,8199.2
5994,307,2023-09-17,2159.7
5995,43,2024-10-10,399.9
5996,423,2023-09-15,7149.5
5997,119,2026-04-24,659.8
5998,359,2023-06-11,9999.3
5999,338,2023-12-27,3499.9
6000,81,2024-08-18,8249.3
6001,236,2025-05-01,7649.1
6002,87,2023-03-16,4799.8
6003,12,2023-11-20,4999.4
6004,269,2024-06-24,8399.7
6005,157,2025-03-14,549.8
6006,276,2024-04-11,1799.9
6007,371,2026-03-29,3499.9
6008,381,2024-09-23,5779.4
6009,183,2025-02-19,3849.5
6010,60,2025-10-03,4299.7
6011,5,2025-08-31,5939.1
6012,143,2024-12-08,1799.9
6013,419,2026-07-04,3799.8
6014,95,2023-11-17,7499.8
6015,191,2025-06-20,8049.5
6016,226,2025-12-09,1499.9
6017,133,2024-12-25,2739.5
6018,38,2023-11-03,6189.5
6019,39,2024-09-26,5589.5
6020,71,2025-10-21,549.9
6021,348,2024-11-22,339.8
6022,8,2023-02-07,4949.6
6023,360,2026-03-31,1449.8
6024,350,2023-01-03,1499.9
6025,186,2024-09-16,1199.8
6026,238,2025-02-03,4439.4
6027,378,2026-07-16,1999.8
6028,277,2023-04-17,2399.7
6029,161,2024-08-20,579.8
6030,195,2025-07-14,2999.6
6031,114,2025-06-15,2289.2
6032,390,2025-04-12,6799.8
6033,3,2024-03-15,279.9
6034,315,2023-02-09,499.9
6035,394,2026-01-07,2199.9
6036,262,2023-07-02,739.8
6037,74,2026-02-07,3099.8
6038,97,2024-08-15,3499.8
6039,87,2025-12-21,2099.7
6040,216,2026-04-03,2709.3
6041,314,2025-08-16,3999.8
6042,169,2024-04-11,3299.9
6043,304,2025-12-03,4699.8
6044,165,2023-10-12,1799.9
6045,191,2026-01-30,2499.5
6046,143,2024-12-05,6679.7
6047,357,2023-03-18,179.8
6048,184,2024-01-03,6379.1
6049,1,2024-06-09,4199.8
6050,397,2024-05-02,1199.8
6051,162,2026-03-16,549.9
6052,412,2024-10-26,1279.7
6053,178,2024-05-18,5799.8
6054,337,2024-12-16,459.8
6055,303,2024-08-25,449.7
6056,117,2026-06-19,6799.7
6057,307,2023-03-16,6449.6
6058,366,2025-01-23,4299.6
6059,252,2026-07-06,3589.6
6060,15,2023-09-30,5399.6
6061,205,2026-01-06,3399.7
6062,266,2025-12-27,2199.7
6063,77,2024-11-10,6099.8
6064,84,2024-02-20,2599.8
6065,54,2024-08-20,6649.6
6066,397,2023-12-08,1849.8
6067,288,2023-12-20,1899.9
6068,321,2023-08-18,2199.9
6069,319,2024-03-27,899.9
6070,407,2026-04-04,1199.7
6071,334,2025-08-21,5389.6
6072,140,2025-11-06,2199.9
6073,214,2024-09-03,3249.5
6074,55,2025-08-21,3569.3
6075,186,2024-12-22,4189.7
6076,211,2025-04-07,2099.6
6077,206,2024-07-24,4499.7
6078,309,2023-05-10,549.9
6079,137,2024-05-09,829.8
6080,420,2024-02-24,749.8
6081,229,2023-02-08,2549.7
6082,288,2023-03-23,4809.2
6083,61,2026-02-13,179.9
6084,137,2025-12-19,3879.7
6085,162,2025-06-22,5799.6
6086,204,2026-04-01,4429.5
6087,414,2023-02-09,1489.5
6088,405,2024-10-17,11249.5
6089,106,2026-07-16,2799.8
6090,274,2026-06-05,789.7
6091,261,2026-05-02,669.6
6092,189,2024-07-30,10899.5
6093,165,2023-09-23,1199.7
6094,92,2026-04-23,2349.6
6095,36,2024-10-29,5979.7
6096,352,2023-12-31,9799.6
6097,247,2023-09-30,8299.4
6098,285,2025-09-01,1529.5
6099,181,2026-04-25,1799.8
6100,214,2026-07-28,11729.4
6101,312,2024-07-27,9399.6
6102,96,2026-01-10,1499.9
6103,88,2026-02-13,2349.5
6104,399,2026-02-03,2299.6
6105,232,2026-02-15,3739.6
6106,211,2026-05-29,4999.6
6107,392,2026-03-25,3499.8
6108,382,2025-05-17,3499.9
6109,401,2023-02-27,899.9
6110,118,2024-07-10,609.7
6111,281,2025-04-15,3199.7
6112,150,2024-10-05,1199.8
6113,64,2025-03-22,2199.9
6114,359,2024-09-03,4089.5
6115,63,2025-08-06,7749.7
6116,242,2025-08-11,3499.6
6117,226,2026-05-22,2299.8
6118,91,2023-04-17,4769.5
6119,133,2025-04-25,1779.8
6120,417,2024-04-21,2699.8
6121,105,2023-01-23,9099.6
6122,176,2023-12-23,1499.9
6123,365,2024-05-12,2049.8
6124,159,2026-04-23,1599.9
6125,187,2026-02-21,149.9
6126,94,2023-05-28,2189.6
6127,192,2025-04-06,5249.7
6128,348,2026-02-01,3999.7
6129,375,2025-12-11,4699.8
6130,188,2023-02-10,2299.8
6131,38,2025-12-04,2699.7
6132,125,2023-03-29,5899.6
6133,383,2025-08-29,449.7
6134,86,2023-06-20,4699.5
6135,100,2025-11-11,3349.6
6136,186,2024-10-04,2929.7
6137,108,2026-01-23,8029.6
6138,224,2023-02-14,1799.7
6139,330,2026-01-10,10299.6
6140,57,2023-11-25,7779.6
6141,13,2026-04-21,2889.6
6142,273,2026-07-03,1799.9
6143,314,2026-03-26,2079.8
6144,41,2023-03-19,2149.8
6145,71,2023-09-21,7399.6
6146,284,2023-07-09,3479.7
6147,208,2024-12-29,2409.6
6148,282,2024-11-29,2799.6
6149,69,2024-02-10,4699.8
6150,263,2025-12-17,8199.5
6151,99,2025-02-04,6649.6
6152,297,2025-04-02,3759.7
6153,90,2023-03-28,1799.8
6154,352,2023-08-10,3589.7
6155,226,2025-04-12,4599.8
6156,374,2023-10-13,3799.6
6157,107,2024-09-26,6689.2
6158,53,2023-03-21,4049.6
6159,307,2024-02-24,699.6
6160,286,2023-12-23,4399.7
6161,335,2026-06-21,2399.8
6162,362,2024-10-18,6099.8
6163,404,2024-03-04,499.7
6164,186,2024-08-07,7099.8
6165,66,2026-03-21,5389.4
6166,86,2026-01-04,7399.3
6167,403,2026-03-22,799.9
6168,269,2025-06-20,3179.8
6169,72,2025-06-29,9799.1
6170,295,2023-03-03,449.7
6171,242,2025-07-22,4599.8
6172,27,2023-04-24,5799.3
6173,358,2026-01-07,359.8
6174,72,2024-05-04,2049.7
6175,18,2023-12-30,899.8
6176,290,2025-10-25,6949.6
6177,92,2023-02-24,6459.7
6178,371,2024-05-15,1869.6
6179,411,2024-02-07,4799.7
6180,27,2023-09-11,599.9
6181,52,2025-08-13,599.8
6182,35,2023-12-20,639.7
6183,241,2023-03-21,8699.5
6184,262,2023-03-05,1999.8
6185,112,2026-04-28,3899.8
6186,377,2023-09-20,2609.7
6187,58,2024-01-03,3849.5
6188,198,2026-06-23,6849.3
6189,150,2023-11-30,6099.7
6190,387,2024-09-22,2049.6
6191,159,2026-07-02,949.5
6192,231,2026-01-09,979.8
6193,358,2025-05-05,199.9
6194,411,2023-03-06,6349.4
6195,24,2023-12-07,5579.7
6196,153,2023-07-06,3399.8
6197,89,2023-03-09,7949.6
6198,306,2025-12-05,899.9
6199,241,2023-11-01,2099.7
6200,321,2023-04-03,1799.9
6201,227,2026-03-02,3749.4
6202,1,2024-11-02,5749.4
6203,113,2026-04-17,7799.5
6204,413,2023-10-29,299.9
6205,399,2025-01-16,3599.7
6206,388,2024-12-06,10549.4
6207,288,2025-11-27,2189.5
6208,38,2023-06-10,2699.7
6209,184,2025-08-27,349.9
6210,93,2023-09-12,5349.6
6211,216,2024-01-22,1299.9
6212,116,2023-12-12,1099.8
6213,395,2025-02-07,6149.5
6214,255,2026-01-18,3149.6
6215,17,2025-12-26,4079.5
6216,95,2024-07-04,2549.6
6217,392,2023-10-16,8449.1
6218,278,2024-06-08,3999.8
6219,299,2023-01-22,799.6
6220,264,2026-01-14,2699.5
6221,95,2025-03-01,1449.6
6222,78,2025-02-28,2079.6
6223,123,2023-08-31,5449.3
6224,283,2025-07-14,6599.2
6225,278,2023-01-23,2299.9
6226,382,2024-04-19,1599.8
6227,356,2025-04-04,429.8
6228,406,2025-06-18,849.8
6229,225,2025-09-11,4899.7
6230,329,2025-04-15,1289.6
6231,325,2025-07-23,3599.7
6232,137,2023-02-17,8889.4
6233,264,2025-08-16,1499.6
6234,277,2026-07-31,7299.5
6235,80,2025-09-25,6699.6
6236,314,2026-03-13,6699.5
6237,248,2025-11-04,3549.7
6238,43,2025-11-25,13799.2
6239,311,2023-10-21,12799.5
6240,282,2026-07-24,4799.8
6241,206,2025-12-30,2649.5
6242,404,2024-04-21,5349.7
6243,117,2024-08-27,1499.9
6244,368,2023-12-08,5159.6
6245,1,2025-06-14,5459.5
6246,321,2026-05-28,2709.5
6247,109,2023-06-22,4099.8
6248,260,2025-08-10,259.8
6249,127,2026-02-07,1249.7
6250,44,2024-09-30,1799.9
6251,107,2024-11-10,2549.7
6252,108,2025-04-23,2299.7
6253,323,2026-05-11,6799.7
6254,209,2024-08-15,2449.8
6255,173,2024-12-26,7999.8
6256,227,2024-03-19,1499.9
6257,5,2023-01-25,4699.6
6258,44,2025-07-09,5199.6
6259,130,2025-05-20,6149.7
6260,186,2023-01-11,6899.8
6261,365,2025-10-03,2649.5
6262,298,2023-01-21,5849.3
6263,230,2024-04-26,11749.4
6264,174,2023-04-26,299.9
6265,59,2026-01-06,4099.8
6266,128,2026-06-10,2699.7
6267,258,2025-04-27,1399.9
6268,215,2026-06-22,3199.7
6269,295,2023-08-24,5759.6
6270,90,2025-10-20,449.7
6271,44,2023-01-18,1999.8
6272,383,2023-11-05,1049.7
6273,168,2023-03-09,479.8
6274,273,2023-09-04,4899.7
6275,73,2023-11-23,6099.5
6276,109,2026-02-24,2329.7
6277,262,2024-12-13,4549.7
6278,181,2025-07-31,799.6
6279,168,2026-05-13,1499.9
6280,50,2023-07-13,3759.5
6281,278,2024-01-07,399.8
6282,317,2024-03-29,2099.7
6283,188,2024-12-07,199.9
6284,8,2023-12-22,2549.8
6285,10,2024-03-14,7699.8
6286,409,2026-02-10,6049.7
6287,227,2024-01-21,2599.8
6288,363,2026-05-08,249.9
6289,115,2024-09-24,8599.2
6290,27,2025-04-13,3349.4
6291,117,2024-02-26,3999.6
6292,225,2023-01-19,2899.9
6293,403,2023-08-06,6299.8
6294,57,2025-05-08,6199.8
6295,276,2023-03-30,349.9
6296,381,2025-09-03,1299.8
6297,280,2023-02-11,2499.6
6298,306,2024-05-25,9199.6
6299,256,2026-04-17,4799.7
6300,7,2026-02-06,10999.6
6301,248,2023-09-30,2599.5
6302,384,2024-03-22,349.9
6303,222,2026-06-13,3089.4
6304,255,2023-06-29,6399.5
6305,424,2024-08-12,6749.4
6306,405,2024-05-10,9599.3
6307,162,2023-03-20,3199.7
6308,373,2026-01-29,3099.5
6309,317,2026-06-06,6699.3
6310,97,2026-05-12,7499.8
6311,317,2026-02-08,2499.8
6312,292,2023-02-14,1949.7
6313,44,2026-06-15,4599.7
6314,278,2025-06-24,4699.5
6315,153,2026-06-11,7299.6
6316,32,2023-12-30,4899.7
6317,37,2023-05-29,889.8
6318,211,2025-02-28,7999.8
6319,291,2024-01-13,299.9
6320,112,2025-07-20,3959.7
6321,335,2023-07-01,2699.8
6322,301,2024-05-07,539.7
6323,253,2024-09-06,499.9
6324,379,2025-03-10,2499.8
6325,142,2024-03-25,4599.7
6326,59,2024-07-23,4529.6
6327,75,2024-10-01,2149.8
6328,342,2026-02-19,2799.7
6329,359,2026-06-13,3499.4
6330,274,2024-01-17,4499.7
6331,275,2026-02-26,799.9
6332,77,2023-10-26,2199.9
6333,250,2024-03-06,549.9
6334,272,2025-06-23,3449.7
6335,361,2025-01-30,2099.8
6336,63,2026-01-18,6699.7
6337,370,2024-04-28,6249.5
6338,17,2025-06-11,5389.5
6339,275,2023-02-27,199.9
6340,350,2023-09-21,689.6
6341,188,2024-01-30,4649.5
6342,347,2023-05-19,4799.7
6343,87,2025-02-15,1199.8
6344,147,2024-10-23,7649.3
6345,353,2024-05-22,4499.7
6346,214,2023-08-03,8599.6
6347,384,2024-08-17,6299.8
6348,270,2023-03-14,3899.7
6349,98,2023-12-01,2199.9
6350,161,2023-06-26,2599.9
6351,18,2026-04-12,1179.8
6352,123,2023-04-19,949.8
6353,281,2026-03-27,2169.7
6354,152,2025-07-24,12149.4
6355,82,2023-12-04,3479.8
6356,9,2025-04-29,1599.8
6357,257,2025-12-19,5599.5
6358,159,2023-04-28,5089.0
6359,121,2024-10-13,4899.8
6360,164,2023-01-18,3199.9
6361,388,2023-07-04,5399.5
6362,210,2023-12-22,3379.5
6363,114,2026-01-27,1099.8
6364,149,2024-04-23,4799.4
6365,229,2025-07-12,3499.9
6366,163,2025-06-17,5049.5
6367,183,2023-09-17,6849.0
6368,33,2026-07-19,7049.5
6369,360,2024-01-25,10399.7
6370,156,2023-01-01,6699.8
6371,226,2023-05-14,2699.7
6372,298,2025-10-16,4199.8
6373,120,2023-12-15,4199.7
6374,377,2025-01-26,2599.8
6375,300,2024-03-02,1999.7
6376,423,2023-07-19,1529.6
6377,368,2024-03-29,7249.6
6378,276,2026-05-09,1949.7
6379,393,2023-09-23,699.9
6380,303,2025-07-19,1949.5
6381,217,2025-03-03,1979.8
6382,28,2024-06-29,189.9
6383,288,2025-09-01,2849.6
6384,382,2023-02-28,949.8
6385,57,2025-11-14,3899.4
6386,411,2025-01-19,1799.8
6387,175,2025-04-22,1999.7
6388,183,2025-05-07,1849.7
6389,318,2025-12-13,6149.8
6390,286,2023-02-12,9549.4
6391,334,2023-12-02,5149.2
6392,263,2026-04-10,2059.6
6393,392,2025-05-05,4039.5
6394,129,2023-05-31,1799.9
6395,98,2023-02-11,2099.7
6396,24,2023-05-30,6169.3
6397,235,2026-07-18,399.9
6398,128,2023-06-26,5299.7
6399,212,2024-01-13,2199.7
6400,163,2023-08-16,2349.7
6401,228,2024-02-17,6549.5
6402,240,2025-12-07,4999.5
6403,73,2023-03-15,5049.6
6404,27,2026-03-21,3699.8
6405,42,2024-01-11,4999.6
6406,340,2024-09-05,849.5
6407,64,2023-11-24,199.9
6408,352,2025-02-20,3999.8
6409,106,2024-09-25,3999.8
6410,71,2023-04-20,3699.3
6411,42,2026-05-31,2499.8
6412,90,2024-05-24,4089.7
6413,22,2026-01-28,3799.7
6414,183,2025-02-15,1979.7
6415,381,2025-01-26,6999.8
6416,44,2026-07-05,6289.6
6417,180,2026-01-25,999.8
6418,377,2024-11-27,899.9
6419,164,2023-01-25,4599.7
6420,388,2024-06-06,2199.9
6421,284,2023-11-16,4289.4
6422,25,2024-08-04,3499.6
6423,24,2023-07-04,1299.8
6424,232,2023-03-30,4099.8
6425,72,2024-03-15,1599.9
6426,183,2023-08-09,1979.6
6427,278,2025-07-19,789.7
6428,125,2026-05-01,1199.8
6429,201,2023-06-07,399.9
6430,170,2023-11-02,3459.4
6431,100,2026-07-15,199.9
6432,198,2025-04-09,5499.7
6433,239,2024-06-27,2599.4
6434,108,2024-12-30,5149.6
6435,99,2025-04-26,549.9
6436,51,2023-05-17,6849.7
6437,350,2024-01-06,449.7
6438,64,2024-10-10,2699.8
6439,10,2023-08-02,6099.4
6440,371,2024-06-14,2799.6
6441,197,2023-09-16,2589.6
6442,75,2024-06-29,3499.5
6443,126,2024-03-13,5499.8
6444,92,2024-07-14,5099.5
6445,78,2023-05-01,4299.9
6446,162,2024-10-28,1599.7
6447,27,2023-12-31,5589.5
6448,319,2024-03-05,4449.7
6449,414,2025-08-15,1799.9
6450,374,2023-11-08,2849.6
6451,319,2024-02-25,6519.2
6452,64,2026-03-07,5949.4
6453,106,2025-11-25,5399.5
6454,45,2024-01-17,3559.6
6455,49,2023-11-14,3559.3
6456,392,2024-11-08,4599.6
6457,14,2024-11-01,6799.7
6458,98,2024-05-30,1499.7
6459,32,2024-10-23,1499.8
6460,159,2023-02-27,3399.4
6461,37,2025-05-02,649.8
6462,242,2026-06-14,659.8
6463,318,2024-11-29,2899.9
6464,17,2025-10-09,799.9
6465,417,2023-09-17,2779.5
6466,236,2026-06-04,5339.5
6467,97,2025-04-13,849.8
6468,387,2025-11-27,1799.9
6469,181,2024-04-16,15899.3
6470,383,2023-03-09,2079.8
6471,59,2024-02-21,6199.3
6472,45,2026-05-02,3499.9
6473,231,2024-07-23,2079.8
6474,105,2025-01-28,549.9
6475,17,2024-09-05,2499.8
6476,97,2024-10-21,10099.7
6477,78,2026-01-24,5029.5
6478,182,2024-02-27,659.8
6479,240,2024-04-26,2199.9
6480,407,2026-06-05,13038.8
6481,397,2025-02-25,2799.7
6482,23,2025-12-06,3899.8
6483,309,2024-10-29,4639.6
6484,325,2023-05-05,1499.9
6485,360,2025-03-13,2199.9
6486,235,2024-12-02,6489.7
6487,236,2023-06-15,2599.6
6488,276,2023-08-04,6999.0
6489,303,2024-12-03,6599.7
6490,33,2023-05-19,3499.8
6491,417,2025-01-27,899.9
6492,310,2024-11-17,3499.9
6493,239,2024-04-15,8349.4
6494,305,2026-06-05,549.9
6495,220,2024-09-01,189.9
6496,290,2023-04-21,189.9
6497,247,2024-01-18,179.8
6498,25,2025-05-06,11269.3
6499,34,2023-06-21,2999.8
6500,306,2024-10-17,3449.5
6501,346,2025-04-26,3749.6
6502,158,2024-02-09,3499.9
6503,104,2024-08-07,2799.8
6504,251,2023-10-23,4239.7
6505,198,2024-01-23,1249.8
6506,17,2026-04-04,4899.6
6507,316,2025-07-19,1269.3
6508,125,2023-08-29,8699.6
6509,35,2025-02-09,2659.6
6510,326,2023-05-22,6399.7
6511,99,2024-12-18,739.7
6512,138,2024-06-24,4499.9
6513,340,2025-10-07,6549.3
6514,234,2025-04-11,1679.8
6515,106,2024-03-04,1399.7
6516,303,2025-11-06,3099.8
6517,107,2024-02-04,3799.8
6518,388,2023-01-05,3699.5
6519,13,2023-03-09,6059.3
6520,349,2024-05-21,6029.6
6521,374,2026-03-19,1399.8
6522,178,2024-02-14,599.9
6523,82,2023-08-26,1499.7
6524,338,2025-02-19,1499.9
6525,203,2023-07-26,2599.7
6526,334,2024-11-11,1799.5
6527,54,2024-01-01,869.6
6528,23,2023-12-28,7499.7
6529,264,2024-05-05,2349.6
6530,127,2023-08-08,1599.8
6531,207,2024-07-29,5039.5
6532,373,2023-08-17,4599.8
6533,313,2026-07-18,3549.7
6534,353,2023-05-28,2099.7
6535,265,2025-12-16,3399.8
6536,388,2026-01-10,4999.8
6537,368,2024-03-30,7799.7
6538,25,2025-08-11,1499.7
6539,40,2025-03-29,899.7
6540,24,2026-05-04,3099.8
6541,4,2025-06-26,3199.9
6542,283,2024-08-15,3249.7
6543,144,2025-12-19,1799.9
6544,75,2025-05-05,6049.7
6545,206,2026-06-26,2689.3
6546,407,2023-09-14,8699.6
6547,188,2024-08-20,799.9
6548,66,2023-08-06,1889.8
6549,401,2023-04-13,3799.7
6550,91,2025-07-22,999.8
6551,200,2025-02-20,3399.5
6552,175,2024-08-12,699.9
6553,136,2023-06-15,3549.8
6554,268,2025-12-08,4399.8
6555,94,2024-10-12,2639.5
6556,350,2026-03-26,3399.8
6557,89,2023-08-11,3399.8
6558,323,2023-09-03,4549.4
6559,126,2025-04-08,4099.8
6560,306,2026-02-10,5699.7
6561,334,2024-03-15,2139.6
6562,65,2024-07-21,2599.8
6563,208,2025-01-21,899.9
6564,181,2024-05-13,1299.8
6565,328,2023-04-04,4699.5
6566,79,2025-01-13,4149.7
6567,298,2024-01-12,5299.6
6568,34,2025-09-13,3499.9
6569,53,2024-01-13,589.7
6570,412,2025-02-08,2499.8
6571,37,2024-09-29,1999.8
6572,336,2025-01-13,2049.8
6573,61,2024-05-03,299.8
6574,81,2025-04-29,189.9
6575,126,2024-03-20,399.9
6576,298,2023-04-10,3559.4
6577,78,2026-03-30,5049.7
6578,82,2025-05-09,8229.2
6579,380,2024-06-24,799.9
6580,70,2026-02-03,179.9
6581,22,2025-05-25,2199.9
6582,170,2025-05-07,249.9
6583,379,2023-07-06,1989.8
6584,322,2025-01-10,6099.8
6585,260,2023-06-07,4999.8
6586,137,2024-09-01,3899.6
6587,173,2024-11-27,4599.4
6588,64,2025-02-07,4499.8
6589,201,2026-06-27,3499.9
6590,96,2023-11-19,5199.5
6591,37,2025-11-21,2499.7
6592,139,2024-07-01,3249.6
6593,375,2023-10-13,2199.9
6594,410,2023-07-04,5899.9
6595,404,2025-07-21,4499.9
6596,63,2025-12-23,2159.5
6597,28,2026-02-21,1799.9
6598,28,2026-04-29,7699.4
6599,352,2024-12-29,229.9
6600,22,2023-06-19,2599.7
6601,140,2025-07-26,1799.9
6602,136,2024-01-01,1499.9
6603,77,2024-12-19,1189.6
6604,107,2023-06-02,3499.7
6605,383,2024-10-01,2449.7
6606,398,2023-01-31,1349.7
6607,356,2024-11-07,6199.2
6608,40,2024-07-04,6599.7
6609,83,2023-06-02,2199.8
6610,411,2026-05-23,3599.8
6611,95,2025-09-15,7959.0
6612,406,2025-11-03,899.9
6613,181,2023-09-05,3499.9
6614,214,2026-02-09,7699.4
6615,349,2023-01-21,1649.8
6616,297,2024-02-10,2049.8
6617,323,2026-07-20,3439.6
6618,234,2024-02-16,1449.7
6619,68,2024-02-21,1899.9
6620,32,2026-07-10,3629.8
6621,149,2023-02-25,2919.3
6622,359,2024-12-21,179.9
6623,331,2025-06-12,5699.6
6624,237,2023-02-08,1799.9
6625,364,2023-06-20,2939.5
6626,410,2025-12-06,7499.8
6627,374,2024-07-01,2049.8
6628,424,2024-11-18,1779.7
6629,421,2023-05-12,3899.6
6630,337,2024-09-02,6799.8
6631,292,2023-02-13,4439.6
6632,72,2024-10-28,3229.6
6633,155,2025-08-16,6739.6
6634,370,2024-07-05,2949.8
6635,249,2023-09-23,2199.7
6636,337,2025-02-28,999.8
6637,245,2025-04-15,2599.6
6638,238,2025-07-24,1639.5
6639,189,2023-03-03,1949.8
6640,151,2025-02-16,3199.5
6641,151,2026-04-15,5699.8
6642,15,2024-04-17,7999.5
6643,311,2026-03-22,999.8
6644,10,2024-02-09,5559.6
6645,19,2023-05-27,2699.8
6646,211,2025-06-09,1359.7
6647,280,2023-08-31,2649.6
6648,410,2023-10-06,2899.7
6649,251,2023-11-23,2069.4
6650,416,2024-10-22,3449.6
6651,244,2025-05-15,3999.7
6652,261,2023-05-27,1849.6
6653,88,2025-02-02,3199.7
6654,52,2024-04-21,3129.3
6655,77,2025-07-04,8599.6
6656,418,2024-07-27,1799.2
6657,186,2026-01-09,6039.5
6658,296,2025-06-24,8099.6
6659,379,2023-10-15,9699.5
6660,268,2024-09-30,1499.9
6661,243,2026-02-22,1189.6
6662,277,2024-04-03,5199.6
6663,203,2025-06-20,5149.2
6664,314,2024-09-15,2899.9
6665,383,2026-03-30,3449.7
6666,158,2025-04-07,199.9
6667,337,2024-07-23,349.9
6668,265,2023-05-25,5249.4
6669,54,2023-02-22,2499.7
6670,359,2026-05-18,1749.6
6671,93,2026-07-02,7799.2
6672,303,2024-09-17,7849.5
6673,404,2023-04-15,2399.7
6674,380,2025-04-18,1599.8
6675,261,2025-05-14,2349.8
6676,217,2025-10-16,1599.8
6677,161,2025-06-05,149.9
6678,353,2023-10-15,899.9
6679,62,2024-09-28,3299.8
6680,56,2025-08-04,6399.6
6681,385,2025-06-21,3099.5
6682,374,2026-06-17,1199.8
6683,410,2024-07-20,589.8
6684,57,2025-12-11,449.7
6685,67,2023-03-21,549.9
6686,202,2026-02-06,2199.8
6687,260,2023-12-19,4499.9
6688,395,2024-02-05,4799.7
6689,302,2024-07-16,2399.7
6690,15,2024-01-03,229.9
6691,98,2025-05-09,2129.8
6692,396,2024-02-11,189.9
6693,298,2025-07-29,3199.9
6694,161,2025-06-02,4679.7
6695,105,2024-03-14,8599.2
6696,25,2026-07-08,5189.4
6697,174,2026-04-09,6799.8
6698,396,2023-11-28,6638.9
6699,227,2023-12-19,2349.5
6700,52,2025-05-17,3959.7
6701,227,2025-08-17,4299.9
6702,72,2023-04-27,989.7
6703,158,2025-04-28,3299.7
6704,216,2025-12-24,4249.5
6705,51,2026-07-30,1499.9
6706,269,2025-07-10,3799.5
6707,169,2025-06-30,4479.4
6708,260,2023-01-10,4199.7
6709,47,2025-10-03,259.8
6710,201,2026-04-13,5999.7
6711,11,2025-10-02,269.7
6712,233,2025-08-28,3029.8
6713,3,2023-10-09,5589.6
6714,241,2023-02-04,2249.7
6715,15,2024-02-04,4299.9
6716,73,2026-06-15,2599.6
6717,376,2025-06-06,459.7
6718,232,2025-08-01,7999.6
6719,44,2024-04-18,5099.8
6720,411,2025-08-03,3299.8
6721,47,2025-08-17,299.9
6722,68,2023-08-12,4399.6
6723,33,2023-08-09,3049.5
6724,313,2023-07-07,2999.4
6725,338,2025-04-09,849.8
6726,294,2026-03-25,1299.8
6727,381,2025-01-10,3349.8
6728,295,2024-10-09,7699.6
6729,240,2024-01-17,2949.7
6730,278,2025-09-26,9599.7
6731,109,2023-06-16,5289.5
6732,264,2025-04-28,2999.6
6733,395,2025-12-24,899.8
6734,332,2023-12-05,3899.6
6735,270,2024-02-06,6949.6
6736,40,2024-02-24,3699.7
6737,103,2026-06-06,3099.7
6738,269,2023-11-22,1049.8
6739,58,2026-01-10,1799.9
6740,232,2024-04-13,3499.9
6741,423,2025-03-20,4199.7
6742,297,2023-09-30,2699.8
6743,297,2026-06-06,3499.9
6744,43,2026-07-21,1399.6
6745,101,2026-03-05,6299.8
6746,7,2025-03-15,1499.7
6747,68,2026-07-26,1499.9
6748,28,2023-04-07,1499.9
6749,385,2024-05-31,3889.6
6750,356,2025-09-13,3699.5
6751,82,2023-11-15,5849.7
6752,423,2025-04-03,3199.6
6753,120,2025-12-24,6629.4
6754,416,2025-07-19,7349.5
6755,258,2025-04-14,399.9
6756,212,2023-11-12,269.7
6757,359,2026-05-03,3009.6
6758,75,2023-12-01,199.9
6759,200,2024-03-20,989.7
6760,369,2024-11-04,5399.3
6761,360,2026-06-20,4499.7
6762,28,2024-08-06,6289.5
6763,282,2024-10-15,7799.8
6764,19,2025-09-09,2379.6
6765,65,2024-06-17,999.8
6766,107,2023-10-08,2489.5
6767,291,2024-03-14,389.7
6768,156,2026-03-26,349.9
6769,27,2023-05-09,3689.8
6770,118,2023-04-24,1159.7
6771,204,2024-04-15,1799.9
6772,409,2025-12-16,989.8
6773,243,2023-07-30,6399.6
6774,161,2025-03-09,939.5
6775,172,2024-12-20,2049.8
6776,360,2023-05-19,1199.8
6777,326,2026-07-06,6259.4
6778,260,2024-06-14,1799.9
6779,235,2023-04-15,4079.7
6780,208,2023-07-26,4139.5
6781,324,2023-04-07,2899.9
6782,96,2025-08-16,8899.6
6783,219,2023-02-18,1499.7
6784,193,2025-04-04,1599.9
6785,413,2026-06-28,2899.5
6786,236,2023-10-08,5399.5
6787,282,2026-02-04,1639.5
6788,121,2024-09-27,4799.7
6789,417,2025-03-30,6299.5
6790,8,2024-11-18,4199.5
6791,21,2024-12-23,7849.5
6792,345,2025-09-12,6099.8
6793,149,2025-01-13,699.9
6794,38,2026-07-18,1799.7
6795,131,2023-03-19,2199.8
6796,273,2026-07-10,3499.9
6797,365,2026-01-27,989.7
6798,261,2023-11-06,4049.8
6799,73,2025-01-27,2149.7
6800,276,2024-11-18,7699.8
6801,61,2025-07-01,89.9
6802,309,2024-12-29,2399.7
6803,218,2023-04-16,2899.8
6804,176,2024-04-06,2389.8
6805,226,2025-09-25,4799.8
6806,206,2024-12-24,3309.6
6807,124,2024-06-06,1569.4
6808,226,2024-02-22,7399.5
6809,150,2023-02-16,1699.7
6810,95,2025-03-01,2299.8
6811,195,2023-05-11,609.5
6812,286,2025-05-16,3749.8
6813,90,2025-01-16,699.9
6814,20,2025-06-27,3999.7
6815,359,2024-12-04,3649.7
6816,165,2023-08-14,1499.7
6817,8,2023-09-05,2729.5
6818,369,2026-07-07,3999.5
6819,262,2024-06-12,2899.9
6820,222,2023-09-27,8549.7
6821,386,2025-03-27,599.8
6822,278,2026-07-04,2199.6
6823,12,2023-09-21,7899.7
6824,399,2025-10-03,3399.8
6825,120,2025-03-19,4099.7
6826,108,2026-03-03,2399.8
6827,343,2023-11-08,5099.5
6828,236,2025-04-26,299.8
6829,167,2025-07-07,849.8
6830,67,2024-04-21,1049.7
6831,177,2023-11-05,2329.7
6832,169,2024-06-19,849.6
6833,242,2026-04-09,199.9
6834,361,2026-05-04,3799.8
6835,321,2023-10-24,2899.7
6836,98,2025-10-14,1299.9
6837,126,2023-08-31,3149.6
6838,44,2024-01-20,559.7
6839,191,2025-10-29,5489.5
6840,239,2025-11-21,5949.6
6841,371,2024-04-22,559.7
6842,172,2023-12-07,4799.8
6843,92,2024-06-04,599.9
6844,325,2024-03-15,2549.7
6845,136,2023-03-20,6599.5
6846,216,2026-03-24,4899.6
6847,201,2026-05-22,10099.3
6848,95,2026-07-04,10199.3
6849,394,2024-06-09,5299.8
6850,364,2024-08-22,7999.7
6851,137,2026-03-31,7399.3
6852,121,2023-04-21,1799.9
6853,22,2024-02-20,5899.9
6854,397,2026-04-10,5599.5
6855,356,2024-12-22,3029.6
6856,314,2025-01-22,6099.7
6857,296,2023-11-29,6049.3
6858,401,2026-04-01,4299.7
6859,148,2025-12-20,4199.6
6860,58,2023-04-28,2899.9
6861,146,2024-02-03,1799.9
6862,328,2025-10-27,1789.8
6863,267,2023-06-09,1199.8
6864,422,2025-01-07,4299.5
6865,131,2023-11-26,2799.7
6866,90,2024-04-07,899.9
6867,386,2023-11-27,10099.3
6868,103,2025-06-07,1149.5
6869,158,2025-06-29,6399.8
6870,62,2023-07-13,1799.7
6871,387,2023-04-23,2029.7
6872,344,2023-01-18,2049.7
6873,251,2024-03-18,5799.4
6874,235,2025-01-06,399.9
6875,386,2025-11-24,399.8
6876,22,2026-05-28,2379.7
6877,119,2024-09-28,2899.6
6878,94,2025-03-16,269.7
6879,44,2024-05-06,2349.7
6880,143,2024-05-24,299.8
6881,391,2025-09-17,199.9
6882,325,2024-01-02,699.6
6883,149,2025-12-24,3599.8
6884,171,2023-06-07,7729.3
6885,332,2025-04-30,1199.8
6886,87,2026-04-27,1199.8
6887,295,2025-09-27,11199.4
6888,340,2026-03-28,2049.8
6889,305,2025-05-13,2819.5
6890,53,2024-10-11,3499.7
6891,164,2025-04-21,5299.6
6892,292,2025-10-09,5299.6
6893,144,2024-07-30,8899.6
6894,10,2025-09-27,2899.7
6895,255,2023-04-29,5899.9
6896,139,2024-04-22,2399.7
6897,130,2025-02-16,599.8
6898,357,2024-12-19,349.9
6899,123,2026-06-13,7139.3
6900,6,2023-02-10,3789.5
6901,70,2026-01-17,6399.4
6902,166,2025-08-29,4499.9
6903,131,2025-07-28,2899.9
6904,11,2024-09-10,299.8
6905,299,2023-06-26,3299.9
6906,299,2023-06-26,1899.9
6907,132,2025-04-14,1499.9
6908,412,2026-05-27,3799.8
6909,160,2026-06-19,7689.7
6910,103,2023-08-14,659.8
6911,330,2025-04-22,4489.5
6912,10,2023-01-20,2749.7
6913,258,2023-07-27,7259.0
6914,277,2025-08-31,2599.9
6915,391,2026-07-28,7299.7
6916,336,2023-05-04,4199.8
6917,407,2025-06-19,4999.7
6918,205,2023-05-30,7699.6
6919,339,2026-01-15,779.6
6920,141,2025-12-08,9199.7
6921,148,2024-01-09,7589.4
6922,400,2026-02-14,979.7
6923,189,2023-10-18,10199.4
6924,219,2024-01-26,3649.8
6925,387,2023-04-10,6299.6
6926,250,2023-06-20,2939.2
6927,392,2026-04-30,8649.4
6928,106,2023-12-17,4619.3
6929,197,2024-05-13,7699.4
6930,92,2024-09-22,4509.5
6931,56,2024-11-03,1059.4
6932,299,2025-02-24,2899.6
6933,218,2025-08-23,6899.2
6934,310,2024-06-12,1499.9
6935,390,2023-07-03,4989.2
6936,293,2024-04-12,249.9
6937,185,2023-08-30,2399.8
6938,184,2024-08-05,1299.3
6939,251,2026-07-04,1549.6
6940,109,2023-07-09,2399.7
6941,4,2023-03-15,849.8
6942,347,2026-04-29,1799.9
6943,85,2026-01-01,699.8
6944,137,2024-12-29,5549.5
6945,103,2023-09-16,2099.7
6946,395,2024-02-04,6949.7
6947,160,2025-12-01,3179.7
6948,276,2024-11-14,429.8
6949,78,2024-10-02,459.8
6950,263,2025-09-10,5149.7
6951,250,2023-01-06,4349.5
6952,381,2025-09-25,7549.6
6953,80,2025-06-26,5229.7
6954,62,2025-09-02,6099.8
6955,277,2024-05-11,7489.4
6956,308,2023-12-20,1799.9
6957,29,2023-11-05,869.5
6958,105,2024-12-14,4199.8
6959,269,2025-01-29,5399.7
6960,370,2024-04-25,3249.5
6961,365,2026-03-15,2899.9
6962,19,2026-07-30,599.9
6963,89,2025-12-16,4299.9
6964,265,2024-10-05,1499.9
6965,369,2024-05-30,4149.6
6966,187,2025-03-05,6099.8
6967,88,2024-05-31,9399.8
6968,405,2025-01-14,8499.6
6969,317,2023-09-12,1199.7
6970,313,2024-10-13,5399.8
6971,226,2026-04-09,129.9
6972,91,2025-02-16,2589.7
6973,206,2024-04-19,7879.3
6974,189,2024-03-22,4899.7
6975,350,2023-09-24,3699.8
6976,135,2023-08-31,3399.8
6977,258,2023-01-11,1799.9
6978,297,2023-10-04,799.9
6979,407,2024-07-16,2629.7
6980,254,2026-03-26,2049.8
6981,297,2024-02-26,1499.9
6982,14,2024-10-05,739.7
6983,78,2026-01-12,6189.1
6984,412,2024-10-08,3249.6
6985,180,2025-11-11,1849.5
6986,305,2025-10-15,5899.9
6987,9,2025-11-07,1689.4
6988,129,2023-03-04,7599.7
6989,22,2023-08-02,1599.8
6990,208,2025-12-06,2049.8
6991,204,2023-01-29,14099.6
6992,177,2025-06-27,3249.6
6993,194,2025-11-26,1499.7
6994,56,2023-07-21,2489.7
6995,7,2025-06-15,4249.6
6996,128,2024-01-21,189.9
6997,391,2025-12-10,7999.7
6998,288,2024-12-30,3449.6
6999,38,2026-05-29,3389.7
7000,230,2024-12-15,1789.6
7001,251,2024-04-10,2899.9
7002,399,2026-01-30,7599.8
7003,5,2026-01-15,3699.8
7004,194,2024-01-21,5599.6
7005,132,2025-08-25,2749.8
7006,178,2025-11-06,1599.7
7007,165,2025-11-19,1499.9
7008,73,2025-01-09,3529.8
7009,289,2023-02-08,1039.7
7010,365,2023-07-26,2599.9
7011,194,2023-05-19,1649.8
7012,333,2023-02-09,2499.8
7013,86,2024-12-16,1599.8
7014,176,2025-03-04,3499.9
7015,316,2023-04-01,4999.3
7016,378,2026-02-24,1799.8
7017,231,2023-10-15,2369.5
7018,198,2023-09-27,1099.8
7019,71,2024-04-28,3799.8
7020,340,2025-04-20,1299.9
7021,419,2024-05-11,249.9
7022,42,2026-04-28,2129.7
7023,356,2026-05-07,329.9
7024,265,2026-06-18,4189.6
7025,397,2024-11-10,10199.7
7026,403,2024-03-12,249.9
7027,423,2024-12-01,3999.6
7028,39,2023-11-11,599.9
7029,32,2026-06-10,999.7
7030,232,2024-01-03,3319.4
7031,231,2025-11-09,5699.8
7032,292,2025-11-01,2249.7
7033,351,2026-01-24,3899.7
7034,109,2023-08-14,429.8
7035,88,2023-08-08,3989.4
7036,68,2025-07-31,1349.7
7037,325,2025-12-02,3399.8
7038,212,2024-12-09,1329.7
7039,191,2023-05-11,1049.8
7040,395,2023-02-12,2049.8
7041,288,2024-02-14,1399.8
7042,340,2026-02-27,1069.6
7043,303,2023-08-17,2199.8
7044,7,2026-04-21,3249.8
7045,392,2023-01-13,3729.8
7046,397,2024-09-13,2599.9
7047,404,2023-01-15,2399.5
7048,374,2026-05-16,4489.8
7049,129,2024-10-21,2249.6
7050,253,2026-04-21,2249.6
7051,12,2025-01-27,489.8
7052,184,2025-03-05,2649.7
7053,366,2023-12-10,8179.2
7054,152,2023-10-04,4679.6
7055,150,2024-10-01,11099.6
7056,214,2025-12-08,5899.9
7057,390,2024-10-13,5499.7
7058,365,2024-05-27,739.8
7059,370,2023-11-10,7189.3
7060,184,2023-06-03,12599.4
7061,318,2023-11-09,3499.9
7062,108,2023-07-25,3399.4
7063,181,2025-10-30,5299.7
7064,22,2023-08-27,2199.9
7065,132,2024-08-19,399.9
7066,191,2025-10-04,3499.9
7067,83,2026-05-09,5699.2
7068,153,2024-05-17,10399.6
7069,275,2024-01-16,3299.9
7070,352,2025-01-15,2249.6
7071,327,2024-10-13,779.8
7072,315,2024-08-08,2689.3
7073,417,2023-11-30,3499.8
7074,201,2025-07-02,4579.3
7075,377,2026-03-12,9849.1
7076,122,2024-07-06,1449.6
7077,113,2024-09-22,2399.8
7078,388,2026-05-14,3129.7
7079,167,2026-03-14,299.9
7080,39,2024-03-13,6599.3
7081,405,2023-08-09,589.8
7082,373,2023-02-23,6459.3
7083,252,2026-02-02,2199.6
7084,357,2025-08-10,7599.5
7085,95,2026-05-30,8199.4
7086,215,2026-06-06,7949.5
7087,379,2023-01-09,6549.6
7088,368,2024-10-08,4049.4
7089,164,2026-01-19,389.8
7090,414,2023-05-21,2989.8
7091,114,2026-02-11,1979.8
7092,342,2026-03-06,899.9
7093,358,2024-07-16,2799.6
7094,229,2025-07-31,7149.6
7095,24,2025-11-22,2199.8
7096,106,2023-04-18,649.9
7097,173,2025-04-22,3199.9
7098,201,2023-07-05,999.8
7099,67,2023-01-23,3099.6
7100,216,2024-10-28,2099.7
7101,218,2024-06-09,2829.8
7102,406,2024-07-13,5899.6
7103,336,2025-10-11,2379.4
7104,152,2023-03-17,249.9
7105,301,2026-07-02,5399.7
7106,175,2024-04-07,2339.3
7107,65,2024-10-11,1299.7
7108,149,2024-06-02,989.7
7109,22,2024-12-03,2799.7
7110,261,2024-11-30,2549.8
7111,306,2023-12-17,5249.7
7112,376,2025-08-10,5789.6
7113,131,2025-02-14,399.9
7114,359,2023-02-19,8169.2
7115,412,2023-02-17,4399.7
7116,105,2023-05-05,1999.8
7117,406,2024-01-23,2379.3
7118,191,2023-12-01,1899.7
7119,363,2023-01-30,12599.6
7120,318,2026-05-27,2649.4
7121,16,2025-01-26,1799.6
7122,95,2023-06-22,999.8
7123,233,2024-07-30,749.8
7124,81,2024-12-07,7849.4
7125,187,2023-06-12,3899.7
7126,115,2026-03-30,5699.5
7127,135,2023-06-24,6899.7
7128,293,2025-12-16,1999.7
7129,383,2024-10-24,7999.6
7130,356,2026-01-28,3999.8
7131,285,2025-10-21,5099.3
7132,337,2023-08-03,4599.5
7133,201,2025-04-21,2199.8
7134,327,2025-07-23,2899.8
7135,52,2024-04-24,8849.5
7136,168,2023-01-31,4549.7
7137,285,2024-02-09,1399.9
7138,222,2024-11-25,2799.8
7139,358,2025-03-19,1749.8
7140,202,2024-06-13,9599.6
7141,54,2023-01-30,3999.5
7142,151,2026-06-22,329.9
7143,216,2025-04-01,1409.5
7144,17,2026-05-31,649.8
7145,173,2026-01-31,5399.6
7146,394,2026-05-20,3249.8
7147,104,2023-07-08,3749.6
7148,332,2026-01-13,1199.7
7149,255,2024-10-03,1799.8
7150,116,2024-03-15,5099.8
7151,144,2025-06-07,6799.3
7152,84,2026-07-01,8299.7
7153,384,2024-02-29,6099.7
7154,243,2023-12-30,3149.5
7155,84,2026-02-08,899.9
7156,27,2026-01-31,8749.2
7157,241,2026-01-20,10849.4
7158,163,2023-09-01,899.9
7159,195,2024-05-09,3199.9
7160,279,2023-10-23,699.9
7161,221,2025-10-15,1499.9
7162,265,2025-04-17,6659.6
7163,359,2024-12-21,5299.8
7164,265,2025-02-13,1649.4
7165,310,2024-05-29,549.8
7166,72,2023-05-01,9149.1
7167,376,2024-12-04,4249.5
7168,218,2025-07-06,2939.1
7169,292,2023-10-16,3219.3
7170,144,2024-06-06,4999.4
7171,52,2024-03-14,1989.7
7172,28,2024-09-28,3899.8
7173,107,2025-10-24,5539.6
7174,401,2025-12-19,7529.6
7175,225,2023-11-15,1269.6
7176,93,2024-10-02,2699.7
7177,220,2023-08-20,5299.6
7178,391,2024-10-04,5799.8
7179,79,2025-11-26,5899.9
7180,233,2023-04-25,12798.7
7181,255,2026-07-05,5199.6
7182,258,2024-05-03,8999.8
7183,145,2024-12-11,1549.6
7184,4,2024-07-13,799.9
7185,315,2023-09-27,2749.7
7186,320,2023-05-29,939.6
7187,355,2023-02-26,2699.6
7188,156,2024-01-01,1499.9
7189,329,2025-01-23,349.9
7190,372,2025-12-27,899.9
7191,66,2023-01-10,3899.7
7192,183,2023-08-04,349.9
7193,336,2024-07-19,5819.2
7194,30,2026-07-12,4399.8
7195,111,2023-10-22,189.9
7196,24,2024-09-18,1049.8
7197,146,2025-05-15,6499.5
7198,419,2025-09-11,349.9
7199,76,2025-05-09,6099.4
7200,367,2023-09-13,7499.7
7201,38,2025-02-22,1099.8
7202,345,2024-11-18,11799.8
7203,108,2024-10-21,499.9
7204,58,2025-01-23,6899.7
7205,198,2025-02-09,3199.7
7206,108,2024-02-11,999.8
7207,336,2023-04-22,3499.9
7208,213,2025-03-22,7079.5
7209,317,2023-08-03,2149.8
7210,407,2026-01-07,4699.6
7211,247,2026-05-10,6549.2
7212,36,2023-02-04,3689.6
7213,385,2026-04-17,2099.7
7214,95,2023-10-15,3949.4
7215,423,2024-11-02,1499.9
7216,409,2024-02-29,6599.8
7217,135,2026-03-14,5199.2
7218,407,2023-04-11,3179.8
7219,210,2024-06-20,2299.7
7220,117,2025-06-22,6399.2
7221,296,2025-10-03,1899.7
7222,163,2025-08-10,3099.8
7223,222,2025-05-17,4499.3
7224,11,2024-02-01,9219.2
7225,332,2026-06-21,6199.8
7226,422,2023-05-09,3499.9
7227,173,2023-05-30,5199.6
7228,423,2026-05-27,1979.5
7229,59,2024-02-24,2289.8
7230,14,2025-08-01,3049.5
7231,33,2026-01-19,439.8
7232,90,2026-07-21,7599.5
7233,231,2023-11-29,2449.8
7234,99,2024-09-10,2899.5
7235,230,2024-01-29,6349.5
7236,52,2025-01-07,5449.7
7237,378,2023-10-23,1049.7
7238,144,2026-03-12,2249.7
7239,59,2026-01-07,2529.5
7240,122,2024-06-14,3499.9
7241,59,2025-02-24,5899.9
7242,51,2025-03-24,5699.6
7243,378,2025-05-15,3199.7
7244,162,2025-06-18,3359.5
7245,170,2023-11-04,1619.5
7246,152,2026-03-25,7049.6
7247,41,2026-05-30,2949.8
7248,71,2023-01-27,1929.7
7249,181,2025-05-17,5749.7
7250,403,2023-05-26,729.7
7251,206,2024-02-28,199.9
7252,325,2025-03-03,799.9
7253,258,2025-04-20,1799.6
7254,56,2024-01-08,1579.6
7255,233,2025-08-22,5689.3
7256,177,2025-04-19,7699.7
7257,238,2023-09-07,1499.8
7258,172,2024-04-06,899.9
7259,140,2025-12-27,1689.6
7260,189,2025-02-22,299.9
7261,312,2024-03-08,2699.7
7262,175,2023-04-29,1899.8
7263,391,2024-12-08,699.9
7264,274,2026-04-12,1749.5
7265,32,2023-04-22,2029.7
7266,9,2026-04-03,2699.6
7267,223,2025-05-15,8449.6
7268,354,2023-09-14,4299.9
7269,173,2025-08-15,2199.9
7270,227,2025-01-05,3899.8
7271,97,2023-08-21,9989.4
7272,240,2023-07-05,4599.5
7273,238,2024-08-17,3799.8
7274,214,2024-02-25,1499.9
7275,167,2023-06-10,269.7
7276,249,2024-10-05,2599.6
7277,156,2024-02-03,7399.8
7278,44,2025-07-13,4899.7
7279,305,2026-03-06,3599.8
7280,77,2025-03-21,2799.8
7281,41,2023-04-18,4429.4
7282,377,2024-02-06,6819.6
7283,385,2025-11-07,3709.6
7284,178,2025-06-17,5599.5
7285,337,2026-03-04,3499.6
7286,75,2025-10-13,1759.7
7287,334,2026-05-07,6089.0
7288,58,2023-04-22,4239.5
7289,156,2025-08-06,5299.5
7290,150,2025-06-26,1499.9
7291,272,2024-03-31,3049.7
7292,290,2026-07-25,2149.8
7293,100,2024-03-29,2099.7
7294,50,2026-05-11,7199.7
7295,202,2025-03-10,799.8
7296,257,2026-04-19,649.8
7297,138,2025-08-14,249.9
7298,191,2025-02-25,999.9
7299,77,2023-03-01,799.9
7300,239,2023-01-05,6099.6
7301,135,2024-02-24,2249.8
7302,53,2025-10-07,2199.8
7303,56,2023-07-23,249.9
7304,276,2024-01-13,1499.9
7305,375,2025-10-31,1499.9
7306,283,2024-10-08,899.9
7307,259,2026-02-25,8199.3
7308,345,2023-02-23,799.8
7309,405,2024-04-11,339.8
7310,131,2024-09-16,2899.7
7311,154,2026-06-01,4199.4
7312,58,2025-01-24,1689.6
7313,157,2023-07-21,2889.5
7314,127,2024-05-12,899.9
7315,48,2025-07-31,8399.6
7316,112,2025-09-11,3299.9
7317,288,2023-05-12,6499.5
7318,127,2023-05-28,4849.7
7319,8,2024-12-05,6279.2
7320,247,2023-06-16,949.8
7321,78,2025-11-22,1919.4
7322,317,2026-05-26,2199.9
7323,191,2025-03-11,2899.7
7324,258,2025-06-09,5199.6
7325,21,2025-02-08,6759.2
7326,325,2023-09-28,2029.6
7327,130,2024-03-16,9999.4
7328,222,2024-03-14,8799.8
7329,192,2023-09-18,5209.5
7330,187,2025-12-11,1099.8
7331,42,2026-06-12,8599.6
7332,295,2025-09-19,11399.5
7333,10,2026-05-01,3999.8
7334,346,2024-02-24,3889.7
7335,296,2024-06-23,7899.6
7336,101,2024-10-25,459.8
7337,367,2025-01-14,349.9
7338,261,2024-09-04,6399.6
7339,400,2023-11-04,3899.6
7340,197,2023-12-05,4099.8
7341,31,2026-07-25,6799.4
7342,367,2023-04-13,2899.9
7343,93,2024-04-05,4199.5
7344,323,2023-09-13,1289.2
7345,392,2023-09-18,5299.8
7346,360,2023-06-04,2899.6
7347,95,2025-02-25,659.8
7348,19,2023-06-19,599.9
7349,305,2024-04-27,7399.8
7350,304,2024-09-30,3499.9
7351,61,2023-03-11,3499.9
7352,146,2025-12-15,11099.7
7353,384,2024-06-10,599.9
7354,61,2023-03-26,6299.6
7355,198,2024-04-23,1849.8
7356,383,2024-04-16,3199.9
7357,376,2026-04-29,249.9
7358,368,2025-08-11,3679.8
7359,320,2024-01-09,6599.3
7360,52,2026-03-18,2899.9
7361,335,2025-08-20,11999.5
7362,389,2023-09-23,1359.7
7363,270,2026-06-14,459.8
7364,336,2025-10-02,599.9
7365,389,2025-04-15,249.9
7366,60,2024-10-28,7199.8
7367,183,2025-09-18,1599.9
7368,76,2025-07-21,2399.7
7369,298,2026-04-13,999.8
7370,50,2026-07-30,3199.9
7371,159,2025-02-03,6099.4
7372,399,2025-01-29,499.9
7373,141,2025-10-25,2129.6
7374,362,2023-07-03,5489.3
7375,86,2026-04-30,3599.8
7376,360,2025-11-19,4599.7
7377,283,2025-09-15,1309.6
7378,254,2024-03-25,5999.4
7379,124,2026-07-04,4819.7
7380,417,2025-10-09,3999.7
7381,251,2026-01-23,4899.7
7382,415,2025-08-19,349.9
7383,261,2025-04-27,3399.6
7384,183,2026-04-16,5949.5
7385,296,2023-12-18,2429.3
7386,417,2024-05-10,4199.8
7387,72,2025-09-22,7589.4
7388,22,2024-03-09,5239.5
7389,259,2026-03-29,18189.2
7390,87,2023-11-21,1499.9
7391,287,2023-08-10,5129.5
7392,388,2024-03-30,5299.8
7393,74,2025-11-10,3549.8
7394,328,2024-09-29,8399.7
7395,87,2023-11-03,2299.8
7396,10,2023-03-12,2399.8
7397,51,2024-10-27,399.9
7398,318,2023-08-16,2099.8
7399,391,2024-10-15,6299.7
7400,391,2023-10-17,3149.7
7401,338,2025-09-11,4049.4
7402,75,2025-02-03,2549.8
7403,215,2026-04-08,2799.8
7404,274,2025-06-19,6149.8
7405,148,2024-03-17,4199.7
7406,62,2023-12-12,7029.7
7407,158,2025-06-07,6829.3
7408,161,2026-05-11,3399.7
7409,300,2024-01-09,7399.5
7410,70,2026-05-02,2399.7
7411,109,2026-05-25,4699.4
7412,107,2023-06-07,9099.7
7413,332,2025-05-11,1349.7
7414,315,2023-02-07,3699.7
7415,243,2024-05-25,6279.6
7416,65,2025-11-13,10799.4
7417,422,2025-05-27,299.9
7418,17,2025-11-07,199.9
7419,165,2025-05-23,3599.8
7420,354,2025-11-29,2029.3
7421,406,2025-04-06,2099.7
7422,246,2025-02-23,459.8
7423,31,2024-01-28,3229.7
7424,317,2025-12-29,4799.4
7425,363,2023-03-24,699.9
7426,295,2024-01-19,2399.3
7427,386,2025-08-18,529.8
7428,133,2023-12-31,4529.7
7429,399,2026-05-26,3799.8
7430,13,2026-01-18,269.7
7431,326,2023-09-18,199.9
7432,25,2023-07-14,4549.7
7433,68,2023-03-09,1499.7
7434,16,2024-10-12,9949.4
7435,243,2023-06-19,1099.8
7436,179,2025-01-05,6999.1
7437,127,2024-10-22,7399.6
7438,363,2023-05-11,6099.6
7439,232,2025-05-09,2449.5
7440,11,2026-05-21,5679.6
7441,393,2025-07-12,1999.7
7442,256,2023-02-14,3299.6
7443,94,2023-01-05,1999.8
7444,194,2024-05-15,3599.5
7445,92,2025-09-24,5099.8
7446,32,2024-09-12,7099.5
7447,150,2026-03-01,329.9
7448,412,2023-05-07,6229.4
7449,266,2024-05-15,5999.5
7450,94,2025-11-17,6049.4
7451,369,2026-07-20,5789.3
7452,407,2023-05-07,899.9
7453,409,2024-03-07,4699.7
7454,317,2023-07-31,1749.7
7455,34,2025-10-24,6099.8
7456,317,2026-07-23,3399.5
7457,409,2023-03-22,12199.0
7458,239,2025-02-06,7849.7
7459,308,2023-11-13,3999.7
7460,10,2025-11-16,1499.8
7461,254,2026-01-14,1849.7
7462,140,2023-05-07,3089.4
7463,216,2024-08-05,349.9
7464,243,2024-05-11,3299.9
7465,142,2023-08-25,5549.5
7466,209,2025-11-11,6279.2
7467,218,2026-07-17,3489.8
7468,332,2025-11-30,1689.6
7469,360,2025-08-30,1999.7
7470,337,2024-07-27,6299.8
7471,258,2025-09-29,599.9
7472,303,2025-12-02,3069.5
7473,234,2024-05-10,3199.6
7474,261,2025-06-08,4609.5
7475,330,2023-03-28,3849.8
7476,381,2026-02-22,5899.9
7477,23,2025-11-21,2509.6
7478,351,2024-05-10,1179.7
7479,68,2023-07-16,2999.7
7480,169,2024-08-19,499.7
7481,108,2025-04-10,3929.7
7482,258,2025-10-07,649.9
7483,401,2023-06-27,4599.7
7484,169,2025-07-20,5499.6
7485,307,2025-09-23,699.9
7486,109,2025-01-05,1449.8
7487,325,2025-08-09,4799.6
7488,62,2023-12-19,4399.8
7489,140,2024-12-20,2599.7
7490,291,2025-02-01,699.9
7491,394,2023-06-07,4399.7
7492,131,2025-03-06,4779.4
7493,157,2025-06-26,3699.7
7494,274,2026-03-26,3399.6
7495,126,2023-07-29,3499.9
7496,256,2025-07-29,4889.3
7497,410,2023-02-18,3449.5
7498,225,2025-08-17,5099.6
7499,20,2024-02-02,2499.7
7500,96,2023-02-13,10499.6
7501,90,2024-01-01,4399.8
7502,336,2025-06-07,2889.5
7503,414,2025-06-27,2899.9
7504,389,2026-04-11,3199.7
7505,165,2025-05-28,2399.8
7506,153,2025-01-07,5799.8
7507,287,2024-10-09,7499.7
7508,220,2023-07-30,5949.6
7509,188,2023-02-18,659.8
7510,218,2023-02-10,1799.7
7511,98,2024-01-21,2549.6
7512,42,2023-04-13,3549.7
7513,93,2023-01-05,3499.6
7514,59,2025-03-28,1499.8
7515,191,2023-11-02,5699.8
7516,304,2024-04-02,3499.9
7517,216,2026-01-28,4749.7
7518,101,2024-08-04,5099.8
7519,170,2026-06-30,89.9
7520,317,2024-05-16,1299.9
7521,409,2024-02-14,1399.7
7522,150,2024-01-09,3599.6
7523,162,2025-10-30,1699.8
7524,91,2025-11-21,3899.7
7525,368,2026-05-25,12699.2
7526,181,2023-05-15,4599.7
7527,43,2023-02-01,3699.7
7528,333,2024-05-21,4699.8
7529,102,2025-12-29,3449.8
7530,45,2025-03-12,4499.4
7531,423,2025-05-31,4899.7
7532,345,2025-01-15,2949.5
7533,417,2023-08-11,6449.8
7534,360,2023-05-31,6299.5
7535,421,2024-10-22,9799.5
7536,237,2024-02-27,5489.5
7537,402,2023-05-17,6999.3
7538,194,2024-12-15,2199.6
7539,52,2025-12-19,3249.5
7540,180,2025-01-25,849.6
7541,95,2023-08-09,189.9
7542,160,2023-12-27,5399.7
7543,117,2024-05-17,1899.9
7544,137,2023-09-13,9799.5
7545,369,2024-04-18,3499.8
7546,414,2023-04-24,5299.7
7547,14,2023-04-14,1999.7
7548,34,2024-03-12,7059.5
7549,334,2025-04-15,3699.8
7550,336,2023-01-09,199.9
7551,21,2024-07-16,1499.9
7552,393,2025-04-14,249.9
7553,261,2025-10-23,4499.7
7554,320,2023-07-28,3049.1
7555,395,2026-05-14,4899.8
7556,330,2023-12-20,7179.6
7557,76,2024-12-25,9499.6
7558,248,2024-10-05,3499.7
7559,25,2026-05-26,9199.7
7560,136,2024-12-13,3779.6
7561,351,2024-12-04,6159.4
7562,214,2023-06-18,1299.9
7563,413,2024-05-31,2899.9
7564,341,2025-03-22,5289.4
7565,414,2025-12-02,3499.9
7566,182,2023-11-14,5899.7
7567,224,2023-04-03,7299.7
7568,368,2025-12-04,2499.7
7569,361,2026-02-08,6649.7
7570,378,2023-04-03,5989.4
7571,138,2024-12-19,3899.5
7572,267,2023-07-09,5199.4
7573,105,2025-05-21,7099.6
7574,199,2025-11-14,8299.3
7575,424,2025-02-16,5529.5
7576,154,2025-06-19,9299.5
7577,140,2023-08-03,5749.6
7578,122,2023-02-19,2079.7
7579,153,2023-10-12,3499.9
7580,235,2024-10-20,1499.9
7581,272,2025-01-25,4099.8
7582,225,2025-07-28,2699.8
7583,402,2025-06-10,7399.8
7584,140,2023-06-10,2959.5
7585,48,2024-05-15,4699.7
7586,21,2026-06-29,4049.7
7587,299,2024-12-31,3699.8
7588,237,2026-01-18,2199.9
7589,378,2025-01-31,899.8
7590,79,2023-01-08,5099.8
7591,319,2024-03-28,1499.9
7592,178,2023-10-23,4499.8
7593,396,2024-04-12,2199.9
7594,204,2024-04-15,4699.8
7595,104,2025-05-23,2999.7
7596,384,2023-02-14,699.9
7597,234,2025-09-05,5069.2
7598,10,2023-01-14,2399.8
7599,322,2025-07-28,2249.7
7600,197,2025-03-25,13279.1
7601,54,2024-09-18,1399.7
7602,203,2024-03-14,1129.5
7603,63,2024-09-02,3499.5
7604,53,2023-07-18,5199.4
7605,116,2025-03-22,4199.7
7606,334,2024-01-16,10699.6
7607,149,2024-06-10,3199.6
7608,28,2025-11-25,5699.3
7609,171,2023-02-23,1599.9
7610,60,2025-03-11,899.8
7611,33,2023-03-24,1399.8
7612,377,2024-01-05,149.9
7613,137,2025-09-23,459.8
7614,297,2024-08-16,6819.0
7615,64,2024-03-18,89.9
7616,36,2025-02-21,269.7
7617,365,2025-03-19,4799.6
7618,312,2024-04-14,899.9
7619,276,2026-06-18,3199.8
7620,92,2023-11-26,3689.5
7621,405,2025-03-26,13359.5
7622,178,2024-03-30,3489.8
7623,117,2023-11-20,199.9
7624,340,2023-09-21,2199.9
7625,413,2025-05-27,6499.7
7626,20,2023-07-09,3749.8
7627,391,2026-06-20,349.9
7628,282,2025-03-23,2439.6
7629,111,2025-07-04,449.8
7630,135,2024-11-05,899.9
7631,66,2026-07-06,1399.8
7632,20,2023-11-22,2629.7
7633,391,2025-03-21,2099.8
7634,362,2026-05-05,2099.7
7635,151,2026-03-07,3979.7
7636,218,2023-04-22,1139.6
7637,87,2026-03-08,4529.6
7638,70,2025-06-11,7199.3
7639,291,2026-03-07,689.7
7640,256,2025-10-17,6449.5
7641,318,2026-01-17,4159.3
7642,347,2025-12-17,6209.4
7643,239,2025-11-02,249.9
7644,129,2023-11-18,6579.4
7645,117,2024-09-16,279.9
7646,406,2023-07-15,1999.7
7647,424,2025-02-11,4529.7
7648,122,2026-02-06,3549.5
7649,46,2025-02-17,199.9
7650,188,2025-04-25,3449.8
7651,371,2024-05-04,7499.7
7652,267,2026-04-15,10499.4
7653,410,2026-02-28,1799.9
7654,122,2023-12-22,2299.8
7655,229,2026-06-20,5499.6
7656,233,2023-04-14,8479.6
7657,219,2024-09-11,2049.8
7658,86,2024-09-24,199.9
7659,214,2024-06-03,4049.8
7660,100,2025-05-01,899.9
7661,321,2024-01-18,3649.6
7662,133,2025-10-05,1699.8
7663,37,2025-01-05,5149.1
7664,39,2023-05-05,5399.8
7665,125,2025-09-09,11499.6
7666,338,2025-08-06,4549.6
7667,133,2025-03-13,1249.8
7668,193,2025-07-24,3799.7
7669,278,2023-11-05,1499.9
7670,307,2023-05-31,2399.8
7671,208,2024-08-01,2199.9
7672,144,2025-02-25,2449.8
7673,128,2023-11-11,349.8
7674,248,2023-09-23,4659.3
7675,381,2024-05-14,1799.9
7676,415,2025-02-18,699.8
7677,355,2024-09-08,9099.4
7678,405,2025-03-17,1399.8
7679,316,2023-08-21,7799.6
7680,56,2023-05-27,5099.8
7681,380,2024-01-08,799.9
7682,92,2023-02-16,5189.6
7683,172,2023-09-16,4099.8
7684,40,2025-10-07,699.8
7685,17,2023-09-28,4849.8
7686,240,2023-10-10,1179.8
7687,325,2024-08-15,4889.4
7688,187,2023-10-19,2899.9
7689,24,2026-05-06,3499.9
7690,386,2023-11-27,3499.9
7691,411,2023-11-19,5899.9
7692,394,2024-12-07,7199.6
7693,331,2026-05-18,9149.3
7694,165,2023-12-27,8799.8
7695,261,2024-03-15,4399.8
7696,12,2023-08-10,5899.9
7697,312,2023-07-03,89.9
7698,105,2025-12-23,2899.9
7699,415,2024-04-29,7699.6
7700,115,2024-08-30,4049.3
7701,326,2025-09-29,6999.7
7702,76,2024-10-25,7699.8
7703,389,2024-05-20,5349.7
7704,281,2025-07-02,5279.3
7705,190,2025-06-28,2599.6
7706,210,2025-02-01,1589.6
7707,57,2024-10-05,1499.7
7708,414,2026-05-21,6099.6
7709,36,2024-08-03,5449.5
7710,217,2023-10-13,6349.5
7711,6,2026-05-14,9099.6
7712,407,2023-10-18,799.9
7713,248,2024-01-18,3299.8
7714,259,2026-06-17,10099.3
7715,164,2023-09-19,3189.6
7716,331,2026-01-19,1989.7
7717,397,2025-05-04,9579.7
7718,272,2024-07-19,6129.3
7719,232,2023-11-09,1479.7
7720,407,2024-09-12,2149.8
7721,84,2024-08-20,1799.9
7722,208,2023-01-25,2299.8
7723,52,2023-05-28,499.9
7724,296,2023-11-04,2599.8
7725,371,2023-12-14,7599.8
7726,189,2024-09-18,5339.3
7727,228,2024-11-21,1849.7
7728,258,2025-05-27,7009.3
7729,4,2023-05-11,1149.8
7730,128,2024-08-27,5199.6
7731,112,2026-07-24,3499.9
7732,188,2023-09-27,8799.8
7733,275,2024-07-25,4799.8
7734,34,2025-11-12,8099.6
7735,191,2025-06-13,349.9
7736,98,2024-07-08,1799.9
7737,408,2024-04-25,5149.3
7738,346,2024-09-17,449.8
7739,62,2025-09-26,6499.3
7740,382,2024-12-20,9839.2
7741,72,2023-03-10,1599.8
7742,128,2023-01-02,7889.5
7743,424,2026-04-12,179.8
7744,343,2023-07-01,3299.6
7745,239,2023-07-26,1219.5
7746,351,2023-07-28,9799.6
7747,193,2025-03-19,5449.5
7748,207,2023-03-25,989.7
7749,117,2023-09-13,3849.8
7750,377,2024-04-12,1829.4
7751,122,2024-05-24,5499.5
7752,378,2024-03-13,2399.7
7753,274,2024-04-14,4599.7
7754,70,2024-12-14,5279.7
7755,180,2024-07-10,9099.4
7756,16,2026-03-16,449.7
7757,260,2024-01-03,2499.5
7758,409,2025-04-27,4199.8
7759,311,2024-01-04,2199.9
7760,399,2023-02-14,4389.6
7761,34,2023-08-19,1519.5
7762,52,2026-03-05,5299.2
7763,264,2024-09-20,5699.5
7764,282,2023-01-14,11749.5
7765,218,2025-04-12,1499.7
7766,22,2023-07-14,899.9
7767,208,2023-05-13,359.8
7768,54,2025-08-08,2199.9
7769,414,2024-08-24,4799.5
7770,309,2024-03-03,2349.8
7771,253,2024-10-06,349.9
7772,285,2024-01-09,4849.4
7773,269,2025-01-03,1999.7
7774,60,2024-09-15,4699.7
7775,162,2026-03-15,6499.6
7776,104,2024-09-03,2599.6
7777,118,2024-03-21,799.8
7778,33,2026-07-04,659.8
7779,148,2025-06-14,2049.5
7780,176,2023-05-09,2649.6
7781,120,2023-12-03,6449.5
7782,415,2023-09-14,5999.7
7783,364,2025-11-05,1199.8
7784,212,2026-04-29,9299.2
7785,241,2025-12-04,1499.7
7786,195,2024-01-20,1899.8
7787,392,2023-08-26,649.6
7788,213,2025-11-23,5899.7
7789,75,2026-06-22,5849.6
7790,313,2025-12-26,5999.5
7791,310,2023-09-11,4599.6
7792,239,2023-07-29,11429.3
7793,323,2023-09-19,249.9
7794,40,2024-03-22,1599.9
7795,236,2025-05-05,5299.6
7796,219,2024-08-10,1499.6
7797,63,2023-07-26,2189.5
7798,333,2025-01-23,2759.6
7799,117,2025-02-05,4399.7
7800,410,2024-02-22,2899.9
7801,335,2024-09-16,1299.9
7802,42,2025-06-02,4199.7
7803,166,2026-07-02,1779.8
7804,102,2023-12-28,1799.9
7805,74,2024-03-07,5299.7
7806,346,2024-06-10,1149.6
7807,294,2023-08-12,6899.7
7808,296,2025-06-24,6499.8
7809,263,2024-11-21,2199.6
7810,243,2024-03-15,5699.8
7811,257,2024-02-27,549.9
7812,60,2025-04-26,3299.9
7813,186,2025-05-13,4099.8
7814,343,2023-08-21,5799.6
7815,120,2024-02-03,299.8
7816,317,2023-06-10,1799.9
7817,189,2024-06-16,2579.8
7818,285,2023-05-19,6399.6
7819,202,2023-09-25,899.9
7820,34,2023-08-18,279.9
7821,80,2023-11-04,2649.6
7822,369,2026-06-16,2749.8
7823,297,2026-06-22,5099.8
7824,60,2025-01-28,2329.8
7825,215,2024-03-04,9049.6
7826,171,2023-10-02,5399.2
7827,32,2026-01-22,799.8
7828,261,2025-05-28,6789.0
7829,134,2024-01-13,1869.4
7830,370,2025-08-30,3299.6
7831,153,2024-01-30,1799.9
7832,272,2026-01-27,6349.2
7833,424,2025-07-19,1989.6
7834,39,2024-05-14,2349.8
7835,62,2023-09-07,2789.4
7836,310,2024-06-28,2149.8
7837,314,2024-04-13,3999.6
7838,16,2023-08-27,1699.8
7839,19,2024-09-26,1349.7
7840,184,2024-10-18,5399.6
7841,316,2023-12-18,9529.5
7842,259,2023-08-19,1599.8
7843,373,2023-05-01,4079.6
7844,148,2023-10-27,3299.4
7845,342,2025-02-12,5149.8
7846,12,2023-03-21,3949.7
7847,12,2025-07-16,649.7
7848,5,2025-10-09,2699.6
7849,217,2024-07-12,3249.5
7850,241,2026-05-27,2899.9
7851,41,2026-03-14,1789.7
7852,360,2023-12-10,5399.5
7853,288,2026-03-19,779.7
7854,179,2023-11-13,549.9
7855,34,2026-02-13,1799.9
7856,323,2024-02-14,1699.4
7857,132,2026-01-05,2379.8
7858,133,2025-11-03,2199.6
7859,137,2026-02-10,4449.7
7860,105,2023-12-04,899.7
7861,364,2024-12-29,3129.8
7862,122,2024-10-04,9399.5
7863,403,2024-06-30,1299.9
7864,133,2025-10-04,3549.8
7865,237,2023-11-20,6149.5
7866,313,2023-09-03,2199.9
7867,102,2026-02-16,2549.8
7868,93,2025-08-16,4499.9
7869,357,2024-08-30,3699.8
7870,129,2025-07-31,3499.8
7871,342,2025-07-25,1899.8
7872,330,2023-05-16,9749.5
7873,391,2026-01-23,4549.4
7874,352,2023-08-09,1999.8
7875,307,2025-04-29,5069.3
7876,354,2023-09-06,4399.5
7877,321,2025-08-14,699.9
7878,137,2024-06-08,599.9
7879,209,2023-03-15,5149.6
7880,124,2023-02-23,6129.3
7881,350,2025-11-05,1299.9
7882,104,2024-01-18,6399.8
7883,328,2025-10-06,2649.6
7884,277,2023-05-29,3799.7
7885,266,2025-10-12,7329.6
7886,100,2024-05-10,5899.9
7887,161,2023-03-17,2599.9
7888,91,2023-04-06,3499.9
7889,27,2026-07-09,4049.7
7890,375,2024-12-25,3499.9
7891,6,2023-11-26,3949.3
7892,190,2023-06-24,3799.7
7893,376,2024-12-02,399.9
7894,166,2024-06-13,3199.7
7895,170,2026-06-21,2219.4
7896,188,2026-05-14,1929.8
7897,226,2023-11-22,1999.7
7898,37,2026-05-04,2899.9
7899,155,2025-01-01,2549.7
7900,215,2025-02-09,7899.6
7901,133,2024-05-04,7399.8
7902,279,2025-01-04,7699.6
7903,381,2024-09-28,3749.8
7904,280,2023-01-26,1899.9
7905,51,2024-03-18,4049.3
7906,80,2023-01-25,2699.8
7907,288,2026-03-14,459.8
7908,21,2023-01-23,5799.8
7909,361,2023-05-15,6999.5
7910,159,2023-12-19,3499.8
7911,326,2025-02-19,849.8
7912,310,2025-03-19,1499.7
7913,250,2025-09-13,1599.6
7914,258,2025-07-01,3999.8
7915,408,2025-04-06,7679.4
7916,177,2026-02-14,4119.4
7917,307,2026-04-06,8729.5
7918,90,2024-09-08,4099.6
7919,35,2026-03-15,4699.8
7920,15,2025-06-12,349.9
7921,5,2026-02-08,2449.8
7922,391,2023-03-07,4299.9
7923,42,2024-02-08,4749.7
7924,370,2023-06-04,2899.9
7925,267,2024-07-22,4299.8
7926,93,2024-06-07,14348.9
7927,205,2023-03-30,1949.6
7928,78,2026-04-25,6699.8
7929,231,2026-05-19,2559.7
7930,22,2024-10-13,1199.7
7931,147,2026-07-14,4699.8
7932,165,2024-01-01,4899.8
7933,111,2026-05-09,16078.7
7934,283,2024-06-08,3699.6
7935,280,2025-10-11,199.9
7936,321,2024-11-06,3899.5
7937,366,2024-07-21,4249.4
7938,162,2024-08-14,13149.3
7939,289,2026-01-06,5199.5
7940,308,2024-03-21,1499.9
7941,269,2026-05-30,7099.7
